/usr/lib/python3/dist-packages/scipy/__init__.py:146: UserWarning: A NumPy version >=1.17.3 and <1.25.0 is required for this version of SciPy (detected version 1.26.4
  warnings.warn(f"A NumPy version >={np_minversion} and <{np_maxversion}"
================================================================================
=== TRACK B PHASE Z BATCH EVALUATION RUNNER (run_trackB_phaseZ_batch.py) ===
================================================================================

--- 1. INGESTION HASH VERIFICATION ---
  Kinematics Hash: a6b7a49dae61476d5be938121633de8894b00b6e54312506630b9481663d1795 (PASSED)
  Defaults Hash:   b6517b1abf96d8660ce6b69fa1c28b601970784fc74509ea5756d212f9e44b97 (PASSED)
  Runner Self Hash:c9d1faacb457d9b84f943841a4e39af91b7335f01fdab7241c1ef7cf1b692edb
  Git Commit SHA:  f3861fc366bfc07ba936c9d8675c3f34aeb75bfa

--- 2. RESOLVED CASE LIST (155 cases) ---
  [ 1/155] 0kitchen_open-the-dishwasher_GT.json (scene: 0kitchen)
  [ 2/155] 0kitchen_open-the-door_GT.json (scene: 0kitchen)
  [ 3/155] 0kitchen_open-the-fridge_GT.json (scene: 0kitchen)
  [ 4/155] 0kitchen_open-the-kitchen-cabinet_3312a095_GT.json (scene: 0kitchen)
  [ 5/155] 0kitchen_open-the-microwave-oven_GT.json (scene: 0kitchen)
  [ 6/155] 0kitchen_open-the-oven_GT.json (scene: 0kitchen)
  [ 7/155] 0kitchen_turn-on-the-exhaust-hood_GT.json (scene: 0kitchen)
  [ 8/155] 0kitchen_use-the-kettle_GT.json (scene: 0kitchen)
  [ 9/155] 0kitchen_i-am-hungry_2_GT.json (scene: 0kitchen)
  [10/155] 0kitchen_i-am-hungry_3312a095_GT.json (scene: 0kitchen)
  [11/155] 0kitchen_i-am-hungry_3_GT.json (scene: 0kitchen)
  [12/155] 0kitchen_i-am-hungry_GT.json (scene: 0kitchen)
  [13/155] 0kitchen_i-need-to-clean-the-dirty-dishes_GT.json (scene: 0kitchen)
  [14/155] 0kitchen_i-want-a-hot-cup-of-tea_GT.json (scene: 0kitchen)
  [15/155] 0kitchen_someone-is-knocking-at-the-door_GT.json (scene: 0kitchen)
  [16/155] 0kitchen_there-is-smoke-in-the-room_GT.json (scene: 0kitchen)
  [17/155] 1bathroom_flush-the-toilet_GT.json (scene: 1bathroom)
  [18/155] 1bathroom_open-the-door_GT.json (scene: 1bathroom)
  [19/155] 1bathroom_use-the-bathroom-sink_GT.json (scene: 1bathroom)
  [20/155] 1bathroom_i-just-used-the-toilet_GT.json (scene: 1bathroom)
  [21/155] 1bathroom_my-hands-are-dirty_GT.json (scene: 1bathroom)
  [22/155] 1bathroom_someone-is-knocking-at-the-door_GT.json (scene: 1bathroom)
  [23/155] 2livingroom_turn-on-the-television_GT.json (scene: 2livingroom)
  [24/155] 2livingroom_i-am-bored_GT.json (scene: 2livingroom)
  [25/155] 3kitchen_adjust-the-radiator-temperature_GT.json (scene: 3kitchen)
  [26/155] 3kitchen_open-the-door_GT.json (scene: 3kitchen)
  [27/155] 3kitchen_open-the-fridge_GT.json (scene: 3kitchen)
  [28/155] 3kitchen_open-the-kitchen-cabinet_26e1c6c1_GT.json (scene: 3kitchen)
  [29/155] 3kitchen_open-the-kitchen-cabinet_cd95a35a_GT.json (scene: 3kitchen)
  [30/155] 3kitchen_open-the-kitchen-cabinet_fa25f213_GT.json (scene: 3kitchen)
  [31/155] 3kitchen_open-the-oven_GT.json (scene: 3kitchen)
  [32/155] 3kitchen_use-the-kettle_GT.json (scene: 3kitchen)
  [33/155] 3kitchen_i-am-hungry_26e1c6c1_GT.json (scene: 3kitchen)
  [34/155] 3kitchen_i-am-hungry_2_GT.json (scene: 3kitchen)
  [35/155] 3kitchen_i-am-hungry_GT.json (scene: 3kitchen)
  [36/155] 3kitchen_i-am-hungry_cd95a35a_GT.json (scene: 3kitchen)
  [37/155] 3kitchen_i-am-hungry_fa25f213_GT.json (scene: 3kitchen)
  [38/155] 3kitchen_i-want-a-hot-cup-of-tea_GT.json (scene: 3kitchen)
  [39/155] 3kitchen_its-too-cold-in-here_GT.json (scene: 3kitchen)
  [40/155] 3kitchen_someone-is-knocking-at-the-door_GT.json (scene: 3kitchen)
  [41/155] 4livingroom_open-the-door_GT.json (scene: 4livingroom)
  [42/155] 4livingroom_open-the-kitchen-cabinet_4a931c41_GT.json (scene: 4livingroom)
  [43/155] 4livingroom_open-the-kitchen-cabinet_5fcbe0c1_GT.json (scene: 4livingroom)
  [44/155] 4livingroom_open-the-kitchen-cabinet_b40e025d_GT.json (scene: 4livingroom)
  [45/155] 4livingroom_open-the-kitchen-cabinet_b9dfc044_GT.json (scene: 4livingroom)
  [46/155] 4livingroom_open-the-oven_GT.json (scene: 4livingroom)
  [47/155] 4livingroom_turn-on-the-television_GT.json (scene: 4livingroom)
  [48/155] 4livingroom_use-the-kettle_GT.json (scene: 4livingroom)
  [49/155] 4livingroom_i-am-bored_GT.json (scene: 4livingroom)
  [50/155] 4livingroom_i-am-hungry_4a931c41_GT.json (scene: 4livingroom)
  [51/155] 4livingroom_i-am-hungry_5fcbe0c1_GT.json (scene: 4livingroom)
  [52/155] 4livingroom_i-am-hungry_GT.json (scene: 4livingroom)
  [53/155] 4livingroom_i-am-hungry_b40e025d_GT.json (scene: 4livingroom)
  [54/155] 4livingroom_i-am-hungry_b9dfc044_GT.json (scene: 4livingroom)
  [55/155] 4livingroom_i-want-a-hot-cup-of-tea_GT.json (scene: 4livingroom)
  [56/155] 4livingroom_someone-is-knocking-at-the-door_GT.json (scene: 4livingroom)
  [57/155] 5kitchen_open-the-door_GT.json (scene: 5kitchen)
  [58/155] 5kitchen_open-the-kitchen-cabinet_552ff359_GT.json (scene: 5kitchen)
  [59/155] 5kitchen_open-the-kitchen-cabinet_bcc11fea_GT.json (scene: 5kitchen)
  [60/155] 5kitchen_open-the-oven_GT.json (scene: 5kitchen)
  [61/155] 5kitchen_open-the-window_GT.json (scene: 5kitchen)
  [62/155] 5kitchen_i-am-hungry_2_GT.json (scene: 5kitchen)
  [63/155] 5kitchen_i-am-hungry_3_GT.json (scene: 5kitchen)
  [64/155] 5kitchen_i-am-hungry_552ff359_GT.json (scene: 5kitchen)
  [65/155] 5kitchen_i-am-hungry_bcc11fea_GT.json (scene: 5kitchen)
  [66/155] 5kitchen_someone-is-knocking-at-the-door_GT.json (scene: 5kitchen)
  [67/155] 5kitchen_there-is-smoke-in-the-room_GT.json (scene: 5kitchen)
  [68/155] 6kitchen_adjust-the-radiator-temperature_GT.json (scene: 6kitchen)
  [69/155] 6kitchen_open-the-cabinet_GT.json (scene: 6kitchen)
  [70/155] 6kitchen_open-the-dishwasher_GT.json (scene: 6kitchen)
  [71/155] 6kitchen_open-the-door_GT.json (scene: 6kitchen)
  [72/155] 6kitchen_open-the-fridge_GT.json (scene: 6kitchen)
  [73/155] 6kitchen_open-the-kitchen-cabinet_200ff035_GT.json (scene: 6kitchen)
  [74/155] 6kitchen_open-the-kitchen-cabinet_42e9cf6d_GT.json (scene: 6kitchen)
  [75/155] 6kitchen_open-the-kitchen-cabinet_927ceae7_GT.json (scene: 6kitchen)
  [76/155] 6kitchen_open-the-kitchen-cabinet_9335a7cb_GT.json (scene: 6kitchen)
  [77/155] 6kitchen_open-the-kitchen-cabinet_bd1e147b_GT.json (scene: 6kitchen)
  [78/155] 6kitchen_open-the-kitchen-cabinet_c5d91ced_GT.json (scene: 6kitchen)
  [79/155] 6kitchen_open-the-kitchen-cabinet_e5429f83_GT.json (scene: 6kitchen)
  [80/155] 6kitchen_open-the-oven_GT.json (scene: 6kitchen)
  [81/155] 6kitchen_i-am-hungry_200ff035_GT.json (scene: 6kitchen)
  [82/155] 6kitchen_i-am-hungry_2_GT.json (scene: 6kitchen)
  [83/155] 6kitchen_i-am-hungry_42e9cf6d_GT.json (scene: 6kitchen)
  [84/155] 6kitchen_i-am-hungry_927ceae7_GT.json (scene: 6kitchen)
  [85/155] 6kitchen_i-am-hungry_9335a7cb_GT.json (scene: 6kitchen)
  [86/155] 6kitchen_i-am-hungry_GT.json (scene: 6kitchen)
  [87/155] 6kitchen_i-am-hungry_bd1e147b_GT.json (scene: 6kitchen)
  [88/155] 6kitchen_i-am-hungry_c5d91ced_GT.json (scene: 6kitchen)
  [89/155] 6kitchen_i-am-hungry_e5429f83_GT.json (scene: 6kitchen)
  [90/155] 6kitchen_i-am-looking-for-storage-items_GT.json (scene: 6kitchen)
  [91/155] 6kitchen_i-need-to-clean-the-dirty-dishes_GT.json (scene: 6kitchen)
  [92/155] 6kitchen_its-too-cold-in-here_GT.json (scene: 6kitchen)
  [93/155] 6kitchen_someone-is-knocking-at-the-door_GT.json (scene: 6kitchen)
  [94/155] 7bedroom_open-the-wardrobe_05be65a1_GT.json (scene: 7bedroom)
  [95/155] 7bedroom_open-the-wardrobe_56946ad4_GT.json (scene: 7bedroom)
  [96/155] 7bedroom_open-the-wardrobe_dd7e47e2_GT.json (scene: 7bedroom)
  [97/155] 7bedroom_i-need-to-pick-an-outfit_05be65a1_GT.json (scene: 7bedroom)
  [98/155] 7bedroom_i-need-to-pick-an-outfit_56946ad4_GT.json (scene: 7bedroom)
  [99/155] 7bedroom_i-need-to-pick-an-outfit_dd7e47e2_GT.json (scene: 7bedroom)
  [100/155] 8bathroom_open-the-door_GT.json (scene: 8bathroom)
  [101/155] 8bathroom_open-the-trashcan_GT.json (scene: 8bathroom)
  [102/155] 8bathroom_use-the-bathroom-sink_GT.json (scene: 8bathroom)
  [103/155] 8bathroom_use-the-bathtub_GT.json (scene: 8bathroom)
  [104/155] 8bathroom_i-need-to-throw-away-trash_GT.json (scene: 8bathroom)
  [105/155] 8bathroom_i-want-to-take-a-hot-bath_GT.json (scene: 8bathroom)
  [106/155] 8bathroom_my-hands-are-dirty_GT.json (scene: 8bathroom)
  [107/155] 8bathroom_someone-is-knocking-at-the-door_GT.json (scene: 8bathroom)
  [108/155] 9bedroom_adjust-the-radiator-temperature_GT.json (scene: 9bedroom)
  [109/155] 9bedroom_open-the-door_GT.json (scene: 9bedroom)
  [110/155] 9bedroom_open-the-dresser-drawer_GT.json (scene: 9bedroom)
  [111/155] 9bedroom_turn-on-the-fan_GT.json (scene: 9bedroom)
  [112/155] 9bedroom_i-need-clean-clothes-from-the-dresser_GT.json (scene: 9bedroom)
  [113/155] 9bedroom_its-too-cold-in-here_GT.json (scene: 9bedroom)
  [114/155] 9bedroom_its-too-hot-in-here_GT.json (scene: 9bedroom)
  [115/155] 9bedroom_someone-is-knocking-at-the-door_GT.json (scene: 9bedroom)
  [116/155] 10kitchen_open-the-fridge_GT.json (scene: 10kitchen)
  [117/155] 10kitchen_open-the-kitchen-cabinet_afb1db89_GT.json (scene: 10kitchen)
  [118/155] 10kitchen_open-the-oven_GT.json (scene: 10kitchen)
  [119/155] 10kitchen_use-the-coffee-maker_GT.json (scene: 10kitchen)
  [120/155] 10kitchen_i-am-hungry_2_GT.json (scene: 10kitchen)
  [121/155] 10kitchen_i-am-hungry_GT.json (scene: 10kitchen)
  [122/155] 10kitchen_i-am-hungry_afb1db89_GT.json (scene: 10kitchen)
  [123/155] 10kitchen_i-am-sleepy_GT.json (scene: 10kitchen)
  [124/155] 11bedroom_open-the-desk-drawer_GT.json (scene: 11bedroom)
  [125/155] 11bedroom_open-the-door_GT.json (scene: 11bedroom)
  [126/155] 11bedroom_open-the-window_GT.json (scene: 11bedroom)
  [127/155] 11bedroom_turn-on-the-lamp_015b3931_GT.json (scene: 11bedroom)
  [128/155] 11bedroom_turn-on-the-lamp_57cb09de_GT.json (scene: 11bedroom)
  [129/155] 11bedroom_turn-on-the-lamp_7c2e7afd_GT.json (scene: 11bedroom)
  [130/155] 11bedroom_i-need-office-supplies-from-my-desk_GT.json (scene: 11bedroom)
  [131/155] 11bedroom_its-dark-in-here_015b3931_GT.json (scene: 11bedroom)
  [132/155] 11bedroom_its-dark-in-here_57cb09de_GT.json (scene: 11bedroom)
  [133/155] 11bedroom_its-dark-in-here_7c2e7afd_GT.json (scene: 11bedroom)
  [134/155] 11bedroom_someone-is-knocking-at-the-door_GT.json (scene: 11bedroom)
  [135/155] 11bedroom_there-is-smoke-in-the-room_GT.json (scene: 11bedroom)
  [136/155] 12kitchen_open-the-door_GT.json (scene: 12kitchen)
  [137/155] 12kitchen_open-the-fridge_GT.json (scene: 12kitchen)
  [138/155] 12kitchen_open-the-kitchen-cabinet_1df7ab42_GT.json (scene: 12kitchen)
  [139/155] 12kitchen_open-the-kitchen-cabinet_8dda16d0_GT.json (scene: 12kitchen)
  [140/155] 12kitchen_open-the-microwave-oven_GT.json (scene: 12kitchen)
  [141/155] 12kitchen_open-the-oven_GT.json (scene: 12kitchen)
  [142/155] 12kitchen_i-am-hungry_1df7ab42_GT.json (scene: 12kitchen)
  [143/155] 12kitchen_i-am-hungry_2_GT.json (scene: 12kitchen)
  [144/155] 12kitchen_i-am-hungry_3_GT.json (scene: 12kitchen)
  [145/155] 12kitchen_i-am-hungry_8dda16d0_GT.json (scene: 12kitchen)
  [146/155] 12kitchen_i-am-hungry_GT.json (scene: 12kitchen)
  [147/155] 12kitchen_someone-is-knocking-at-the-door_GT.json (scene: 12kitchen)
  [148/155] 13bathroom_adjust-the-radiator-temperature_GT.json (scene: 13bathroom)
  [149/155] 13bathroom_open-the-bathroom-vanity_GT.json (scene: 13bathroom)
  [150/155] 13bathroom_open-the-door_GT.json (scene: 13bathroom)
  [151/155] 13bathroom_open-the-trashcan_GT.json (scene: 13bathroom)
  [152/155] 13bathroom_i-need-to-get-my-toiletries_GT.json (scene: 13bathroom)
  [153/155] 13bathroom_i-need-to-throw-away-trash_GT.json (scene: 13bathroom)
  [154/155] 13bathroom_its-too-cold-in-here_GT.json (scene: 13bathroom)
  [155/155] 13bathroom_someone-is-knocking-at-the-door_GT.json (scene: 13bathroom)

--- 3. POLICY ARMS VERIFICATION ---
  All 8 pinned arms verified in defaults artifact: ['identity', 'label_radius', 'combined_quantile_adaptive', 'affordance_inherit', 'label_inherit', 'label_only', 'combined_inherit', 'information_bottleneck']

--- 4. INITIAL PROCESS SETUP ---
[PLANNED RESTART] Terminating existing move_group process...
[PLANNED RESTART COMPLETE] New PID: 139654 | Ready in 11.454 s | Initial RSS: 168.15 MB
warning: Using load_yaml() directly is deprecated. Use xacro.load_yaml() instead.
Unknown tag "hardwareInterface" in /robot[@name='piper']/transmission[@name='tran1']/actuator[@name='$motor_name']
Unknown tag "hardwareInterface" in /robot[@name='piper']/transmission[@name='tran2']/actuator[@name='$motor_name']
Unknown tag "hardwareInterface" in /robot[@name='piper']/transmission[@name='tran3']/actuator[@name='$motor_name']
Unknown tag "hardwareInterface" in /robot[@name='piper']/transmission[@name='tran4']/actuator[@name='$motor_name']
Unknown tag "hardwareInterface" in /robot[@name='piper']/transmission[@name='tran5']/actuator[@name='$motor_name']
Unknown tag "hardwareInterface" in /robot[@name='piper']/transmission[@name='tran6']/actuator[@name='$motor_name']
Unknown tag "hardwareInterface" in /robot[@name='piper']/transmission[@name='tran7']/actuator[@name='$motor_name']
Unknown tag "hardwareInterface" in /robot[@name='piper']/transmission[@name='tran8']/actuator[@name='$motor_name']
Unknown tag "ros2_control" in /robot[@name='piper']

--- 5. PRELOADING SCENE GEOMETRIES ---
  Scene: 0kitchen       | z_floor = -1.239800 m | Points: 2188149 | Nodes: 39
  Scene: 10kitchen      | z_floor = -1.263100 m | Points: 2377441 | Nodes: 28
  Scene: 11bedroom      | z_floor = -1.255400 m | Points: 2955956 | Nodes: 15
  Scene: 12kitchen      | z_floor = -0.943000 m | Points: 2109537 | Nodes: 43
  Scene: 13bathroom     | z_floor = -1.295100 m | Points: 1939755 | Nodes: 23
  Scene: 1bathroom      | z_floor = -1.327600 m | Points: 1634017 | Nodes: 16
  Scene: 2livingroom    | z_floor = -1.232200 m | Points: 3004065 | Nodes:  9
  Scene: 3kitchen       | z_floor = -1.260800 m | Points: 1876199 | Nodes: 30
  Scene: 4livingroom    | z_floor = -1.258700 m | Points: 5098110 | Nodes: 27
  Scene: 5kitchen       | z_floor = -1.259500 m | Points: 2101834 | Nodes: 34
  Scene: 6kitchen       | z_floor = -1.236500 m | Points: 1845273 | Nodes: 42
  Scene: 7bedroom       | z_floor = -1.285900 m | Points: 2720834 | Nodes: 13
  Scene: 8bathroom      | z_floor = -1.276800 m | Points: 1461598 | Nodes: 13
  Scene: 9bedroom       | z_floor = -1.249300 m | Points: 2828629 | Nodes: 16

--- 6. EXECUTING BATCH (3720 total trials) ---
[ 1/3720] 0kitchen_open-the-dishwasher_GT.json | identity                   | Outcome: SAFE               | Leaves: 104685 | Clr: 38.477 mm | t_trial: 12.804 s
[ 2/3720] 0kitchen_open-the-dishwasher_GT.json | identity                   | Outcome: SAFE               | Leaves: 104685 | Clr: 38.672 mm | t_trial: 11.955 s
[ 3/3720] 0kitchen_open-the-dishwasher_GT.json | identity                   | Outcome: SAFE               | Leaves: 104685 | Clr: 37.891 mm | t_trial: 12.165 s
[ 4/3720] 0kitchen_open-the-dishwasher_GT.json | label_radius               | Outcome: BELIEF_PLAN_FAILED | Leaves:  12875 | Clr: N/A       | t_trial: 0.063 s
[ 5/3720] 0kitchen_open-the-dishwasher_GT.json | label_radius               | Outcome: BELIEF_PLAN_FAILED | Leaves:  12875 | Clr: N/A       | t_trial: 0.054 s
[ 6/3720] 0kitchen_open-the-dishwasher_GT.json | label_radius               | Outcome: BELIEF_PLAN_FAILED | Leaves:  12875 | Clr: N/A       | t_trial: 0.053 s
[ 7/3720] 0kitchen_open-the-dishwasher_GT.json | combined_quantile_adaptive | Outcome: SAFE               | Leaves:   7778 | Clr: 38.477 mm | t_trial: 10.759 s
[ 8/3720] 0kitchen_open-the-dishwasher_GT.json | combined_quantile_adaptive | Outcome: SAFE               | Leaves:   7778 | Clr: 35.352 mm | t_trial: 11.346 s

[PLANNED RESTART] Trial count 8: Triggering planned restart 1...
[PLANNED RESTART] Terminating existing move_group process...
[PLANNED RESTART COMPLETE] New PID: 141022 | Ready in 11.968 s | Initial RSS: 168.46 MB
[ 9/3720] 0kitchen_open-the-dishwasher_GT.json | combined_quantile_adaptive | Outcome: SAFE               | Leaves:   7778 | Clr: 40.039 mm | t_trial: 11.980 s
[10/3720] 0kitchen_open-the-dishwasher_GT.json | affordance_inherit         | Outcome: SAFE               | Leaves:   4309 | Clr: 36.328 mm | t_trial: 11.823 s
[11/3720] 0kitchen_open-the-dishwasher_GT.json | affordance_inherit         | Outcome: SAFE               | Leaves:   4309 | Clr: 38.672 mm | t_trial: 11.959 s
[12/3720] 0kitchen_open-the-dishwasher_GT.json | affordance_inherit         | Outcome: SAFE               | Leaves:   4309 | Clr: 37.109 mm | t_trial: 11.228 s
[13/3720] 0kitchen_open-the-dishwasher_GT.json | label_inherit              | Outcome: SAFE               | Leaves:   7778 | Clr: 38.672 mm | t_trial: 11.264 s
[14/3720] 0kitchen_open-the-dishwasher_GT.json | label_inherit              | Outcome: SAFE               | Leaves:   7778 | Clr: 37.891 mm | t_trial: 11.475 s
[15/3720] 0kitchen_open-the-dishwasher_GT.json | label_inherit              | Outcome: SAFE               | Leaves:   7778 | Clr: 38.672 mm | t_trial: 11.273 s
[16/3720] 0kitchen_open-the-dishwasher_GT.json | label_only                 | Outcome: SAFE               | Leaves:   7778 | Clr: 40.039 mm | t_trial: 11.594 s

[PLANNED RESTART] Trial count 16: Triggering planned restart 2...
[PLANNED RESTART] Terminating existing move_group process...
[PLANNED RESTART COMPLETE] New PID: 142631 | Ready in 11.471 s | Initial RSS: 168.79 MB
[17/3720] 0kitchen_open-the-dishwasher_GT.json | label_only                 | Outcome: SAFE               | Leaves:   7778 | Clr: 36.523 mm | t_trial: 12.360 s
[18/3720] 0kitchen_open-the-dishwasher_GT.json | label_only                 | Outcome: SAFE               | Leaves:   7778 | Clr: 38.281 mm | t_trial: 12.277 s
[19/3720] 0kitchen_open-the-dishwasher_GT.json | combined_inherit           | Outcome: SAFE               | Leaves:   7778 | Clr: 35.742 mm | t_trial: 11.813 s
[20/3720] 0kitchen_open-the-dishwasher_GT.json | combined_inherit           | Outcome: SAFE               | Leaves:   7778 | Clr: 38.867 mm | t_trial: 11.394 s
[21/3720] 0kitchen_open-the-dishwasher_GT.json | combined_inherit           | Outcome: SAFE               | Leaves:   7778 | Clr: 39.844 mm | t_trial: 11.336 s
[22/3720] 0kitchen_open-the-dishwasher_GT.json | information_bottleneck     | Outcome: SAFE               | Leaves:   8081 | Clr: 39.844 mm | t_trial: 10.849 s
[23/3720] 0kitchen_open-the-dishwasher_GT.json | information_bottleneck     | Outcome: SAFE               | Leaves:   8081 | Clr: 40.039 mm | t_trial: 10.904 s
[24/3720] 0kitchen_open-the-dishwasher_GT.json | information_bottleneck     | Outcome: SAFE               | Leaves:   8081 | Clr: 37.891 mm | t_trial: 11.536 s

[PLANNED RESTART] Trial count 24: Triggering planned restart 3...
[PLANNED RESTART] Terminating existing move_group process...
[PLANNED RESTART COMPLETE] New PID: 144250 | Ready in 11.463 s | Initial RSS: 167.94 MB
[25/3720] 0kitchen_open-the-door_GT.json      | identity                   | Outcome: SAFE               | Leaves: 104685 | Clr: 152.734 mm | t_trial: 13.454 s
[26/3720] 0kitchen_open-the-door_GT.json      | identity                   | Outcome: SAFE               | Leaves: 104685 | Clr: 146.289 mm | t_trial: 12.387 s
[27/3720] 0kitchen_open-the-door_GT.json      | identity                   | Outcome: SAFE               | Leaves: 104685 | Clr: 149.805 mm | t_trial: 12.669 s
[28/3720] 0kitchen_open-the-door_GT.json      | label_radius               | Outcome: SAFE               | Leaves:  22383 | Clr: 148.633 mm | t_trial: 11.720 s
[29/3720] 0kitchen_open-the-door_GT.json      | label_radius               | Outcome: SAFE               | Leaves:  22383 | Clr: 154.102 mm | t_trial: 12.013 s
[30/3720] 0kitchen_open-the-door_GT.json      | label_radius               | Outcome: SAFE               | Leaves:  22383 | Clr: 152.148 mm | t_trial: 11.552 s
[31/3720] 0kitchen_open-the-door_GT.json      | combined_quantile_adaptive | Outcome: SAFE               | Leaves:  22208 | Clr: 148.438 mm | t_trial: 11.868 s
[32/3720] 0kitchen_open-the-door_GT.json      | combined_quantile_adaptive | Outcome: SAFE               | Leaves:  22208 | Clr: 147.852 mm | t_trial: 11.563 s

[PLANNED RESTART] Trial count 32: Triggering planned restart 4...
[PLANNED RESTART] Terminating existing move_group process...
[PLANNED RESTART COMPLETE] New PID: 145878 | Ready in 11.468 s | Initial RSS: 168.45 MB
[33/3720] 0kitchen_open-the-door_GT.json      | combined_quantile_adaptive | Outcome: SAFE               | Leaves:  22208 | Clr: 152.930 mm | t_trial: 13.160 s
[34/3720] 0kitchen_open-the-door_GT.json      | affordance_inherit         | Outcome: SAFE               | Leaves:  61037 | Clr: 147.266 mm | t_trial: 12.818 s
[35/3720] 0kitchen_open-the-door_GT.json      | affordance_inherit         | Outcome: SAFE               | Leaves:  61037 | Clr: 148.242 mm | t_trial: 12.417 s
[36/3720] 0kitchen_open-the-door_GT.json      | affordance_inherit         | Outcome: SAFE               | Leaves:  61037 | Clr: 151.758 mm | t_trial: 12.108 s
[37/3720] 0kitchen_open-the-door_GT.json      | label_inherit              | Outcome: SAFE               | Leaves:  22208 | Clr: 148.633 mm | t_trial: 11.652 s
[38/3720] 0kitchen_open-the-door_GT.json      | label_inherit              | Outcome: SAFE               | Leaves:  22208 | Clr: 153.906 mm | t_trial: 12.004 s
[39/3720] 0kitchen_open-the-door_GT.json      | label_inherit              | Outcome: SAFE               | Leaves:  22208 | Clr: 146.094 mm | t_trial: 11.734 s
[40/3720] 0kitchen_open-the-door_GT.json      | label_only                 | Outcome: SAFE               | Leaves:  22127 | Clr: 148.828 mm | t_trial: 12.561 s

[PLANNED RESTART] Trial count 40: Triggering planned restart 5...
[PLANNED RESTART] Terminating existing move_group process...
[PLANNED RESTART COMPLETE] New PID: 147557 | Ready in 11.517 s | Initial RSS: 168.55 MB
[41/3720] 0kitchen_open-the-door_GT.json      | label_only                 | Outcome: SAFE               | Leaves:  22127 | Clr: 149.023 mm | t_trial: 12.867 s
[42/3720] 0kitchen_open-the-door_GT.json      | label_only                 | Outcome: SAFE               | Leaves:  22127 | Clr: 149.023 mm | t_trial: 12.445 s
[43/3720] 0kitchen_open-the-door_GT.json      | combined_inherit           | Outcome: SAFE               | Leaves:  83245 | Clr: 151.172 mm | t_trial: 12.733 s
[44/3720] 0kitchen_open-the-door_GT.json      | combined_inherit           | Outcome: SAFE               | Leaves:  83245 | Clr: 149.219 mm | t_trial: 11.429 s
[45/3720] 0kitchen_open-the-door_GT.json      | combined_inherit           | Outcome: SAFE               | Leaves:  83245 | Clr: 154.688 mm | t_trial: 12.088 s
[46/3720] 0kitchen_open-the-door_GT.json      | information_bottleneck     | Outcome: SAFE               | Leaves:  87476 | Clr: 153.320 mm | t_trial: 12.128 s
[47/3720] 0kitchen_open-the-door_GT.json      | information_bottleneck     | Outcome: SAFE               | Leaves:  87476 | Clr: 148.828 mm | t_trial: 11.452 s
[48/3720] 0kitchen_open-the-door_GT.json      | information_bottleneck     | Outcome: SAFE               | Leaves:  87476 | Clr: 148.828 mm | t_trial: 12.251 s

[PLANNED RESTART] Trial count 48: Triggering planned restart 6...
[PLANNED RESTART] Terminating existing move_group process...
[PLANNED RESTART COMPLETE] New PID: 149274 | Ready in 11.461 s | Initial RSS: 168.84 MB
[49/3720] 0kitchen_open-the-fridge_GT.json    | identity                   | Outcome: SAFE               | Leaves: 104685 | Clr: 121.289 mm | t_trial: 13.854 s
[50/3720] 0kitchen_open-the-fridge_GT.json    | identity                   | Outcome: SAFE               | Leaves: 104685 | Clr: 119.922 mm | t_trial: 12.754 s
[51/3720] 0kitchen_open-the-fridge_GT.json    | identity                   | Outcome: SAFE               | Leaves: 104685 | Clr: 118.750 mm | t_trial: 12.476 s
[52/3720] 0kitchen_open-the-fridge_GT.json    | label_radius               | Outcome: BELIEF_PLAN_FAILED | Leaves:   5638 | Clr: N/A       | t_trial: 0.056 s
[53/3720] 0kitchen_open-the-fridge_GT.json    | label_radius               | Outcome: BELIEF_PLAN_FAILED | Leaves:   5638 | Clr: N/A       | t_trial: 0.046 s
[54/3720] 0kitchen_open-the-fridge_GT.json    | label_radius               | Outcome: BELIEF_PLAN_FAILED | Leaves:   5638 | Clr: N/A       | t_trial: 0.065 s
[55/3720] 0kitchen_open-the-fridge_GT.json    | combined_quantile_adaptive | Outcome: BELIEF_PLAN_FAILED | Leaves:   5581 | Clr: N/A       | t_trial: 0.051 s
[56/3720] 0kitchen_open-the-fridge_GT.json    | combined_quantile_adaptive | Outcome: BELIEF_PLAN_FAILED | Leaves:   5581 | Clr: N/A       | t_trial: 0.051 s

[PLANNED RESTART] Trial count 56: Triggering planned restart 7...
[PLANNED RESTART] Terminating existing move_group process...
[PLANNED RESTART COMPLETE] New PID: 150222 | Ready in 11.448 s | Initial RSS: 168.68 MB
[57/3720] 0kitchen_open-the-fridge_GT.json    | combined_quantile_adaptive | Outcome: BELIEF_PLAN_FAILED | Leaves:   5581 | Clr: N/A       | t_trial: 0.064 s
[58/3720] 0kitchen_open-the-fridge_GT.json    | affordance_inherit         | Outcome: SAFE               | Leaves:  13770 | Clr: 120.898 mm | t_trial: 12.556 s
[59/3720] 0kitchen_open-the-fridge_GT.json    | affordance_inherit         | Outcome: SAFE               | Leaves:  13770 | Clr: 124.023 mm | t_trial: 12.243 s
[60/3720] 0kitchen_open-the-fridge_GT.json    | affordance_inherit         | Outcome: SAFE               | Leaves:  13770 | Clr: 118.555 mm | t_trial: 12.274 s
[61/3720] 0kitchen_open-the-fridge_GT.json    | label_inherit              | Outcome: BELIEF_PLAN_FAILED | Leaves:   5581 | Clr: N/A       | t_trial: 0.056 s
[62/3720] 0kitchen_open-the-fridge_GT.json    | label_inherit              | Outcome: BELIEF_PLAN_FAILED | Leaves:   5581 | Clr: N/A       | t_trial: 0.057 s
[63/3720] 0kitchen_open-the-fridge_GT.json    | label_inherit              | Outcome: BELIEF_PLAN_FAILED | Leaves:   5581 | Clr: N/A       | t_trial: 0.047 s
[64/3720] 0kitchen_open-the-fridge_GT.json    | label_only                 | Outcome: BELIEF_PLAN_FAILED | Leaves:   5483 | Clr: N/A       | t_trial: 0.056 s

[PLANNED RESTART] Trial count 64: Triggering planned restart 8...
[PLANNED RESTART] Terminating existing move_group process...
[PLANNED RESTART COMPLETE] New PID: 151034 | Ready in 11.527 s | Initial RSS: 168.27 MB
[65/3720] 0kitchen_open-the-fridge_GT.json    | label_only                 | Outcome: BELIEF_PLAN_FAILED | Leaves:   5483 | Clr: N/A       | t_trial: 0.062 s
[66/3720] 0kitchen_open-the-fridge_GT.json    | label_only                 | Outcome: BELIEF_PLAN_FAILED | Leaves:   5483 | Clr: N/A       | t_trial: 0.056 s
[67/3720] 0kitchen_open-the-fridge_GT.json    | combined_inherit           | Outcome: BELIEF_PLAN_FAILED | Leaves:   5581 | Clr: N/A       | t_trial: 0.059 s
[68/3720] 0kitchen_open-the-fridge_GT.json    | combined_inherit           | Outcome: BELIEF_PLAN_FAILED | Leaves:   5581 | Clr: N/A       | t_trial: 0.058 s
[69/3720] 0kitchen_open-the-fridge_GT.json    | combined_inherit           | Outcome: BELIEF_PLAN_FAILED | Leaves:   5581 | Clr: N/A       | t_trial: 0.058 s
[70/3720] 0kitchen_open-the-fridge_GT.json    | information_bottleneck     | Outcome: SAFE               | Leaves:      0 | Clr: 118.555 mm | t_trial: 12.684 s
[71/3720] 0kitchen_open-the-fridge_GT.json    | information_bottleneck     | Outcome: SAFE               | Leaves:      0 | Clr: 121.680 mm | t_trial: 11.841 s
[72/3720] 0kitchen_open-the-fridge_GT.json    | information_bottleneck     | Outcome: SAFE               | Leaves:      0 | Clr: 123.828 mm | t_trial: 12.060 s

[PLANNED RESTART] Trial count 72: Triggering planned restart 9...
[PLANNED RESTART] Terminating existing move_group process...
[PLANNED RESTART COMPLETE] New PID: 151819 | Ready in 12.069 s | Initial RSS: 168.59 MB
[73/3720] 0kitchen_open-the-kitchen-cabinet_3312a095_GT.json | identity                   | Outcome: SAFE               | Leaves: 104685 | Clr: 11.328 mm | t_trial: 12.681 s
[74/3720] 0kitchen_open-the-kitchen-cabinet_3312a095_GT.json | identity                   | Outcome: SAFE               | Leaves: 104685 | Clr: 10.742 mm | t_trial: 11.719 s
[75/3720] 0kitchen_open-the-kitchen-cabinet_3312a095_GT.json | identity                   | Outcome: SAFE               | Leaves: 104685 | Clr: 10.742 mm | t_trial: 11.954 s
[76/3720] 0kitchen_open-the-kitchen-cabinet_3312a095_GT.json | label_radius               | Outcome: SAFE               | Leaves:  65094 | Clr: 11.914 mm | t_trial: 11.221 s
[77/3720] 0kitchen_open-the-kitchen-cabinet_3312a095_GT.json | label_radius               | Outcome: SAFE               | Leaves:  65094 | Clr: 11.523 mm | t_trial: 10.811 s
[78/3720] 0kitchen_open-the-kitchen-cabinet_3312a095_GT.json | label_radius               | Outcome: SAFE               | Leaves:  65094 | Clr: 11.133 mm | t_trial: 10.854 s
[79/3720] 0kitchen_open-the-kitchen-cabinet_3312a095_GT.json | combined_quantile_adaptive | Outcome: SAFE               | Leaves:  38840 | Clr: 11.523 mm | t_trial: 11.044 s
[80/3720] 0kitchen_open-the-kitchen-cabinet_3312a095_GT.json | combined_quantile_adaptive | Outcome: SAFE               | Leaves:  38840 | Clr: 11.914 mm | t_trial: 11.394 s

[PLANNED RESTART] Trial count 80: Triggering planned restart 10...
[PLANNED RESTART] Terminating existing move_group process...
[PLANNED RESTART COMPLETE] New PID: 153396 | Ready in 11.471 s | Initial RSS: 168.21 MB
[81/3720] 0kitchen_open-the-kitchen-cabinet_3312a095_GT.json | combined_quantile_adaptive | Outcome: SAFE               | Leaves:  38840 | Clr: 11.133 mm | t_trial: 12.718 s
[82/3720] 0kitchen_open-the-kitchen-cabinet_3312a095_GT.json | affordance_inherit         | Outcome: BELIEF_PLAN_FAILED | Leaves:  13770 | Clr: N/A       | t_trial: 0.447 s
[83/3720] 0kitchen_open-the-kitchen-cabinet_3312a095_GT.json | affordance_inherit         | Outcome: BELIEF_PLAN_FAILED | Leaves:  13770 | Clr: N/A       | t_trial: 0.071 s
[84/3720] 0kitchen_open-the-kitchen-cabinet_3312a095_GT.json | affordance_inherit         | Outcome: BELIEF_PLAN_FAILED | Leaves:  13770 | Clr: N/A       | t_trial: 0.065 s
[85/3720] 0kitchen_open-the-kitchen-cabinet_3312a095_GT.json | label_inherit              | Outcome: SAFE               | Leaves:  52632 | Clr: 10.547 mm | t_trial: 10.879 s
[86/3720] 0kitchen_open-the-kitchen-cabinet_3312a095_GT.json | label_inherit              | Outcome: SAFE               | Leaves:  52632 | Clr: 12.109 mm | t_trial: 11.576 s
[87/3720] 0kitchen_open-the-kitchen-cabinet_3312a095_GT.json | label_inherit              | Outcome: SAFE               | Leaves:  52632 | Clr: 11.719 mm | t_trial: 10.586 s
[88/3720] 0kitchen_open-the-kitchen-cabinet_3312a095_GT.json | label_only                 | Outcome: SAFE               | Leaves:  51668 | Clr: 10.547 mm | t_trial: 11.261 s

[PLANNED RESTART] Trial count 88: Triggering planned restart 11...
[PLANNED RESTART] Terminating existing move_group process...
[PLANNED RESTART COMPLETE] New PID: 154502 | Ready in 10.962 s | Initial RSS: 168.31 MB
[89/3720] 0kitchen_open-the-kitchen-cabinet_3312a095_GT.json | label_only                 | Outcome: SAFE               | Leaves:  51668 | Clr: 10.547 mm | t_trial: 12.456 s
[90/3720] 0kitchen_open-the-kitchen-cabinet_3312a095_GT.json | label_only                 | Outcome: SAFE               | Leaves:  51668 | Clr: 11.133 mm | t_trial: 11.182 s
[91/3720] 0kitchen_open-the-kitchen-cabinet_3312a095_GT.json | combined_inherit           | Outcome: BELIEF_PLAN_FAILED | Leaves:  52632 | Clr: N/A       | t_trial: 0.189 s
[92/3720] 0kitchen_open-the-kitchen-cabinet_3312a095_GT.json | combined_inherit           | Outcome: BELIEF_PLAN_FAILED | Leaves:  52632 | Clr: N/A       | t_trial: 0.187 s
[93/3720] 0kitchen_open-the-kitchen-cabinet_3312a095_GT.json | combined_inherit           | Outcome: BELIEF_PLAN_FAILED | Leaves:  52632 | Clr: N/A       | t_trial: 0.208 s
[94/3720] 0kitchen_open-the-kitchen-cabinet_3312a095_GT.json | information_bottleneck     | Outcome: SAFE               | Leaves:  45017 | Clr: 10.156 mm | t_trial: 11.540 s
[95/3720] 0kitchen_open-the-kitchen-cabinet_3312a095_GT.json | information_bottleneck     | Outcome: SAFE               | Leaves:  45017 | Clr: 11.523 mm | t_trial: 11.350 s
[96/3720] 0kitchen_open-the-kitchen-cabinet_3312a095_GT.json | information_bottleneck     | Outcome: SAFE               | Leaves:  45017 | Clr: 11.719 mm | t_trial: 11.145 s

[PLANNED RESTART] Trial count 96: Triggering planned restart 12...
[PLANNED RESTART] Terminating existing move_group process...
[PLANNED RESTART COMPLETE] New PID: 155603 | Ready in 11.012 s | Initial RSS: 168.36 MB
[97/3720] 0kitchen_open-the-microwave-oven_GT.json | identity                   | Outcome: SAFE               | Leaves: 104685 | Clr: 135.938 mm | t_trial: 13.456 s
[98/3720] 0kitchen_open-the-microwave-oven_GT.json | identity                   | Outcome: SAFE               | Leaves: 104685 | Clr: 138.867 mm | t_trial: 11.757 s
[99/3720] 0kitchen_open-the-microwave-oven_GT.json | identity                   | Outcome: SAFE               | Leaves: 104685 | Clr: 138.086 mm | t_trial: 12.514 s
[100/3720] 0kitchen_open-the-microwave-oven_GT.json | label_radius               | Outcome: SAFE               | Leaves:  22678 | Clr: 135.352 mm | t_trial: 11.571 s
[101/3720] 0kitchen_open-the-microwave-oven_GT.json | label_radius               | Outcome: SAFE               | Leaves:  22678 | Clr: 139.648 mm | t_trial: 11.786 s
[102/3720] 0kitchen_open-the-microwave-oven_GT.json | label_radius               | Outcome: SAFE               | Leaves:  22678 | Clr: 136.914 mm | t_trial: 11.679 s
[103/3720] 0kitchen_open-the-microwave-oven_GT.json | combined_quantile_adaptive | Outcome: SAFE               | Leaves:   3827 | Clr: 139.453 mm | t_trial: 11.560 s
[104/3720] 0kitchen_open-the-microwave-oven_GT.json | combined_quantile_adaptive | Outcome: SAFE               | Leaves:   3827 | Clr: 134.180 mm | t_trial: 11.998 s

[PLANNED RESTART] Trial count 104: Triggering planned restart 13...
[PLANNED RESTART] Terminating existing move_group process...
[PLANNED RESTART COMPLETE] New PID: 157227 | Ready in 11.477 s | Initial RSS: 168.30 MB
[105/3720] 0kitchen_open-the-microwave-oven_GT.json | combined_quantile_adaptive | Outcome: SAFE               | Leaves:   3827 | Clr: 140.039 mm | t_trial: 13.151 s
[106/3720] 0kitchen_open-the-microwave-oven_GT.json | affordance_inherit         | Outcome: SAFE               | Leaves:   4309 | Clr: 137.305 mm | t_trial: 12.683 s
[107/3720] 0kitchen_open-the-microwave-oven_GT.json | affordance_inherit         | Outcome: SAFE               | Leaves:   4309 | Clr: 137.305 mm | t_trial: 11.552 s
[108/3720] 0kitchen_open-the-microwave-oven_GT.json | affordance_inherit         | Outcome: SAFE               | Leaves:   4309 | Clr: 137.109 mm | t_trial: 11.725 s
[109/3720] 0kitchen_open-the-microwave-oven_GT.json | label_inherit              | Outcome: SAFE               | Leaves:  10587 | Clr: 139.844 mm | t_trial: 11.628 s
[110/3720] 0kitchen_open-the-microwave-oven_GT.json | label_inherit              | Outcome: SAFE               | Leaves:  10587 | Clr: 134.961 mm | t_trial: 11.817 s
[111/3720] 0kitchen_open-the-microwave-oven_GT.json | label_inherit              | Outcome: SAFE               | Leaves:  10587 | Clr: 140.234 mm | t_trial: 11.070 s
[112/3720] 0kitchen_open-the-microwave-oven_GT.json | label_only                 | Outcome: SAFE               | Leaves:  10099 | Clr: 136.719 mm | t_trial: 12.389 s

[PLANNED RESTART] Trial count 112: Triggering planned restart 14...
[PLANNED RESTART] Terminating existing move_group process...
[PLANNED RESTART COMPLETE] New PID: 158881 | Ready in 11.520 s | Initial RSS: 168.30 MB
[113/3720] 0kitchen_open-the-microwave-oven_GT.json | label_only                 | Outcome: SAFE               | Leaves:  10099 | Clr: 137.305 mm | t_trial: 13.088 s
[114/3720] 0kitchen_open-the-microwave-oven_GT.json | label_only                 | Outcome: SAFE               | Leaves:  10099 | Clr: 134.180 mm | t_trial: 12.234 s
[115/3720] 0kitchen_open-the-microwave-oven_GT.json | combined_inherit           | Outcome: SAFE               | Leaves:  10587 | Clr: 138.672 mm | t_trial: 12.282 s
[116/3720] 0kitchen_open-the-microwave-oven_GT.json | combined_inherit           | Outcome: SAFE               | Leaves:  10587 | Clr: 140.234 mm | t_trial: 11.721 s
[117/3720] 0kitchen_open-the-microwave-oven_GT.json | combined_inherit           | Outcome: SAFE               | Leaves:  10587 | Clr: 138.477 mm | t_trial: 11.249 s
[118/3720] 0kitchen_open-the-microwave-oven_GT.json | information_bottleneck     | Outcome: SAFE               | Leaves:  10890 | Clr: 139.844 mm | t_trial: 11.714 s
[119/3720] 0kitchen_open-the-microwave-oven_GT.json | information_bottleneck     | Outcome: SAFE               | Leaves:  10890 | Clr: 138.867 mm | t_trial: 12.095 s
[120/3720] 0kitchen_open-the-microwave-oven_GT.json | information_bottleneck     | Outcome: SAFE               | Leaves:  10890 | Clr: 138.086 mm | t_trial: 11.944 s

[PLANNED RESTART] Trial count 120: Triggering planned restart 15...
[PLANNED RESTART] Terminating existing move_group process...
[PLANNED RESTART COMPLETE] New PID: 160534 | Ready in 11.469 s | Initial RSS: 168.66 MB
[121/3720] 0kitchen_open-the-oven_GT.json      | identity                   | Outcome: SAFE               | Leaves: 104685 | Clr: 142.969 mm | t_trial: 13.872 s
[122/3720] 0kitchen_open-the-oven_GT.json      | identity                   | Outcome: SAFE               | Leaves: 104685 | Clr: 142.969 mm | t_trial: 12.275 s
[123/3720] 0kitchen_open-the-oven_GT.json      | identity                   | Outcome: SAFE               | Leaves: 104685 | Clr: 142.969 mm | t_trial: 12.692 s
[124/3720] 0kitchen_open-the-oven_GT.json      | label_radius               | Outcome: SAFE               | Leaves:  22678 | Clr: 142.969 mm | t_trial: 11.842 s
[125/3720] 0kitchen_open-the-oven_GT.json      | label_radius               | Outcome: SAFE               | Leaves:  22678 | Clr: 142.969 mm | t_trial: 11.785 s
[126/3720] 0kitchen_open-the-oven_GT.json      | label_radius               | Outcome: SAFE               | Leaves:  22678 | Clr: 142.969 mm | t_trial: 12.006 s
[127/3720] 0kitchen_open-the-oven_GT.json      | combined_quantile_adaptive | Outcome: SAFE               | Leaves:   6760 | Clr: 142.969 mm | t_trial: 11.120 s
[128/3720] 0kitchen_open-the-oven_GT.json      | combined_quantile_adaptive | Outcome: SAFE               | Leaves:   6760 | Clr: 142.969 mm | t_trial: 12.757 s

[PLANNED RESTART] Trial count 128: Triggering planned restart 16...
[PLANNED RESTART] Terminating existing move_group process...
[PLANNED RESTART COMPLETE] New PID: 162222 | Ready in 11.471 s | Initial RSS: 168.65 MB
[129/3720] 0kitchen_open-the-oven_GT.json      | combined_quantile_adaptive | Outcome: SAFE               | Leaves:   6760 | Clr: 142.969 mm | t_trial: 13.023 s
[130/3720] 0kitchen_open-the-oven_GT.json      | affordance_inherit         | Outcome: BELIEF_PLAN_FAILED | Leaves:  13770 | Clr: N/A       | t_trial: 0.512 s
[131/3720] 0kitchen_open-the-oven_GT.json      | affordance_inherit         | Outcome: BELIEF_PLAN_FAILED | Leaves:  13770 | Clr: N/A       | t_trial: 0.071 s
[132/3720] 0kitchen_open-the-oven_GT.json      | affordance_inherit         | Outcome: BELIEF_PLAN_FAILED | Leaves:  13770 | Clr: N/A       | t_trial: 0.072 s
[133/3720] 0kitchen_open-the-oven_GT.json      | label_inherit              | Outcome: SAFE               | Leaves:  10587 | Clr: 142.969 mm | t_trial: 11.439 s
[134/3720] 0kitchen_open-the-oven_GT.json      | label_inherit              | Outcome: SAFE               | Leaves:  10587 | Clr: 142.969 mm | t_trial: 12.412 s
[135/3720] 0kitchen_open-the-oven_GT.json      | label_inherit              | Outcome: SAFE               | Leaves:  10587 | Clr: 142.773 mm | t_trial: 11.472 s
[136/3720] 0kitchen_open-the-oven_GT.json      | label_only                 | Outcome: SAFE               | Leaves:  10099 | Clr: 142.969 mm | t_trial: 11.846 s

[PLANNED RESTART] Trial count 136: Triggering planned restart 17...
[PLANNED RESTART] Terminating existing move_group process...
[PLANNED RESTART COMPLETE] New PID: 163358 | Ready in 11.581 s | Initial RSS: 168.94 MB
[137/3720] 0kitchen_open-the-oven_GT.json      | label_only                 | Outcome: SAFE               | Leaves:  10099 | Clr: 142.969 mm | t_trial: 13.003 s
[138/3720] 0kitchen_open-the-oven_GT.json      | label_only                 | Outcome: SAFE               | Leaves:  10099 | Clr: 142.969 mm | t_trial: 12.544 s
[139/3720] 0kitchen_open-the-oven_GT.json      | combined_inherit           | Outcome: SAFE               | Leaves:  10587 | Clr: 142.773 mm | t_trial: 12.055 s
[140/3720] 0kitchen_open-the-oven_GT.json      | combined_inherit           | Outcome: SAFE               | Leaves:  10587 | Clr: 140.430 mm | t_trial: 12.068 s
[141/3720] 0kitchen_open-the-oven_GT.json      | combined_inherit           | Outcome: SAFE               | Leaves:  10587 | Clr: 141.992 mm | t_trial: 12.014 s
[142/3720] 0kitchen_open-the-oven_GT.json      | information_bottleneck     | Outcome: SAFE               | Leaves:  10587 | Clr: 142.969 mm | t_trial: 11.444 s
[143/3720] 0kitchen_open-the-oven_GT.json      | information_bottleneck     | Outcome: SAFE               | Leaves:  10587 | Clr: 140.820 mm | t_trial: 11.900 s
[144/3720] 0kitchen_open-the-oven_GT.json      | information_bottleneck     | Outcome: SAFE               | Leaves:  10587 | Clr: 142.969 mm | t_trial: 12.232 s

[PLANNED RESTART] Trial count 144: Triggering planned restart 18...
[PLANNED RESTART] Terminating existing move_group process...
[PLANNED RESTART COMPLETE] New PID: 165019 | Ready in 11.480 s | Initial RSS: 168.68 MB
[145/3720] 0kitchen_turn-on-the-exhaust-hood_GT.json | identity                   | Outcome: SAFE               | Leaves: 104685 | Clr: 198.438 mm | t_trial: 13.746 s
[146/3720] 0kitchen_turn-on-the-exhaust-hood_GT.json | identity                   | Outcome: SAFE               | Leaves: 104685 | Clr: 199.805 mm | t_trial: 12.399 s
[147/3720] 0kitchen_turn-on-the-exhaust-hood_GT.json | identity                   | Outcome: SAFE               | Leaves: 104685 | Clr: 197.461 mm | t_trial: 12.515 s
[148/3720] 0kitchen_turn-on-the-exhaust-hood_GT.json | label_radius               | Outcome: SAFE               | Leaves:   6896 | Clr: 199.805 mm | t_trial: 11.729 s
[149/3720] 0kitchen_turn-on-the-exhaust-hood_GT.json | label_radius               | Outcome: SAFE               | Leaves:   6896 | Clr: 198.047 mm | t_trial: 11.178 s
[150/3720] 0kitchen_turn-on-the-exhaust-hood_GT.json | label_radius               | Outcome: SAFE               | Leaves:   6896 | Clr: 198.828 mm | t_trial: 11.704 s
[151/3720] 0kitchen_turn-on-the-exhaust-hood_GT.json | combined_quantile_adaptive | Outcome: SAFE               | Leaves:   4309 | Clr: 199.805 mm | t_trial: 11.746 s
[152/3720] 0kitchen_turn-on-the-exhaust-hood_GT.json | combined_quantile_adaptive | Outcome: SAFE               | Leaves:   4309 | Clr: 199.805 mm | t_trial: 12.022 s

[PLANNED RESTART] Trial count 152: Triggering planned restart 19...
[PLANNED RESTART] Terminating existing move_group process...
[PLANNED RESTART COMPLETE] New PID: 166671 | Ready in 11.517 s | Initial RSS: 168.45 MB
[153/3720] 0kitchen_turn-on-the-exhaust-hood_GT.json | combined_quantile_adaptive | Outcome: SAFE               | Leaves:   4309 | Clr: 196.094 mm | t_trial: 13.438 s
[154/3720] 0kitchen_turn-on-the-exhaust-hood_GT.json | affordance_inherit         | Outcome: SAFE               | Leaves:   4309 | Clr: 199.805 mm | t_trial: 12.807 s
[155/3720] 0kitchen_turn-on-the-exhaust-hood_GT.json | affordance_inherit         | Outcome: SAFE               | Leaves:   4309 | Clr: 199.805 mm | t_trial: 12.219 s
[156/3720] 0kitchen_turn-on-the-exhaust-hood_GT.json | affordance_inherit         | Outcome: SAFE               | Leaves:   4309 | Clr: 198.828 mm | t_trial: 11.765 s
[157/3720] 0kitchen_turn-on-the-exhaust-hood_GT.json | label_inherit              | Outcome: SAFE               | Leaves:   4309 | Clr: 197.266 mm | t_trial: 11.812 s
[158/3720] 0kitchen_turn-on-the-exhaust-hood_GT.json | label_inherit              | Outcome: SAFE               | Leaves:   4309 | Clr: 199.609 mm | t_trial: 11.391 s
[159/3720] 0kitchen_turn-on-the-exhaust-hood_GT.json | label_inherit              | Outcome: SAFE               | Leaves:   4309 | Clr: 195.898 mm | t_trial: 11.160 s
[160/3720] 0kitchen_turn-on-the-exhaust-hood_GT.json | label_only                 | Outcome: SAFE               | Leaves:   4308 | Clr: 197.070 mm | t_trial: 12.298 s

[PLANNED RESTART] Trial count 160: Triggering planned restart 20...
[PLANNED RESTART] Terminating existing move_group process...
[PLANNED RESTART COMPLETE] New PID: 168558 | Ready in 11.463 s | Initial RSS: 167.88 MB
[161/3720] 0kitchen_turn-on-the-exhaust-hood_GT.json | label_only                 | Outcome: SAFE               | Leaves:   4308 | Clr: 198.828 mm | t_trial: 12.898 s
[162/3720] 0kitchen_turn-on-the-exhaust-hood_GT.json | label_only                 | Outcome: SAFE               | Leaves:   4308 | Clr: 198.633 mm | t_trial: 12.213 s
[163/3720] 0kitchen_turn-on-the-exhaust-hood_GT.json | combined_inherit           | Outcome: SAFE               | Leaves:   4309 | Clr: 199.805 mm | t_trial: 12.418 s
[164/3720] 0kitchen_turn-on-the-exhaust-hood_GT.json | combined_inherit           | Outcome: SAFE               | Leaves:   4309 | Clr: 199.609 mm | t_trial: 11.816 s
[165/3720] 0kitchen_turn-on-the-exhaust-hood_GT.json | combined_inherit           | Outcome: SAFE               | Leaves:   4309 | Clr: 199.023 mm | t_trial: 11.759 s
[166/3720] 0kitchen_turn-on-the-exhaust-hood_GT.json | information_bottleneck     | Outcome: SAFE               | Leaves:   4309 | Clr: 196.094 mm | t_trial: 11.801 s
[167/3720] 0kitchen_turn-on-the-exhaust-hood_GT.json | information_bottleneck     | Outcome: SAFE               | Leaves:   4309 | Clr: 196.484 mm | t_trial: 11.771 s
[168/3720] 0kitchen_turn-on-the-exhaust-hood_GT.json | information_bottleneck     | Outcome: SAFE               | Leaves:   4309 | Clr: 199.805 mm | t_trial: 12.042 s

[PLANNED RESTART] Trial count 168: Triggering planned restart 21...
[PLANNED RESTART] Terminating existing move_group process...
[PLANNED RESTART COMPLETE] New PID: 170517 | Ready in 11.471 s | Initial RSS: 167.72 MB
[169/3720] 0kitchen_use-the-kettle_GT.json     | identity                   | Outcome: SAFE               | Leaves: 104685 | Clr: 74.219 mm | t_trial: 13.653 s
[170/3720] 0kitchen_use-the-kettle_GT.json     | identity                   | Outcome: SAFE               | Leaves: 104685 | Clr: 76.562 mm | t_trial: 12.509 s
[171/3720] 0kitchen_use-the-kettle_GT.json     | identity                   | Outcome: SAFE               | Leaves: 104685 | Clr: 74.609 mm | t_trial: 11.847 s
[172/3720] 0kitchen_use-the-kettle_GT.json     | label_radius               | Outcome: SAFE               | Leaves:  19052 | Clr: 76.367 mm | t_trial: 11.572 s
[173/3720] 0kitchen_use-the-kettle_GT.json     | label_radius               | Outcome: SAFE               | Leaves:  19052 | Clr: 72.070 mm | t_trial: 11.577 s
[174/3720] 0kitchen_use-the-kettle_GT.json     | label_radius               | Outcome: SAFE               | Leaves:  19052 | Clr: 75.195 mm | t_trial: 11.499 s
[175/3720] 0kitchen_use-the-kettle_GT.json     | combined_quantile_adaptive | Outcome: SAFE               | Leaves:   1432 | Clr: 76.758 mm | t_trial: 10.947 s
[176/3720] 0kitchen_use-the-kettle_GT.json     | combined_quantile_adaptive | Outcome: SAFE               | Leaves:   1432 | Clr: 73.828 mm | t_trial: 11.681 s

[PLANNED RESTART] Trial count 176: Triggering planned restart 22...
[PLANNED RESTART] Terminating existing move_group process...
[PLANNED RESTART COMPLETE] New PID: 172483 | Ready in 11.514 s | Initial RSS: 168.59 MB
[177/3720] 0kitchen_use-the-kettle_GT.json     | combined_quantile_adaptive | Outcome: SAFE               | Leaves:   1432 | Clr: 77.734 mm | t_trial: 12.574 s
[178/3720] 0kitchen_use-the-kettle_GT.json     | affordance_inherit         | Outcome: SAFE               | Leaves:   7624 | Clr: 75.586 mm | t_trial: 12.026 s
[179/3720] 0kitchen_use-the-kettle_GT.json     | affordance_inherit         | Outcome: SAFE               | Leaves:   7624 | Clr: 72.852 mm | t_trial: 12.111 s
[180/3720] 0kitchen_use-the-kettle_GT.json     | affordance_inherit         | Outcome: SAFE               | Leaves:   7624 | Clr: 76.172 mm | t_trial: 11.508 s
[181/3720] 0kitchen_use-the-kettle_GT.json     | label_inherit              | Outcome: SAFE               | Leaves:   1432 | Clr: 74.414 mm | t_trial: 11.015 s
[182/3720] 0kitchen_use-the-kettle_GT.json     | label_inherit              | Outcome: SAFE               | Leaves:   1432 | Clr: 73.438 mm | t_trial: 11.135 s
[183/3720] 0kitchen_use-the-kettle_GT.json     | label_inherit              | Outcome: SAFE               | Leaves:   1432 | Clr: 76.953 mm | t_trial: 11.317 s
[184/3720] 0kitchen_use-the-kettle_GT.json     | label_only                 | Outcome: SAFE               | Leaves:   1129 | Clr: 73.828 mm | t_trial: 12.119 s

[PLANNED RESTART] Trial count 184: Triggering planned restart 23...
[PLANNED RESTART] Terminating existing move_group process...
[PLANNED RESTART COMPLETE] New PID: 174428 | Ready in 11.548 s | Initial RSS: 168.51 MB
[185/3720] 0kitchen_use-the-kettle_GT.json     | label_only                 | Outcome: SAFE               | Leaves:   1129 | Clr: 73.828 mm | t_trial: 12.816 s
[186/3720] 0kitchen_use-the-kettle_GT.json     | label_only                 | Outcome: SAFE               | Leaves:   1129 | Clr: 71.289 mm | t_trial: 12.516 s
[187/3720] 0kitchen_use-the-kettle_GT.json     | combined_inherit           | Outcome: SAFE               | Leaves:   1432 | Clr: 76.172 mm | t_trial: 11.861 s
[188/3720] 0kitchen_use-the-kettle_GT.json     | combined_inherit           | Outcome: SAFE               | Leaves:   1432 | Clr: 78.906 mm | t_trial: 11.581 s
[189/3720] 0kitchen_use-the-kettle_GT.json     | combined_inherit           | Outcome: SAFE               | Leaves:   1432 | Clr: 75.781 mm | t_trial: 10.911 s
[190/3720] 0kitchen_use-the-kettle_GT.json     | information_bottleneck     | Outcome: SAFE               | Leaves:   1432 | Clr: 75.586 mm | t_trial: 11.670 s
[191/3720] 0kitchen_use-the-kettle_GT.json     | information_bottleneck     | Outcome: SAFE               | Leaves:   1432 | Clr: 78.516 mm | t_trial: 11.478 s
[192/3720] 0kitchen_use-the-kettle_GT.json     | information_bottleneck     | Outcome: SAFE               | Leaves:   1432 | Clr: 75.586 mm | t_trial: 11.476 s

[PLANNED RESTART] Trial count 192: Triggering planned restart 24...
[PLANNED RESTART] Terminating existing move_group process...
[PLANNED RESTART COMPLETE] New PID: 176356 | Ready in 11.505 s | Initial RSS: 168.70 MB
[193/3720] 0kitchen_i-am-hungry_2_GT.json      | identity                   | Outcome: SAFE               | Leaves: 104685 | Clr: 142.773 mm | t_trial: 14.059 s
[194/3720] 0kitchen_i-am-hungry_2_GT.json      | identity                   | Outcome: SAFE               | Leaves: 104685 | Clr: 142.969 mm | t_trial: 12.522 s
[195/3720] 0kitchen_i-am-hungry_2_GT.json      | identity                   | Outcome: SAFE               | Leaves: 104685 | Clr: 142.969 mm | t_trial: 12.122 s
[196/3720] 0kitchen_i-am-hungry_2_GT.json      | label_radius               | Outcome: SAFE               | Leaves:   9803 | Clr: 142.969 mm | t_trial: 11.201 s
[197/3720] 0kitchen_i-am-hungry_2_GT.json      | label_radius               | Outcome: SAFE               | Leaves:   9803 | Clr: 142.969 mm | t_trial: 11.406 s
[198/3720] 0kitchen_i-am-hungry_2_GT.json      | label_radius               | Outcome: SAFE               | Leaves:   9803 | Clr: 142.969 mm | t_trial: 11.303 s
[199/3720] 0kitchen_i-am-hungry_2_GT.json      | combined_quantile_adaptive | Outcome: SAFE               | Leaves:   6760 | Clr: 142.773 mm | t_trial: 11.319 s
[200/3720] 0kitchen_i-am-hungry_2_GT.json      | combined_quantile_adaptive | Outcome: SAFE               | Leaves:   6760 | Clr: 142.969 mm | t_trial: 12.384 s

[PLANNED RESTART] Trial count 200: Triggering planned restart 25...
[PLANNED RESTART] Terminating existing move_group process...
[PLANNED RESTART COMPLETE] New PID: 178337 | Ready in 11.472 s | Initial RSS: 168.69 MB
[201/3720] 0kitchen_i-am-hungry_2_GT.json      | combined_quantile_adaptive | Outcome: SAFE               | Leaves:   6760 | Clr: 142.773 mm | t_trial: 13.358 s
[202/3720] 0kitchen_i-am-hungry_2_GT.json      | affordance_inherit         | Outcome: SAFE               | Leaves:   3827 | Clr: 142.969 mm | t_trial: 12.586 s
[203/3720] 0kitchen_i-am-hungry_2_GT.json      | affordance_inherit         | Outcome: SAFE               | Leaves:   3827 | Clr: 142.969 mm | t_trial: 12.279 s
[204/3720] 0kitchen_i-am-hungry_2_GT.json      | affordance_inherit         | Outcome: SAFE               | Leaves:   3827 | Clr: 142.969 mm | t_trial: 11.259 s
[205/3720] 0kitchen_i-am-hungry_2_GT.json      | label_inherit              | Outcome: SAFE               | Leaves:   6760 | Clr: 142.969 mm | t_trial: 11.834 s
[206/3720] 0kitchen_i-am-hungry_2_GT.json      | label_inherit              | Outcome: SAFE               | Leaves:   6760 | Clr: 142.773 mm | t_trial: 11.489 s
[207/3720] 0kitchen_i-am-hungry_2_GT.json      | label_inherit              | Outcome: SAFE               | Leaves:   6760 | Clr: 142.969 mm | t_trial: 11.190 s
[208/3720] 0kitchen_i-am-hungry_2_GT.json      | label_only                 | Outcome: SAFE               | Leaves:   6436 | Clr: 142.969 mm | t_trial: 11.617 s

[PLANNED RESTART] Trial count 208: Triggering planned restart 26...
[PLANNED RESTART] Terminating existing move_group process...
[PLANNED RESTART COMPLETE] New PID: 180304 | Ready in 11.519 s | Initial RSS: 168.11 MB
[209/3720] 0kitchen_i-am-hungry_2_GT.json      | label_only                 | Outcome: SAFE               | Leaves:   6436 | Clr: 142.969 mm | t_trial: 12.932 s
[210/3720] 0kitchen_i-am-hungry_2_GT.json      | label_only                 | Outcome: SAFE               | Leaves:   6436 | Clr: 142.773 mm | t_trial: 11.989 s
[211/3720] 0kitchen_i-am-hungry_2_GT.json      | combined_inherit           | Outcome: SAFE               | Leaves:   6760 | Clr: 142.969 mm | t_trial: 11.783 s
[212/3720] 0kitchen_i-am-hungry_2_GT.json      | combined_inherit           | Outcome: SAFE               | Leaves:   6760 | Clr: 142.773 mm | t_trial: 11.983 s
[213/3720] 0kitchen_i-am-hungry_2_GT.json      | combined_inherit           | Outcome: SAFE               | Leaves:   6760 | Clr: 142.969 mm | t_trial: 11.824 s
[214/3720] 0kitchen_i-am-hungry_2_GT.json      | information_bottleneck     | Outcome: SAFE               | Leaves:  34878 | Clr: 142.773 mm | t_trial: 11.671 s
[215/3720] 0kitchen_i-am-hungry_2_GT.json      | information_bottleneck     | Outcome: SAFE               | Leaves:  34878 | Clr: 142.773 mm | t_trial: 11.431 s
[216/3720] 0kitchen_i-am-hungry_2_GT.json      | information_bottleneck     | Outcome: SAFE               | Leaves:  34878 | Clr: 142.773 mm | t_trial: 11.918 s

[PLANNED RESTART] Trial count 216: Triggering planned restart 27...
[PLANNED RESTART] Terminating existing move_group process...
[PLANNED RESTART COMPLETE] New PID: 182264 | Ready in 11.558 s | Initial RSS: 168.37 MB
[217/3720] 0kitchen_i-am-hungry_3312a095_GT.json | identity                   | Outcome: SAFE               | Leaves: 104685 | Clr: 11.523 mm | t_trial: 12.570 s
[218/3720] 0kitchen_i-am-hungry_3312a095_GT.json | identity                   | Outcome: SAFE               | Leaves: 104685 | Clr: 11.719 mm | t_trial: 12.046 s
[219/3720] 0kitchen_i-am-hungry_3312a095_GT.json | identity                   | Outcome: SAFE               | Leaves: 104685 | Clr: 10.742 mm | t_trial: 11.855 s
[220/3720] 0kitchen_i-am-hungry_3312a095_GT.json | label_radius               | Outcome: BELIEF_PLAN_FAILED | Leaves:   9803 | Clr: N/A       | t_trial: 0.063 s
[221/3720] 0kitchen_i-am-hungry_3312a095_GT.json | label_radius               | Outcome: BELIEF_PLAN_FAILED | Leaves:   9803 | Clr: N/A       | t_trial: 0.057 s
[222/3720] 0kitchen_i-am-hungry_3312a095_GT.json | label_radius               | Outcome: BELIEF_PLAN_FAILED | Leaves:   9803 | Clr: N/A       | t_trial: 0.054 s
[223/3720] 0kitchen_i-am-hungry_3312a095_GT.json | combined_quantile_adaptive | Outcome: SAFE               | Leaves:   6760 | Clr: 10.156 mm | t_trial: 11.002 s
[224/3720] 0kitchen_i-am-hungry_3312a095_GT.json | combined_quantile_adaptive | Outcome: SAFE               | Leaves:   6760 | Clr: 10.156 mm | t_trial: 10.506 s

[PLANNED RESTART] Trial count 224: Triggering planned restart 28...
[PLANNED RESTART] Terminating existing move_group process...
[PLANNED RESTART COMPLETE] New PID: 183579 | Ready in 11.015 s | Initial RSS: 168.44 MB
[225/3720] 0kitchen_i-am-hungry_3312a095_GT.json | combined_quantile_adaptive | Outcome: SAFE               | Leaves:   6760 | Clr: 9.766 mm  | t_trial: 12.121 s
[226/3720] 0kitchen_i-am-hungry_3312a095_GT.json | affordance_inherit         | Outcome: SAFE               | Leaves:   3827 | Clr: 11.133 mm | t_trial: 11.374 s
[227/3720] 0kitchen_i-am-hungry_3312a095_GT.json | affordance_inherit         | Outcome: SAFE               | Leaves:   3827 | Clr: 9.570 mm  | t_trial: 11.482 s
[228/3720] 0kitchen_i-am-hungry_3312a095_GT.json | affordance_inherit         | Outcome: SAFE               | Leaves:   3827 | Clr: 11.914 mm | t_trial: 11.141 s
[229/3720] 0kitchen_i-am-hungry_3312a095_GT.json | label_inherit              | Outcome: SAFE               | Leaves:   6760 | Clr: 11.523 mm | t_trial: 11.064 s
[230/3720] 0kitchen_i-am-hungry_3312a095_GT.json | label_inherit              | Outcome: SAFE               | Leaves:   6760 | Clr: 11.328 mm | t_trial: 10.621 s
[231/3720] 0kitchen_i-am-hungry_3312a095_GT.json | label_inherit              | Outcome: SAFE               | Leaves:   6760 | Clr: 11.719 mm | t_trial: 10.892 s
[232/3720] 0kitchen_i-am-hungry_3312a095_GT.json | label_only                 | Outcome: SAFE               | Leaves:   6436 | Clr: 11.719 mm | t_trial: 11.670 s

[PLANNED RESTART] Trial count 232: Triggering planned restart 29...
[PLANNED RESTART] Terminating existing move_group process...
[PLANNED RESTART COMPLETE] New PID: 185453 | Ready in 11.476 s | Initial RSS: 168.52 MB
[233/3720] 0kitchen_i-am-hungry_3312a095_GT.json | label_only                 | Outcome: SAFE               | Leaves:   6436 | Clr: 10.742 mm | t_trial: 12.515 s
[234/3720] 0kitchen_i-am-hungry_3312a095_GT.json | label_only                 | Outcome: SAFE               | Leaves:   6436 | Clr: 12.305 mm | t_trial: 11.121 s
[235/3720] 0kitchen_i-am-hungry_3312a095_GT.json | combined_inherit           | Outcome: SAFE               | Leaves:   6760 | Clr: 10.742 mm | t_trial: 11.480 s
[236/3720] 0kitchen_i-am-hungry_3312a095_GT.json | combined_inherit           | Outcome: SAFE               | Leaves:   6760 | Clr: 9.766 mm  | t_trial: 11.241 s
[237/3720] 0kitchen_i-am-hungry_3312a095_GT.json | combined_inherit           | Outcome: SAFE               | Leaves:   6760 | Clr: 10.352 mm | t_trial: 10.969 s
[238/3720] 0kitchen_i-am-hungry_3312a095_GT.json | information_bottleneck     | Outcome: SAFE               | Leaves:  34878 | Clr: 10.156 mm | t_trial: 10.717 s
[239/3720] 0kitchen_i-am-hungry_3312a095_GT.json | information_bottleneck     | Outcome: SAFE               | Leaves:  34878 | Clr: 11.328 mm | t_trial: 10.594 s
[240/3720] 0kitchen_i-am-hungry_3312a095_GT.json | information_bottleneck     | Outcome: SAFE               | Leaves:  34878 | Clr: 9.766 mm  | t_trial: 11.956 s

[PLANNED RESTART] Trial count 240: Triggering planned restart 30...
[PLANNED RESTART] Terminating existing move_group process...
[PLANNED RESTART COMPLETE] New PID: 187314 | Ready in 11.518 s | Initial RSS: 168.51 MB
[241/3720] 0kitchen_i-am-hungry_3_GT.json      | identity                   | Outcome: SAFE               | Leaves: 104685 | Clr: 142.773 mm | t_trial: 13.728 s
[242/3720] 0kitchen_i-am-hungry_3_GT.json      | identity                   | Outcome: SAFE               | Leaves: 104685 | Clr: 142.969 mm | t_trial: 12.432 s
[243/3720] 0kitchen_i-am-hungry_3_GT.json      | identity                   | Outcome: SAFE               | Leaves: 104685 | Clr: 142.773 mm | t_trial: 12.545 s
[244/3720] 0kitchen_i-am-hungry_3_GT.json      | label_radius               | Outcome: SAFE               | Leaves:   9803 | Clr: 142.383 mm | t_trial: 11.844 s
[245/3720] 0kitchen_i-am-hungry_3_GT.json      | label_radius               | Outcome: SAFE               | Leaves:   9803 | Clr: 142.969 mm | t_trial: 11.337 s
[246/3720] 0kitchen_i-am-hungry_3_GT.json      | label_radius               | Outcome: SAFE               | Leaves:   9803 | Clr: 142.969 mm | t_trial: 11.213 s
[247/3720] 0kitchen_i-am-hungry_3_GT.json      | combined_quantile_adaptive | Outcome: SAFE               | Leaves:   6760 | Clr: 142.969 mm | t_trial: 11.139 s
[248/3720] 0kitchen_i-am-hungry_3_GT.json      | combined_quantile_adaptive | Outcome: SAFE               | Leaves:   6760 | Clr: 142.773 mm | t_trial: 12.291 s

[PLANNED RESTART] Trial count 248: Triggering planned restart 31...
[PLANNED RESTART] Terminating existing move_group process...
[PLANNED RESTART COMPLETE] New PID: 189297 | Ready in 11.473 s | Initial RSS: 168.34 MB
[249/3720] 0kitchen_i-am-hungry_3_GT.json      | combined_quantile_adaptive | Outcome: SAFE               | Leaves:   6760 | Clr: 142.773 mm | t_trial: 13.727 s
[250/3720] 0kitchen_i-am-hungry_3_GT.json      | affordance_inherit         | Outcome: SAFE               | Leaves:   3827 | Clr: 141.992 mm | t_trial: 12.777 s
[251/3720] 0kitchen_i-am-hungry_3_GT.json      | affordance_inherit         | Outcome: SAFE               | Leaves:   3827 | Clr: 142.969 mm | t_trial: 11.739 s
[252/3720] 0kitchen_i-am-hungry_3_GT.json      | affordance_inherit         | Outcome: SAFE               | Leaves:   3827 | Clr: 142.969 mm | t_trial: 11.758 s
[253/3720] 0kitchen_i-am-hungry_3_GT.json      | label_inherit              | Outcome: SAFE               | Leaves:   6760 | Clr: 142.969 mm | t_trial: 11.796 s
[254/3720] 0kitchen_i-am-hungry_3_GT.json      | label_inherit              | Outcome: SAFE               | Leaves:   6760 | Clr: 141.797 mm | t_trial: 11.610 s
[255/3720] 0kitchen_i-am-hungry_3_GT.json      | label_inherit              | Outcome: SAFE               | Leaves:   6760 | Clr: 142.969 mm | t_trial: 11.705 s
[256/3720] 0kitchen_i-am-hungry_3_GT.json      | label_only                 | Outcome: SAFE               | Leaves:   6436 | Clr: 142.773 mm | t_trial: 12.068 s

[PLANNED RESTART] Trial count 256: Triggering planned restart 32...
[PLANNED RESTART] Terminating existing move_group process...
[PLANNED RESTART COMPLETE] New PID: 191298 | Ready in 11.516 s | Initial RSS: 168.50 MB
[257/3720] 0kitchen_i-am-hungry_3_GT.json      | label_only                 | Outcome: SAFE               | Leaves:   6436 | Clr: 142.773 mm | t_trial: 12.968 s
[258/3720] 0kitchen_i-am-hungry_3_GT.json      | label_only                 | Outcome: SAFE               | Leaves:   6436 | Clr: 141.016 mm | t_trial: 12.592 s
[259/3720] 0kitchen_i-am-hungry_3_GT.json      | combined_inherit           | Outcome: SAFE               | Leaves:   6760 | Clr: 142.383 mm | t_trial: 12.063 s
[260/3720] 0kitchen_i-am-hungry_3_GT.json      | combined_inherit           | Outcome: SAFE               | Leaves:   6760 | Clr: 142.969 mm | t_trial: 11.768 s
[261/3720] 0kitchen_i-am-hungry_3_GT.json      | combined_inherit           | Outcome: SAFE               | Leaves:   6760 | Clr: 142.969 mm | t_trial: 11.809 s
[262/3720] 0kitchen_i-am-hungry_3_GT.json      | information_bottleneck     | Outcome: SAFE               | Leaves:  34878 | Clr: 142.969 mm | t_trial: 11.948 s
[263/3720] 0kitchen_i-am-hungry_3_GT.json      | information_bottleneck     | Outcome: SAFE               | Leaves:  34878 | Clr: 142.969 mm | t_trial: 11.321 s
[264/3720] 0kitchen_i-am-hungry_3_GT.json      | information_bottleneck     | Outcome: SAFE               | Leaves:  34878 | Clr: 142.969 mm | t_trial: 11.643 s

[PLANNED RESTART] Trial count 264: Triggering planned restart 33...
[PLANNED RESTART] Terminating existing move_group process...
[PLANNED RESTART COMPLETE] New PID: 193272 | Ready in 11.463 s | Initial RSS: 168.73 MB
[265/3720] 0kitchen_i-am-hungry_GT.json        | identity                   | Outcome: SAFE               | Leaves: 104685 | Clr: 118.945 mm | t_trial: 13.657 s
[266/3720] 0kitchen_i-am-hungry_GT.json        | identity                   | Outcome: SAFE               | Leaves: 104685 | Clr: 119.922 mm | t_trial: 12.265 s
[267/3720] 0kitchen_i-am-hungry_GT.json        | identity                   | Outcome: SAFE               | Leaves: 104685 | Clr: 118.555 mm | t_trial: 12.484 s
[268/3720] 0kitchen_i-am-hungry_GT.json        | label_radius               | Outcome: BELIEF_PLAN_FAILED | Leaves:   9803 | Clr: N/A       | t_trial: 0.064 s
[269/3720] 0kitchen_i-am-hungry_GT.json        | label_radius               | Outcome: BELIEF_PLAN_FAILED | Leaves:   9803 | Clr: N/A       | t_trial: 0.053 s
[270/3720] 0kitchen_i-am-hungry_GT.json        | label_radius               | Outcome: BELIEF_PLAN_FAILED | Leaves:   9803 | Clr: N/A       | t_trial: 0.053 s
[271/3720] 0kitchen_i-am-hungry_GT.json        | combined_quantile_adaptive | Outcome: BELIEF_PLAN_FAILED | Leaves:   6760 | Clr: N/A       | t_trial: 0.041 s
[272/3720] 0kitchen_i-am-hungry_GT.json        | combined_quantile_adaptive | Outcome: BELIEF_PLAN_FAILED | Leaves:   6760 | Clr: N/A       | t_trial: 0.041 s

[PLANNED RESTART] Trial count 272: Triggering planned restart 34...
[PLANNED RESTART] Terminating existing move_group process...
[PLANNED RESTART COMPLETE] New PID: 194252 | Ready in 12.117 s | Initial RSS: 168.78 MB
[273/3720] 0kitchen_i-am-hungry_GT.json        | combined_quantile_adaptive | Outcome: BELIEF_PLAN_FAILED | Leaves:   6760 | Clr: N/A       | t_trial: 0.048 s
[274/3720] 0kitchen_i-am-hungry_GT.json        | affordance_inherit         | Outcome: SAFE               | Leaves:   3827 | Clr: 120.508 mm | t_trial: 12.530 s
[275/3720] 0kitchen_i-am-hungry_GT.json        | affordance_inherit         | Outcome: SAFE               | Leaves:   3827 | Clr: 121.094 mm | t_trial: 11.863 s
[276/3720] 0kitchen_i-am-hungry_GT.json        | affordance_inherit         | Outcome: SAFE               | Leaves:   3827 | Clr: 120.312 mm | t_trial: 12.004 s
[277/3720] 0kitchen_i-am-hungry_GT.json        | label_inherit              | Outcome: SAFE               | Leaves:   6760 | Clr: 120.898 mm | t_trial: 11.803 s
[278/3720] 0kitchen_i-am-hungry_GT.json        | label_inherit              | Outcome: SAFE               | Leaves:   6760 | Clr: 118.359 mm | t_trial: 11.073 s
[279/3720] 0kitchen_i-am-hungry_GT.json        | label_inherit              | Outcome: SAFE               | Leaves:   6760 | Clr: 119.531 mm | t_trial: 11.817 s
[280/3720] 0kitchen_i-am-hungry_GT.json        | label_only                 | Outcome: SAFE               | Leaves:   6436 | Clr: 121.289 mm | t_trial: 11.114 s

[PLANNED RESTART] Trial count 280: Triggering planned restart 35...
[PLANNED RESTART] Terminating existing move_group process...
[PLANNED RESTART COMPLETE] New PID: 196006 | Ready in 11.477 s | Initial RSS: 168.64 MB
[281/3720] 0kitchen_i-am-hungry_GT.json        | label_only                 | Outcome: SAFE               | Leaves:   6436 | Clr: 121.289 mm | t_trial: 13.151 s
[282/3720] 0kitchen_i-am-hungry_GT.json        | label_only                 | Outcome: SAFE               | Leaves:   6436 | Clr: 119.531 mm | t_trial: 12.652 s
[283/3720] 0kitchen_i-am-hungry_GT.json        | combined_inherit           | Outcome: SAFE               | Leaves:   6760 | Clr: 118.750 mm | t_trial: 12.216 s
[284/3720] 0kitchen_i-am-hungry_GT.json        | combined_inherit           | Outcome: SAFE               | Leaves:   6760 | Clr: 121.484 mm | t_trial: 11.733 s
[285/3720] 0kitchen_i-am-hungry_GT.json        | combined_inherit           | Outcome: SAFE               | Leaves:   6760 | Clr: 120.703 mm | t_trial: 11.579 s
[286/3720] 0kitchen_i-am-hungry_GT.json        | information_bottleneck     | Outcome: SAFE               | Leaves:  34878 | Clr: 121.680 mm | t_trial: 11.429 s
[287/3720] 0kitchen_i-am-hungry_GT.json        | information_bottleneck     | Outcome: SAFE               | Leaves:  34878 | Clr: 118.164 mm | t_trial: 11.625 s
[288/3720] 0kitchen_i-am-hungry_GT.json        | information_bottleneck     | Outcome: SAFE               | Leaves:  34878 | Clr: 118.945 mm | t_trial: 12.541 s

[PLANNED RESTART] Trial count 288: Triggering planned restart 36...
[PLANNED RESTART] Terminating existing move_group process...
[PLANNED RESTART COMPLETE] New PID: 197992 | Ready in 11.472 s | Initial RSS: 168.41 MB
[289/3720] 0kitchen_i-need-to-clean-the-dirty-dishes_GT.json | identity                   | Outcome: SAFE               | Leaves: 104685 | Clr: 35.547 mm | t_trial: 13.029 s
[290/3720] 0kitchen_i-need-to-clean-the-dirty-dishes_GT.json | identity                   | Outcome: SAFE               | Leaves: 104685 | Clr: 36.328 mm | t_trial: 11.900 s
[291/3720] 0kitchen_i-need-to-clean-the-dirty-dishes_GT.json | identity                   | Outcome: SAFE               | Leaves: 104685 | Clr: 40.820 mm | t_trial: 11.833 s
[292/3720] 0kitchen_i-need-to-clean-the-dirty-dishes_GT.json | label_radius               | Outcome: BELIEF_PLAN_FAILED | Leaves:  12875 | Clr: N/A       | t_trial: 0.065 s
[293/3720] 0kitchen_i-need-to-clean-the-dirty-dishes_GT.json | label_radius               | Outcome: BELIEF_PLAN_FAILED | Leaves:  12875 | Clr: N/A       | t_trial: 0.054 s
[294/3720] 0kitchen_i-need-to-clean-the-dirty-dishes_GT.json | label_radius               | Outcome: BELIEF_PLAN_FAILED | Leaves:  12875 | Clr: N/A       | t_trial: 0.068 s
[295/3720] 0kitchen_i-need-to-clean-the-dirty-dishes_GT.json | combined_quantile_adaptive | Outcome: SAFE               | Leaves:   7778 | Clr: 39.063 mm | t_trial: 10.759 s
[296/3720] 0kitchen_i-need-to-clean-the-dirty-dishes_GT.json | combined_quantile_adaptive | Outcome: SAFE               | Leaves:   7778 | Clr: 38.672 mm | t_trial: 11.359 s

[PLANNED RESTART] Trial count 296: Triggering planned restart 37...
[PLANNED RESTART] Terminating existing move_group process...
[PLANNED RESTART COMPLETE] New PID: 199314 | Ready in 11.514 s | Initial RSS: 168.40 MB
[297/3720] 0kitchen_i-need-to-clean-the-dirty-dishes_GT.json | combined_quantile_adaptive | Outcome: SAFE               | Leaves:   7778 | Clr: 36.328 mm | t_trial: 12.230 s
[298/3720] 0kitchen_i-need-to-clean-the-dirty-dishes_GT.json | affordance_inherit         | Outcome: SAFE               | Leaves:   7624 | Clr: 38.867 mm | t_trial: 12.024 s
[299/3720] 0kitchen_i-need-to-clean-the-dirty-dishes_GT.json | affordance_inherit         | Outcome: SAFE               | Leaves:   7624 | Clr: 37.695 mm | t_trial: 11.810 s
[300/3720] 0kitchen_i-need-to-clean-the-dirty-dishes_GT.json | affordance_inherit         | Outcome: SAFE               | Leaves:   7624 | Clr: 37.891 mm | t_trial: 11.307 s
[301/3720] 0kitchen_i-need-to-clean-the-dirty-dishes_GT.json | label_inherit              | Outcome: SAFE               | Leaves:   7778 | Clr: 38.867 mm | t_trial: 11.368 s
[302/3720] 0kitchen_i-need-to-clean-the-dirty-dishes_GT.json | label_inherit              | Outcome: SAFE               | Leaves:   7778 | Clr: 38.281 mm | t_trial: 10.974 s
[303/3720] 0kitchen_i-need-to-clean-the-dirty-dishes_GT.json | label_inherit              | Outcome: SAFE               | Leaves:   7778 | Clr: 39.648 mm | t_trial: 11.361 s
[304/3720] 0kitchen_i-need-to-clean-the-dirty-dishes_GT.json | label_only                 | Outcome: SAFE               | Leaves:   7778 | Clr: 40.234 mm | t_trial: 11.376 s

[PLANNED RESTART] Trial count 304: Triggering planned restart 38...
[PLANNED RESTART] Terminating existing move_group process...
[PLANNED RESTART COMPLETE] New PID: 201229 | Ready in 11.517 s | Initial RSS: 168.51 MB
[305/3720] 0kitchen_i-need-to-clean-the-dirty-dishes_GT.json | label_only                 | Outcome: SAFE               | Leaves:   7778 | Clr: 36.914 mm | t_trial: 12.725 s
[306/3720] 0kitchen_i-need-to-clean-the-dirty-dishes_GT.json | label_only                 | Outcome: SAFE               | Leaves:   7778 | Clr: 37.305 mm | t_trial: 12.203 s
[307/3720] 0kitchen_i-need-to-clean-the-dirty-dishes_GT.json | combined_inherit           | Outcome: SAFE               | Leaves:   7778 | Clr: 36.523 mm | t_trial: 11.297 s
[308/3720] 0kitchen_i-need-to-clean-the-dirty-dishes_GT.json | combined_inherit           | Outcome: SAFE               | Leaves:   7778 | Clr: 37.305 mm | t_trial: 10.753 s
[309/3720] 0kitchen_i-need-to-clean-the-dirty-dishes_GT.json | combined_inherit           | Outcome: SAFE               | Leaves:   7778 | Clr: 39.258 mm | t_trial: 11.422 s
[310/3720] 0kitchen_i-need-to-clean-the-dirty-dishes_GT.json | information_bottleneck     | Outcome: SAFE               | Leaves:  53943 | Clr: 40.234 mm | t_trial: 11.600 s
[311/3720] 0kitchen_i-need-to-clean-the-dirty-dishes_GT.json | information_bottleneck     | Outcome: SAFE               | Leaves:  53943 | Clr: 38.672 mm | t_trial: 11.463 s
[312/3720] 0kitchen_i-need-to-clean-the-dirty-dishes_GT.json | information_bottleneck     | Outcome: SAFE               | Leaves:  53943 | Clr: 39.063 mm | t_trial: 11.751 s

[PLANNED RESTART] Trial count 312: Triggering planned restart 39...
[PLANNED RESTART] Terminating existing move_group process...
[PLANNED RESTART COMPLETE] New PID: 203158 | Ready in 11.466 s | Initial RSS: 168.62 MB
[313/3720] 0kitchen_i-want-a-hot-cup-of-tea_GT.json | identity                   | Outcome: SAFE               | Leaves: 104685 | Clr: 73.828 mm | t_trial: 13.193 s
[314/3720] 0kitchen_i-want-a-hot-cup-of-tea_GT.json | identity                   | Outcome: SAFE               | Leaves: 104685 | Clr: 77.539 mm | t_trial: 12.164 s
[315/3720] 0kitchen_i-want-a-hot-cup-of-tea_GT.json | identity                   | Outcome: SAFE               | Leaves: 104685 | Clr: 73.438 mm | t_trial: 12.358 s
[316/3720] 0kitchen_i-want-a-hot-cup-of-tea_GT.json | label_radius               | Outcome: SAFE               | Leaves:  19052 | Clr: 77.930 mm | t_trial: 11.515 s
[317/3720] 0kitchen_i-want-a-hot-cup-of-tea_GT.json | label_radius               | Outcome: SAFE               | Leaves:  19052 | Clr: 75.391 mm | t_trial: 11.043 s
[318/3720] 0kitchen_i-want-a-hot-cup-of-tea_GT.json | label_radius               | Outcome: SAFE               | Leaves:  19052 | Clr: 74.609 mm | t_trial: 11.650 s
[319/3720] 0kitchen_i-want-a-hot-cup-of-tea_GT.json | combined_quantile_adaptive | Outcome: SAFE               | Leaves:   1432 | Clr: 75.391 mm | t_trial: 11.391 s
[320/3720] 0kitchen_i-want-a-hot-cup-of-tea_GT.json | combined_quantile_adaptive | Outcome: SAFE               | Leaves:   1432 | Clr: 75.391 mm | t_trial: 11.917 s

[PLANNED RESTART] Trial count 320: Triggering planned restart 40...
[PLANNED RESTART] Terminating existing move_group process...
[PLANNED RESTART COMPLETE] New PID: 205100 | Ready in 11.467 s | Initial RSS: 168.66 MB
[321/3720] 0kitchen_i-want-a-hot-cup-of-tea_GT.json | combined_quantile_adaptive | Outcome: SAFE               | Leaves:   1432 | Clr: 75.195 mm | t_trial: 12.802 s
[322/3720] 0kitchen_i-want-a-hot-cup-of-tea_GT.json | affordance_inherit         | Outcome: SAFE               | Leaves:   3827 | Clr: 77.148 mm | t_trial: 12.580 s
[323/3720] 0kitchen_i-want-a-hot-cup-of-tea_GT.json | affordance_inherit         | Outcome: SAFE               | Leaves:   3827 | Clr: 74.023 mm | t_trial: 11.879 s
[324/3720] 0kitchen_i-want-a-hot-cup-of-tea_GT.json | affordance_inherit         | Outcome: SAFE               | Leaves:   3827 | Clr: 73.828 mm | t_trial: 11.477 s
[325/3720] 0kitchen_i-want-a-hot-cup-of-tea_GT.json | label_inherit              | Outcome: SAFE               | Leaves:   1432 | Clr: 75.781 mm | t_trial: 10.925 s
[326/3720] 0kitchen_i-want-a-hot-cup-of-tea_GT.json | label_inherit              | Outcome: SAFE               | Leaves:   1432 | Clr: 77.930 mm | t_trial: 11.505 s
[327/3720] 0kitchen_i-want-a-hot-cup-of-tea_GT.json | label_inherit              | Outcome: SAFE               | Leaves:   1432 | Clr: 73.047 mm | t_trial: 11.446 s
[328/3720] 0kitchen_i-want-a-hot-cup-of-tea_GT.json | label_only                 | Outcome: SAFE               | Leaves:   1129 | Clr: 74.414 mm | t_trial: 11.638 s

[PLANNED RESTART] Trial count 328: Triggering planned restart 41...
[PLANNED RESTART] Terminating existing move_group process...
[PLANNED RESTART COMPLETE] New PID: 207054 | Ready in 11.460 s | Initial RSS: 168.73 MB
[329/3720] 0kitchen_i-want-a-hot-cup-of-tea_GT.json | label_only                 | Outcome: SAFE               | Leaves:   1129 | Clr: 77.148 mm | t_trial: 12.704 s
[330/3720] 0kitchen_i-want-a-hot-cup-of-tea_GT.json | label_only                 | Outcome: SAFE               | Leaves:   1129 | Clr: 76.953 mm | t_trial: 11.929 s
[331/3720] 0kitchen_i-want-a-hot-cup-of-tea_GT.json | combined_inherit           | Outcome: SAFE               | Leaves:   1432 | Clr: 77.148 mm | t_trial: 12.063 s
[332/3720] 0kitchen_i-want-a-hot-cup-of-tea_GT.json | combined_inherit           | Outcome: SAFE               | Leaves:   1432 | Clr: 75.977 mm | t_trial: 11.526 s
[333/3720] 0kitchen_i-want-a-hot-cup-of-tea_GT.json | combined_inherit           | Outcome: SAFE               | Leaves:   1432 | Clr: 77.930 mm | t_trial: 11.483 s
[334/3720] 0kitchen_i-want-a-hot-cup-of-tea_GT.json | information_bottleneck     | Outcome: SAFE               | Leaves:   5095 | Clr: 76.758 mm | t_trial: 11.679 s
[335/3720] 0kitchen_i-want-a-hot-cup-of-tea_GT.json | information_bottleneck     | Outcome: SAFE               | Leaves:   5095 | Clr: 75.391 mm | t_trial: 11.355 s
[336/3720] 0kitchen_i-want-a-hot-cup-of-tea_GT.json | information_bottleneck     | Outcome: SAFE               | Leaves:   5095 | Clr: 77.734 mm | t_trial: 11.389 s

[PLANNED RESTART] Trial count 336: Triggering planned restart 42...
[PLANNED RESTART] Terminating existing move_group process...
[PLANNED RESTART COMPLETE] New PID: 208999 | Ready in 11.567 s | Initial RSS: 169.01 MB
[337/3720] 0kitchen_someone-is-knocking-at-the-door_GT.json | identity                   | Outcome: SAFE               | Leaves: 104685 | Clr: 149.805 mm | t_trial: 13.177 s
[338/3720] 0kitchen_someone-is-knocking-at-the-door_GT.json | identity                   | Outcome: SAFE               | Leaves: 104685 | Clr: 153.320 mm | t_trial: 12.752 s
[339/3720] 0kitchen_someone-is-knocking-at-the-door_GT.json | identity                   | Outcome: SAFE               | Leaves: 104685 | Clr: 152.930 mm | t_trial: 12.648 s
[340/3720] 0kitchen_someone-is-knocking-at-the-door_GT.json | label_radius               | Outcome: SAFE               | Leaves:  22383 | Clr: 150.977 mm | t_trial: 11.810 s
[341/3720] 0kitchen_someone-is-knocking-at-the-door_GT.json | label_radius               | Outcome: SAFE               | Leaves:  22383 | Clr: 152.930 mm | t_trial: 11.915 s
[342/3720] 0kitchen_someone-is-knocking-at-the-door_GT.json | label_radius               | Outcome: SAFE               | Leaves:  22383 | Clr: 147.656 mm | t_trial: 11.228 s
[343/3720] 0kitchen_someone-is-knocking-at-the-door_GT.json | combined_quantile_adaptive | Outcome: SAFE               | Leaves:  22208 | Clr: 153.516 mm | t_trial: 11.851 s
[344/3720] 0kitchen_someone-is-knocking-at-the-door_GT.json | combined_quantile_adaptive | Outcome: SAFE               | Leaves:  22208 | Clr: 147.461 mm | t_trial: 11.700 s

[PLANNED RESTART] Trial count 344: Triggering planned restart 43...
[PLANNED RESTART] Terminating existing move_group process...
[PLANNED RESTART COMPLETE] New PID: 210966 | Ready in 11.508 s | Initial RSS: 168.13 MB
[345/3720] 0kitchen_someone-is-knocking-at-the-door_GT.json | combined_quantile_adaptive | Outcome: SAFE               | Leaves:  22208 | Clr: 150.586 mm | t_trial: 13.132 s
[346/3720] 0kitchen_someone-is-knocking-at-the-door_GT.json | affordance_inherit         | Outcome: SAFE               | Leaves:  13770 | Clr: 146.875 mm | t_trial: 12.359 s
[347/3720] 0kitchen_someone-is-knocking-at-the-door_GT.json | affordance_inherit         | Outcome: SAFE               | Leaves:  13770 | Clr: 153.320 mm | t_trial: 11.888 s
[348/3720] 0kitchen_someone-is-knocking-at-the-door_GT.json | affordance_inherit         | Outcome: SAFE               | Leaves:  13770 | Clr: 150.000 mm | t_trial: 11.774 s
[349/3720] 0kitchen_someone-is-knocking-at-the-door_GT.json | label_inherit              | Outcome: SAFE               | Leaves:  22208 | Clr: 149.609 mm | t_trial: 11.811 s
[350/3720] 0kitchen_someone-is-knocking-at-the-door_GT.json | label_inherit              | Outcome: SAFE               | Leaves:  22208 | Clr: 152.148 mm | t_trial: 11.482 s
[351/3720] 0kitchen_someone-is-knocking-at-the-door_GT.json | label_inherit              | Outcome: SAFE               | Leaves:  22208 | Clr: 148.828 mm | t_trial: 11.646 s
[352/3720] 0kitchen_someone-is-knocking-at-the-door_GT.json | label_only                 | Outcome: SAFE               | Leaves:  22127 | Clr: 151.758 mm | t_trial: 11.865 s

[PLANNED RESTART] Trial count 352: Triggering planned restart 44...
[PLANNED RESTART] Terminating existing move_group process...
[PLANNED RESTART COMPLETE] New PID: 212955 | Ready in 11.616 s | Initial RSS: 168.21 MB
[353/3720] 0kitchen_someone-is-knocking-at-the-door_GT.json | label_only                 | Outcome: SAFE               | Leaves:  22127 | Clr: 147.461 mm | t_trial: 13.206 s
[354/3720] 0kitchen_someone-is-knocking-at-the-door_GT.json | label_only                 | Outcome: SAFE               | Leaves:  22127 | Clr: 147.461 mm | t_trial: 12.509 s
[355/3720] 0kitchen_someone-is-knocking-at-the-door_GT.json | combined_inherit           | Outcome: SAFE               | Leaves:  22208 | Clr: 153.516 mm | t_trial: 12.293 s
[356/3720] 0kitchen_someone-is-knocking-at-the-door_GT.json | combined_inherit           | Outcome: SAFE               | Leaves:  22208 | Clr: 147.461 mm | t_trial: 11.833 s
[357/3720] 0kitchen_someone-is-knocking-at-the-door_GT.json | combined_inherit           | Outcome: SAFE               | Leaves:  22208 | Clr: 149.414 mm | t_trial: 11.836 s
[358/3720] 0kitchen_someone-is-knocking-at-the-door_GT.json | information_bottleneck     | Outcome: SAFE               | Leaves:  22208 | Clr: 150.977 mm | t_trial: 11.859 s
[359/3720] 0kitchen_someone-is-knocking-at-the-door_GT.json | information_bottleneck     | Outcome: SAFE               | Leaves:  22208 | Clr: 152.539 mm | t_trial: 11.246 s
[360/3720] 0kitchen_someone-is-knocking-at-the-door_GT.json | information_bottleneck     | Outcome: SAFE               | Leaves:  22208 | Clr: 149.805 mm | t_trial: 11.740 s

[PLANNED RESTART] Trial count 360: Triggering planned restart 45...
[PLANNED RESTART] Terminating existing move_group process...
[PLANNED RESTART COMPLETE] New PID: 214948 | Ready in 11.518 s | Initial RSS: 168.13 MB
[361/3720] 0kitchen_there-is-smoke-in-the-room_GT.json | identity                   | Outcome: SAFE               | Leaves: 104685 | Clr: 194.922 mm | t_trial: 13.421 s
[362/3720] 0kitchen_there-is-smoke-in-the-room_GT.json | identity                   | Outcome: SAFE               | Leaves: 104685 | Clr: 196.680 mm | t_trial: 12.352 s
[363/3720] 0kitchen_there-is-smoke-in-the-room_GT.json | identity                   | Outcome: SAFE               | Leaves: 104685 | Clr: 199.219 mm | t_trial: 12.613 s
[364/3720] 0kitchen_there-is-smoke-in-the-room_GT.json | label_radius               | Outcome: SAFE               | Leaves:   5638 | Clr: 198.047 mm | t_trial: 11.635 s
[365/3720] 0kitchen_there-is-smoke-in-the-room_GT.json | label_radius               | Outcome: SAFE               | Leaves:   5638 | Clr: 196.094 mm | t_trial: 11.684 s
[366/3720] 0kitchen_there-is-smoke-in-the-room_GT.json | label_radius               | Outcome: SAFE               | Leaves:   5638 | Clr: 197.461 mm | t_trial: 11.686 s
[367/3720] 0kitchen_there-is-smoke-in-the-room_GT.json | combined_quantile_adaptive | Outcome: SAFE               | Leaves:   5581 | Clr: 197.461 mm | t_trial: 11.180 s
[368/3720] 0kitchen_there-is-smoke-in-the-room_GT.json | combined_quantile_adaptive | Outcome: SAFE               | Leaves:   5581 | Clr: 194.922 mm | t_trial: 11.993 s

[PLANNED RESTART] Trial count 368: Triggering planned restart 46...
[PLANNED RESTART] Terminating existing move_group process...
[PLANNED RESTART COMPLETE] New PID: 216924 | Ready in 11.468 s | Initial RSS: 168.89 MB
[369/3720] 0kitchen_there-is-smoke-in-the-room_GT.json | combined_quantile_adaptive | Outcome: SAFE               | Leaves:   5581 | Clr: 198.047 mm | t_trial: 12.897 s
[370/3720] 0kitchen_there-is-smoke-in-the-room_GT.json | affordance_inherit         | Outcome: SAFE               | Leaves:   4309 | Clr: 195.312 mm | t_trial: 12.456 s
[371/3720] 0kitchen_there-is-smoke-in-the-room_GT.json | affordance_inherit         | Outcome: SAFE               | Leaves:   4309 | Clr: 199.023 mm | t_trial: 12.182 s
[372/3720] 0kitchen_there-is-smoke-in-the-room_GT.json | affordance_inherit         | Outcome: SAFE               | Leaves:   4309 | Clr: 199.805 mm | t_trial: 11.691 s
[373/3720] 0kitchen_there-is-smoke-in-the-room_GT.json | label_inherit              | Outcome: SAFE               | Leaves:   5581 | Clr: 198.242 mm | t_trial: 11.667 s
[374/3720] 0kitchen_there-is-smoke-in-the-room_GT.json | label_inherit              | Outcome: SAFE               | Leaves:   5581 | Clr: 195.508 mm | t_trial: 11.800 s
[375/3720] 0kitchen_there-is-smoke-in-the-room_GT.json | label_inherit              | Outcome: SAFE               | Leaves:   5581 | Clr: 198.828 mm | t_trial: 11.570 s
[376/3720] 0kitchen_there-is-smoke-in-the-room_GT.json | label_only                 | Outcome: SAFE               | Leaves:   5483 | Clr: 199.023 mm | t_trial: 12.535 s

[PLANNED RESTART] Trial count 376: Triggering planned restart 47...
[PLANNED RESTART] Terminating existing move_group process...
[PLANNED RESTART COMPLETE] New PID: 218917 | Ready in 11.458 s | Initial RSS: 168.73 MB
[377/3720] 0kitchen_there-is-smoke-in-the-room_GT.json | label_only                 | Outcome: SAFE               | Leaves:   5483 | Clr: 196.289 mm | t_trial: 12.746 s
[378/3720] 0kitchen_there-is-smoke-in-the-room_GT.json | label_only                 | Outcome: SAFE               | Leaves:   5483 | Clr: 196.289 mm | t_trial: 12.285 s
[379/3720] 0kitchen_there-is-smoke-in-the-room_GT.json | combined_inherit           | Outcome: SAFE               | Leaves:   5581 | Clr: 196.289 mm | t_trial: 12.299 s
[380/3720] 0kitchen_there-is-smoke-in-the-room_GT.json | combined_inherit           | Outcome: SAFE               | Leaves:   5581 | Clr: 199.219 mm | t_trial: 11.221 s
[381/3720] 0kitchen_there-is-smoke-in-the-room_GT.json | combined_inherit           | Outcome: SAFE               | Leaves:   5581 | Clr: 197.461 mm | t_trial: 11.212 s
[382/3720] 0kitchen_there-is-smoke-in-the-room_GT.json | information_bottleneck     | Outcome: SAFE               | Leaves:   5483 | Clr: 196.484 mm | t_trial: 11.838 s
[383/3720] 0kitchen_there-is-smoke-in-the-room_GT.json | information_bottleneck     | Outcome: SAFE               | Leaves:   5483 | Clr: 197.070 mm | t_trial: 11.602 s
[384/3720] 0kitchen_there-is-smoke-in-the-room_GT.json | information_bottleneck     | Outcome: SAFE               | Leaves:   5483 | Clr: 198.828 mm | t_trial: 11.906 s

[PLANNED RESTART] Trial count 384: Triggering planned restart 48...
[PLANNED RESTART] Terminating existing move_group process...
[PLANNED RESTART COMPLETE] New PID: 220867 | Ready in 11.496 s | Initial RSS: 168.59 MB
[385/3720] 1bathroom_flush-the-toilet_GT.json  | identity                   | Outcome: SAFE               | Leaves:  73336 | Clr: 157.813 mm | t_trial: 13.896 s
[386/3720] 1bathroom_flush-the-toilet_GT.json  | identity                   | Outcome: SAFE               | Leaves:  73336 | Clr: 158.789 mm | t_trial: 12.843 s
[387/3720] 1bathroom_flush-the-toilet_GT.json  | identity                   | Outcome: SAFE               | Leaves:  73336 | Clr: 160.938 mm | t_trial: 12.588 s
[388/3720] 1bathroom_flush-the-toilet_GT.json  | label_radius               | Outcome: SAFE               | Leaves:   9899 | Clr: 161.328 mm | t_trial: 11.934 s
[389/3720] 1bathroom_flush-the-toilet_GT.json  | label_radius               | Outcome: SAFE               | Leaves:   9899 | Clr: 160.352 mm | t_trial: 12.006 s
[390/3720] 1bathroom_flush-the-toilet_GT.json  | label_radius               | Outcome: SAFE               | Leaves:   9899 | Clr: 158.203 mm | t_trial: 12.011 s
[391/3720] 1bathroom_flush-the-toilet_GT.json  | combined_quantile_adaptive | Outcome: SAFE               | Leaves:   5890 | Clr: 162.500 mm | t_trial: 11.358 s
[392/3720] 1bathroom_flush-the-toilet_GT.json  | combined_quantile_adaptive | Outcome: SAFE               | Leaves:   5890 | Clr: 157.617 mm | t_trial: 11.951 s

[PLANNED RESTART] Trial count 392: Triggering planned restart 49...
[PLANNED RESTART] Terminating existing move_group process...
[PLANNED RESTART COMPLETE] New PID: 222878 | Ready in 11.465 s | Initial RSS: 168.61 MB
[393/3720] 1bathroom_flush-the-toilet_GT.json  | combined_quantile_adaptive | Outcome: SAFE               | Leaves:   5890 | Clr: 158.984 mm | t_trial: 13.003 s
[394/3720] 1bathroom_flush-the-toilet_GT.json  | affordance_inherit         | Outcome: SAFE               | Leaves:   5890 | Clr: 160.742 mm | t_trial: 12.651 s
[395/3720] 1bathroom_flush-the-toilet_GT.json  | affordance_inherit         | Outcome: SAFE               | Leaves:   5890 | Clr: 159.961 mm | t_trial: 12.569 s
[396/3720] 1bathroom_flush-the-toilet_GT.json  | affordance_inherit         | Outcome: SAFE               | Leaves:   5890 | Clr: 159.570 mm | t_trial: 11.886 s
[397/3720] 1bathroom_flush-the-toilet_GT.json  | label_inherit              | Outcome: SAFE               | Leaves:   5890 | Clr: 160.938 mm | t_trial: 11.825 s
[398/3720] 1bathroom_flush-the-toilet_GT.json  | label_inherit              | Outcome: SAFE               | Leaves:   5890 | Clr: 158.789 mm | t_trial: 12.130 s
[399/3720] 1bathroom_flush-the-toilet_GT.json  | label_inherit              | Outcome: SAFE               | Leaves:   5890 | Clr: 161.328 mm | t_trial: 11.809 s
[400/3720] 1bathroom_flush-the-toilet_GT.json  | label_only                 | Outcome: SAFE               | Leaves:   5849 | Clr: 156.641 mm | t_trial: 12.311 s

[PLANNED RESTART] Trial count 400: Triggering planned restart 50...
[PLANNED RESTART] Terminating existing move_group process...
[PLANNED RESTART COMPLETE] New PID: 224895 | Ready in 11.470 s | Initial RSS: 168.55 MB
[401/3720] 1bathroom_flush-the-toilet_GT.json  | label_only                 | Outcome: SAFE               | Leaves:   5849 | Clr: 162.891 mm | t_trial: 13.386 s
[402/3720] 1bathroom_flush-the-toilet_GT.json  | label_only                 | Outcome: SAFE               | Leaves:   5849 | Clr: 158.594 mm | t_trial: 12.716 s
[403/3720] 1bathroom_flush-the-toilet_GT.json  | combined_inherit           | Outcome: SAFE               | Leaves:   5890 | Clr: 161.719 mm | t_trial: 12.340 s
[404/3720] 1bathroom_flush-the-toilet_GT.json  | combined_inherit           | Outcome: SAFE               | Leaves:   5890 | Clr: 160.547 mm | t_trial: 12.048 s
[405/3720] 1bathroom_flush-the-toilet_GT.json  | combined_inherit           | Outcome: SAFE               | Leaves:   5890 | Clr: 162.109 mm | t_trial: 11.494 s
[406/3720] 1bathroom_flush-the-toilet_GT.json  | information_bottleneck     | Outcome: SAFE               | Leaves:   9864 | Clr: 157.422 mm | t_trial: 12.159 s
[407/3720] 1bathroom_flush-the-toilet_GT.json  | information_bottleneck     | Outcome: SAFE               | Leaves:   9864 | Clr: 158.203 mm | t_trial: 11.496 s
[408/3720] 1bathroom_flush-the-toilet_GT.json  | information_bottleneck     | Outcome: SAFE               | Leaves:   9864 | Clr: 161.523 mm | t_trial: 11.783 s

[PLANNED RESTART] Trial count 408: Triggering planned restart 51...
[PLANNED RESTART] Terminating existing move_group process...
[PLANNED RESTART COMPLETE] New PID: 226896 | Ready in 11.523 s | Initial RSS: 168.39 MB
[409/3720] 1bathroom_open-the-door_GT.json     | identity                   | Outcome: SAFE               | Leaves:  73336 | Clr: 136.133 mm | t_trial: 12.873 s
[410/3720] 1bathroom_open-the-door_GT.json     | identity                   | Outcome: SAFE               | Leaves:  73336 | Clr: 134.766 mm | t_trial: 12.615 s
[411/3720] 1bathroom_open-the-door_GT.json     | identity                   | Outcome: SAFE               | Leaves:  73336 | Clr: 133.008 mm | t_trial: 12.698 s
[412/3720] 1bathroom_open-the-door_GT.json     | label_radius               | Outcome: SAFE               | Leaves:  25458 | Clr: 134.570 mm | t_trial: 11.883 s
[413/3720] 1bathroom_open-the-door_GT.json     | label_radius               | Outcome: SAFE               | Leaves:  25458 | Clr: 133.984 mm | t_trial: 11.990 s
[414/3720] 1bathroom_open-the-door_GT.json     | label_radius               | Outcome: SAFE               | Leaves:  25458 | Clr: 140.234 mm | t_trial: 11.640 s
[415/3720] 1bathroom_open-the-door_GT.json     | combined_quantile_adaptive | Outcome: SAFE               | Leaves:  20742 | Clr: 139.648 mm | t_trial: 11.994 s
[416/3720] 1bathroom_open-the-door_GT.json     | combined_quantile_adaptive | Outcome: SAFE               | Leaves:  20742 | Clr: 134.961 mm | t_trial: 11.941 s

[PLANNED RESTART] Trial count 416: Triggering planned restart 52...
[PLANNED RESTART] Terminating existing move_group process...
[PLANNED RESTART COMPLETE] New PID: 228906 | Ready in 11.470 s | Initial RSS: 168.22 MB
[417/3720] 1bathroom_open-the-door_GT.json     | combined_quantile_adaptive | Outcome: SAFE               | Leaves:  20742 | Clr: 133.008 mm | t_trial: 13.399 s
[418/3720] 1bathroom_open-the-door_GT.json     | affordance_inherit         | Outcome: SAFE               | Leaves:  20742 | Clr: 137.500 mm | t_trial: 12.591 s
[419/3720] 1bathroom_open-the-door_GT.json     | affordance_inherit         | Outcome: SAFE               | Leaves:  20742 | Clr: 137.500 mm | t_trial: 12.477 s
[420/3720] 1bathroom_open-the-door_GT.json     | affordance_inherit         | Outcome: SAFE               | Leaves:  20742 | Clr: 138.281 mm | t_trial: 11.957 s
[421/3720] 1bathroom_open-the-door_GT.json     | label_inherit              | Outcome: SAFE               | Leaves:  20742 | Clr: 133.398 mm | t_trial: 11.383 s
[422/3720] 1bathroom_open-the-door_GT.json     | label_inherit              | Outcome: SAFE               | Leaves:  20742 | Clr: 136.328 mm | t_trial: 12.138 s
[423/3720] 1bathroom_open-the-door_GT.json     | label_inherit              | Outcome: SAFE               | Leaves:  20742 | Clr: 135.547 mm | t_trial: 11.832 s
[424/3720] 1bathroom_open-the-door_GT.json     | label_only                 | Outcome: SAFE               | Leaves:  20579 | Clr: 137.109 mm | t_trial: 12.398 s

[PLANNED RESTART] Trial count 424: Triggering planned restart 53...
[PLANNED RESTART] Terminating existing move_group process...
[PLANNED RESTART COMPLETE] New PID: 230918 | Ready in 12.133 s | Initial RSS: 168.32 MB
[425/3720] 1bathroom_open-the-door_GT.json     | label_only                 | Outcome: SAFE               | Leaves:  20579 | Clr: 140.820 mm | t_trial: 12.978 s
[426/3720] 1bathroom_open-the-door_GT.json     | label_only                 | Outcome: SAFE               | Leaves:  20579 | Clr: 137.891 mm | t_trial: 12.675 s
[427/3720] 1bathroom_open-the-door_GT.json     | combined_inherit           | Outcome: SAFE               | Leaves:  20742 | Clr: 136.523 mm | t_trial: 12.531 s
[428/3720] 1bathroom_open-the-door_GT.json     | combined_inherit           | Outcome: SAFE               | Leaves:  20742 | Clr: 133.984 mm | t_trial: 11.562 s
[429/3720] 1bathroom_open-the-door_GT.json     | combined_inherit           | Outcome: SAFE               | Leaves:  20742 | Clr: 134.961 mm | t_trial: 11.423 s
[430/3720] 1bathroom_open-the-door_GT.json     | information_bottleneck     | Outcome: SAFE               | Leaves:  20807 | Clr: 136.719 mm | t_trial: 12.080 s
[431/3720] 1bathroom_open-the-door_GT.json     | information_bottleneck     | Outcome: SAFE               | Leaves:  20807 | Clr: 133.203 mm | t_trial: 11.537 s
[432/3720] 1bathroom_open-the-door_GT.json     | information_bottleneck     | Outcome: SAFE               | Leaves:  20807 | Clr: 137.109 mm | t_trial: 12.352 s

[PLANNED RESTART] Trial count 432: Triggering planned restart 54...
[PLANNED RESTART] Terminating existing move_group process...
[PLANNED RESTART COMPLETE] New PID: 232893 | Ready in 11.532 s | Initial RSS: 168.13 MB
[433/3720] 1bathroom_use-the-bathroom-sink_GT.json | identity                   | Outcome: SAFE               | Leaves:  73336 | Clr: 117.773 mm | t_trial: 13.526 s
[434/3720] 1bathroom_use-the-bathroom-sink_GT.json | identity                   | Outcome: SAFE               | Leaves:  73336 | Clr: 113.086 mm | t_trial: 12.234 s
[435/3720] 1bathroom_use-the-bathroom-sink_GT.json | identity                   | Outcome: SAFE               | Leaves:  73336 | Clr: 115.039 mm | t_trial: 12.408 s
[436/3720] 1bathroom_use-the-bathroom-sink_GT.json | label_radius               | Outcome: SAFE               | Leaves:  10074 | Clr: 113.867 mm | t_trial: 11.648 s
[437/3720] 1bathroom_use-the-bathroom-sink_GT.json | label_radius               | Outcome: SAFE               | Leaves:  10074 | Clr: 118.164 mm | t_trial: 11.210 s
[438/3720] 1bathroom_use-the-bathroom-sink_GT.json | label_radius               | Outcome: SAFE               | Leaves:  10074 | Clr: 118.359 mm | t_trial: 11.650 s
[439/3720] 1bathroom_use-the-bathroom-sink_GT.json | combined_quantile_adaptive | Outcome: SAFE               | Leaves:   4184 | Clr: 113.867 mm | t_trial: 11.412 s
[440/3720] 1bathroom_use-the-bathroom-sink_GT.json | combined_quantile_adaptive | Outcome: SAFE               | Leaves:   4184 | Clr: 114.844 mm | t_trial: 11.890 s

[PLANNED RESTART] Trial count 440: Triggering planned restart 55...
[PLANNED RESTART] Terminating existing move_group process...
[PLANNED RESTART COMPLETE] New PID: 234868 | Ready in 11.506 s | Initial RSS: 168.56 MB
[441/3720] 1bathroom_use-the-bathroom-sink_GT.json | combined_quantile_adaptive | Outcome: SAFE               | Leaves:   4184 | Clr: 116.992 mm | t_trial: 12.999 s
[442/3720] 1bathroom_use-the-bathroom-sink_GT.json | affordance_inherit         | Outcome: SAFE               | Leaves:   5890 | Clr: 115.625 mm | t_trial: 12.330 s
[443/3720] 1bathroom_use-the-bathroom-sink_GT.json | affordance_inherit         | Outcome: SAFE               | Leaves:   5890 | Clr: 116.211 mm | t_trial: 12.156 s
[444/3720] 1bathroom_use-the-bathroom-sink_GT.json | affordance_inherit         | Outcome: SAFE               | Leaves:   5890 | Clr: 117.578 mm | t_trial: 11.219 s
[445/3720] 1bathroom_use-the-bathroom-sink_GT.json | label_inherit              | Outcome: SAFE               | Leaves:  10074 | Clr: 117.188 mm | t_trial: 11.546 s
[446/3720] 1bathroom_use-the-bathroom-sink_GT.json | label_inherit              | Outcome: SAFE               | Leaves:  10074 | Clr: 112.109 mm | t_trial: 11.320 s
[447/3720] 1bathroom_use-the-bathroom-sink_GT.json | label_inherit              | Outcome: SAFE               | Leaves:  10074 | Clr: 116.211 mm | t_trial: 11.493 s
[448/3720] 1bathroom_use-the-bathroom-sink_GT.json | label_only                 | Outcome: SAFE               | Leaves:   9823 | Clr: 116.797 mm | t_trial: 12.134 s

[PLANNED RESTART] Trial count 448: Triggering planned restart 56...
[PLANNED RESTART] Terminating existing move_group process...
[PLANNED RESTART COMPLETE] New PID: 236844 | Ready in 11.517 s | Initial RSS: 168.81 MB
[449/3720] 1bathroom_use-the-bathroom-sink_GT.json | label_only                 | Outcome: SAFE               | Leaves:   9823 | Clr: 116.797 mm | t_trial: 13.148 s
[450/3720] 1bathroom_use-the-bathroom-sink_GT.json | label_only                 | Outcome: SAFE               | Leaves:   9823 | Clr: 113.281 mm | t_trial: 12.198 s
[451/3720] 1bathroom_use-the-bathroom-sink_GT.json | combined_inherit           | Outcome: SAFE               | Leaves:  10074 | Clr: 113.867 mm | t_trial: 12.148 s
[452/3720] 1bathroom_use-the-bathroom-sink_GT.json | combined_inherit           | Outcome: SAFE               | Leaves:  10074 | Clr: 116.992 mm | t_trial: 11.656 s
[453/3720] 1bathroom_use-the-bathroom-sink_GT.json | combined_inherit           | Outcome: SAFE               | Leaves:  10074 | Clr: 116.211 mm | t_trial: 11.679 s
[454/3720] 1bathroom_use-the-bathroom-sink_GT.json | information_bottleneck     | Outcome: SAFE               | Leaves:  10074 | Clr: 115.430 mm | t_trial: 11.184 s
[455/3720] 1bathroom_use-the-bathroom-sink_GT.json | information_bottleneck     | Outcome: SAFE               | Leaves:  10074 | Clr: 118.359 mm | t_trial: 11.892 s
[456/3720] 1bathroom_use-the-bathroom-sink_GT.json | information_bottleneck     | Outcome: SAFE               | Leaves:  10074 | Clr: 117.383 mm | t_trial: 11.536 s

[PLANNED RESTART] Trial count 456: Triggering planned restart 57...
[PLANNED RESTART] Terminating existing move_group process...
[PLANNED RESTART COMPLETE] New PID: 238807 | Ready in 11.455 s | Initial RSS: 168.56 MB
[457/3720] 1bathroom_i-just-used-the-toilet_GT.json | identity                   | Outcome: SAFE               | Leaves:  73336 | Clr: 158.203 mm | t_trial: 13.823 s
[458/3720] 1bathroom_i-just-used-the-toilet_GT.json | identity                   | Outcome: SAFE               | Leaves:  73336 | Clr: 163.281 mm | t_trial: 12.643 s
[459/3720] 1bathroom_i-just-used-the-toilet_GT.json | identity                   | Outcome: SAFE               | Leaves:  73336 | Clr: 160.352 mm | t_trial: 12.750 s
[460/3720] 1bathroom_i-just-used-the-toilet_GT.json | label_radius               | Outcome: SAFE               | Leaves:   9899 | Clr: 162.109 mm | t_trial: 11.363 s
[461/3720] 1bathroom_i-just-used-the-toilet_GT.json | label_radius               | Outcome: SAFE               | Leaves:   9899 | Clr: 160.742 mm | t_trial: 11.509 s
[462/3720] 1bathroom_i-just-used-the-toilet_GT.json | label_radius               | Outcome: SAFE               | Leaves:   9899 | Clr: 159.180 mm | t_trial: 11.420 s
[463/3720] 1bathroom_i-just-used-the-toilet_GT.json | combined_quantile_adaptive | Outcome: SAFE               | Leaves:   5890 | Clr: 157.617 mm | t_trial: 11.261 s
[464/3720] 1bathroom_i-just-used-the-toilet_GT.json | combined_quantile_adaptive | Outcome: SAFE               | Leaves:   5890 | Clr: 160.547 mm | t_trial: 12.611 s

[PLANNED RESTART] Trial count 464: Triggering planned restart 58...
[PLANNED RESTART] Terminating existing move_group process...
[PLANNED RESTART COMPLETE] New PID: 240817 | Ready in 11.468 s | Initial RSS: 168.64 MB
[465/3720] 1bathroom_i-just-used-the-toilet_GT.json | combined_quantile_adaptive | Outcome: SAFE               | Leaves:   5890 | Clr: 160.938 mm | t_trial: 13.128 s
[466/3720] 1bathroom_i-just-used-the-toilet_GT.json | affordance_inherit         | Outcome: SAFE               | Leaves:   5890 | Clr: 159.570 mm | t_trial: 12.512 s
[467/3720] 1bathroom_i-just-used-the-toilet_GT.json | affordance_inherit         | Outcome: SAFE               | Leaves:   5890 | Clr: 160.352 mm | t_trial: 12.334 s
[468/3720] 1bathroom_i-just-used-the-toilet_GT.json | affordance_inherit         | Outcome: SAFE               | Leaves:   5890 | Clr: 160.938 mm | t_trial: 12.095 s
[469/3720] 1bathroom_i-just-used-the-toilet_GT.json | label_inherit              | Outcome: SAFE               | Leaves:   5890 | Clr: 159.961 mm | t_trial: 11.859 s
[470/3720] 1bathroom_i-just-used-the-toilet_GT.json | label_inherit              | Outcome: SAFE               | Leaves:   5890 | Clr: 159.375 mm | t_trial: 12.105 s
[471/3720] 1bathroom_i-just-used-the-toilet_GT.json | label_inherit              | Outcome: SAFE               | Leaves:   5890 | Clr: 160.938 mm | t_trial: 12.146 s
[472/3720] 1bathroom_i-just-used-the-toilet_GT.json | label_only                 | Outcome: SAFE               | Leaves:   5849 | Clr: 158.203 mm | t_trial: 12.197 s

[PLANNED RESTART] Trial count 472: Triggering planned restart 59...
[PLANNED RESTART] Terminating existing move_group process...
[PLANNED RESTART COMPLETE] New PID: 242800 | Ready in 11.527 s | Initial RSS: 168.71 MB
[473/3720] 1bathroom_i-just-used-the-toilet_GT.json | label_only                 | Outcome: SAFE               | Leaves:   5849 | Clr: 159.570 mm | t_trial: 13.477 s
[474/3720] 1bathroom_i-just-used-the-toilet_GT.json | label_only                 | Outcome: SAFE               | Leaves:   5849 | Clr: 159.570 mm | t_trial: 13.078 s
[475/3720] 1bathroom_i-just-used-the-toilet_GT.json | combined_inherit           | Outcome: SAFE               | Leaves:   5890 | Clr: 160.156 mm | t_trial: 11.880 s
[476/3720] 1bathroom_i-just-used-the-toilet_GT.json | combined_inherit           | Outcome: SAFE               | Leaves:   5890 | Clr: 160.938 mm | t_trial: 11.939 s
[477/3720] 1bathroom_i-just-used-the-toilet_GT.json | combined_inherit           | Outcome: SAFE               | Leaves:   5890 | Clr: 159.961 mm | t_trial: 12.021 s
[478/3720] 1bathroom_i-just-used-the-toilet_GT.json | information_bottleneck     | Outcome: SAFE               | Leaves:   9864 | Clr: 157.617 mm | t_trial: 12.063 s
[479/3720] 1bathroom_i-just-used-the-toilet_GT.json | information_bottleneck     | Outcome: SAFE               | Leaves:   9864 | Clr: 160.547 mm | t_trial: 11.363 s
[480/3720] 1bathroom_i-just-used-the-toilet_GT.json | information_bottleneck     | Outcome: SAFE               | Leaves:   9864 | Clr: 162.500 mm | t_trial: 12.846 s

[PLANNED RESTART] Trial count 480: Triggering planned restart 60...
[PLANNED RESTART] Terminating existing move_group process...
[PLANNED RESTART COMPLETE] New PID: 244822 | Ready in 11.470 s | Initial RSS: 168.63 MB
[481/3720] 1bathroom_my-hands-are-dirty_GT.json | identity                   | Outcome: SAFE               | Leaves:  73336 | Clr: 117.383 mm | t_trial: 12.704 s
[482/3720] 1bathroom_my-hands-are-dirty_GT.json | identity                   | Outcome: SAFE               | Leaves:  73336 | Clr: 116.016 mm | t_trial: 12.163 s
[483/3720] 1bathroom_my-hands-are-dirty_GT.json | identity                   | Outcome: SAFE               | Leaves:  73336 | Clr: 113.477 mm | t_trial: 12.460 s
[484/3720] 1bathroom_my-hands-are-dirty_GT.json | label_radius               | Outcome: SAFE               | Leaves:  20859 | Clr: 117.578 mm | t_trial: 11.198 s
[485/3720] 1bathroom_my-hands-are-dirty_GT.json | label_radius               | Outcome: SAFE               | Leaves:  20859 | Clr: 117.773 mm | t_trial: 11.452 s
[486/3720] 1bathroom_my-hands-are-dirty_GT.json | label_radius               | Outcome: SAFE               | Leaves:  20859 | Clr: 118.164 mm | t_trial: 11.946 s
[487/3720] 1bathroom_my-hands-are-dirty_GT.json | combined_quantile_adaptive | Outcome: SAFE               | Leaves:   5890 | Clr: 114.648 mm | t_trial: 11.528 s
[488/3720] 1bathroom_my-hands-are-dirty_GT.json | combined_quantile_adaptive | Outcome: SAFE               | Leaves:   5890 | Clr: 118.945 mm | t_trial: 11.251 s

[PLANNED RESTART] Trial count 488: Triggering planned restart 61...
[PLANNED RESTART] Terminating existing move_group process...
[PLANNED RESTART COMPLETE] New PID: 246785 | Ready in 11.471 s | Initial RSS: 168.41 MB
[489/3720] 1bathroom_my-hands-are-dirty_GT.json | combined_quantile_adaptive | Outcome: SAFE               | Leaves:   5890 | Clr: 111.914 mm | t_trial: 13.097 s
[490/3720] 1bathroom_my-hands-are-dirty_GT.json | affordance_inherit         | Outcome: SAFE               | Leaves:   5890 | Clr: 112.109 mm | t_trial: 12.735 s
[491/3720] 1bathroom_my-hands-are-dirty_GT.json | affordance_inherit         | Outcome: SAFE               | Leaves:   5890 | Clr: 117.383 mm | t_trial: 11.997 s
[492/3720] 1bathroom_my-hands-are-dirty_GT.json | affordance_inherit         | Outcome: SAFE               | Leaves:   5890 | Clr: 119.141 mm | t_trial: 11.648 s
[493/3720] 1bathroom_my-hands-are-dirty_GT.json | label_inherit              | Outcome: SAFE               | Leaves:   5890 | Clr: 116.602 mm | t_trial: 11.630 s
[494/3720] 1bathroom_my-hands-are-dirty_GT.json | label_inherit              | Outcome: SAFE               | Leaves:   5890 | Clr: 115.234 mm | t_trial: 11.580 s
[495/3720] 1bathroom_my-hands-are-dirty_GT.json | label_inherit              | Outcome: SAFE               | Leaves:   5890 | Clr: 115.625 mm | t_trial: 11.138 s
[496/3720] 1bathroom_my-hands-are-dirty_GT.json | label_only                 | Outcome: SAFE               | Leaves:   5849 | Clr: 114.648 mm | t_trial: 12.363 s

[PLANNED RESTART] Trial count 496: Triggering planned restart 62...
[PLANNED RESTART] Terminating existing move_group process...
[PLANNED RESTART COMPLETE] New PID: 248760 | Ready in 11.501 s | Initial RSS: 168.56 MB
[497/3720] 1bathroom_my-hands-are-dirty_GT.json | label_only                 | Outcome: SAFE               | Leaves:   5849 | Clr: 114.648 mm | t_trial: 12.741 s
[498/3720] 1bathroom_my-hands-are-dirty_GT.json | label_only                 | Outcome: SAFE               | Leaves:   5849 | Clr: 115.234 mm | t_trial: 12.143 s
[499/3720] 1bathroom_my-hands-are-dirty_GT.json | combined_inherit           | Outcome: SAFE               | Leaves:   5890 | Clr: 115.820 mm | t_trial: 12.179 s
[500/3720] 1bathroom_my-hands-are-dirty_GT.json | combined_inherit           | Outcome: SAFE               | Leaves:   5890 | Clr: 113.672 mm | t_trial: 11.037 s
[501/3720] 1bathroom_my-hands-are-dirty_GT.json | combined_inherit           | Outcome: SAFE               | Leaves:   5890 | Clr: 117.188 mm | t_trial: 11.620 s
[502/3720] 1bathroom_my-hands-are-dirty_GT.json | information_bottleneck     | Outcome: SAFE               | Leaves:  26776 | Clr: 115.625 mm | t_trial: 11.782 s
[503/3720] 1bathroom_my-hands-are-dirty_GT.json | information_bottleneck     | Outcome: SAFE               | Leaves:  26776 | Clr: 117.969 mm | t_trial: 10.997 s
[504/3720] 1bathroom_my-hands-are-dirty_GT.json | information_bottleneck     | Outcome: SAFE               | Leaves:  26776 | Clr: 111.914 mm | t_trial: 11.631 s

[PLANNED RESTART] Trial count 504: Triggering planned restart 63...
[PLANNED RESTART] Terminating existing move_group process...
[PLANNED RESTART COMPLETE] New PID: 250713 | Ready in 11.455 s | Initial RSS: 168.70 MB
[505/3720] 1bathroom_someone-is-knocking-at-the-door_GT.json | identity                   | Outcome: SAFE               | Leaves:  73336 | Clr: 134.766 mm | t_trial: 13.861 s
[506/3720] 1bathroom_someone-is-knocking-at-the-door_GT.json | identity                   | Outcome: SAFE               | Leaves:  73336 | Clr: 137.695 mm | t_trial: 12.864 s
[507/3720] 1bathroom_someone-is-knocking-at-the-door_GT.json | identity                   | Outcome: SAFE               | Leaves:  73336 | Clr: 138.867 mm | t_trial: 12.656 s
[508/3720] 1bathroom_someone-is-knocking-at-the-door_GT.json | label_radius               | Outcome: SAFE               | Leaves:  25458 | Clr: 136.133 mm | t_trial: 11.995 s
[509/3720] 1bathroom_someone-is-knocking-at-the-door_GT.json | label_radius               | Outcome: SAFE               | Leaves:  25458 | Clr: 136.914 mm | t_trial: 11.492 s
[510/3720] 1bathroom_someone-is-knocking-at-the-door_GT.json | label_radius               | Outcome: SAFE               | Leaves:  25458 | Clr: 133.789 mm | t_trial: 11.950 s
[511/3720] 1bathroom_someone-is-knocking-at-the-door_GT.json | combined_quantile_adaptive | Outcome: SAFE               | Leaves:  20742 | Clr: 135.742 mm | t_trial: 11.879 s
[512/3720] 1bathroom_someone-is-knocking-at-the-door_GT.json | combined_quantile_adaptive | Outcome: SAFE               | Leaves:  20742 | Clr: 135.156 mm | t_trial: 11.916 s

[PLANNED RESTART] Trial count 512: Triggering planned restart 64...
[PLANNED RESTART] Terminating existing move_group process...
[PLANNED RESTART COMPLETE] New PID: 252701 | Ready in 11.525 s | Initial RSS: 168.24 MB
[513/3720] 1bathroom_someone-is-knocking-at-the-door_GT.json | combined_quantile_adaptive | Outcome: SAFE               | Leaves:  20742 | Clr: 136.914 mm | t_trial: 13.201 s
[514/3720] 1bathroom_someone-is-knocking-at-the-door_GT.json | affordance_inherit         | Outcome: SAFE               | Leaves:   5890 | Clr: 138.867 mm | t_trial: 12.603 s
[515/3720] 1bathroom_someone-is-knocking-at-the-door_GT.json | affordance_inherit         | Outcome: SAFE               | Leaves:   5890 | Clr: 138.086 mm | t_trial: 12.445 s
[516/3720] 1bathroom_someone-is-knocking-at-the-door_GT.json | affordance_inherit         | Outcome: SAFE               | Leaves:   5890 | Clr: 134.180 mm | t_trial: 11.878 s
[517/3720] 1bathroom_someone-is-knocking-at-the-door_GT.json | label_inherit              | Outcome: SAFE               | Leaves:  20742 | Clr: 137.500 mm | t_trial: 11.913 s
[518/3720] 1bathroom_someone-is-knocking-at-the-door_GT.json | label_inherit              | Outcome: SAFE               | Leaves:  20742 | Clr: 135.352 mm | t_trial: 11.992 s
[519/3720] 1bathroom_someone-is-knocking-at-the-door_GT.json | label_inherit              | Outcome: SAFE               | Leaves:  20742 | Clr: 133.789 mm | t_trial: 11.919 s
[520/3720] 1bathroom_someone-is-knocking-at-the-door_GT.json | label_only                 | Outcome: SAFE               | Leaves:  20579 | Clr: 135.352 mm | t_trial: 11.755 s

[PLANNED RESTART] Trial count 520: Triggering planned restart 65...
[PLANNED RESTART] Terminating existing move_group process...
[PLANNED RESTART COMPLETE] New PID: 254712 | Ready in 11.465 s | Initial RSS: 168.58 MB
[521/3720] 1bathroom_someone-is-knocking-at-the-door_GT.json | label_only                 | Outcome: SAFE               | Leaves:  20579 | Clr: 139.062 mm | t_trial: 13.353 s
[522/3720] 1bathroom_someone-is-knocking-at-the-door_GT.json | label_only                 | Outcome: SAFE               | Leaves:  20579 | Clr: 136.133 mm | t_trial: 12.790 s
[523/3720] 1bathroom_someone-is-knocking-at-the-door_GT.json | combined_inherit           | Outcome: SAFE               | Leaves:  20742 | Clr: 133.984 mm | t_trial: 12.063 s
[524/3720] 1bathroom_someone-is-knocking-at-the-door_GT.json | combined_inherit           | Outcome: SAFE               | Leaves:  20742 | Clr: 136.719 mm | t_trial: 11.966 s
[525/3720] 1bathroom_someone-is-knocking-at-the-door_GT.json | combined_inherit           | Outcome: SAFE               | Leaves:  20742 | Clr: 134.961 mm | t_trial: 11.957 s
[526/3720] 1bathroom_someone-is-knocking-at-the-door_GT.json | information_bottleneck     | Outcome: SAFE               | Leaves:  20742 | Clr: 134.570 mm | t_trial: 11.962 s
[527/3720] 1bathroom_someone-is-knocking-at-the-door_GT.json | information_bottleneck     | Outcome: SAFE               | Leaves:  20742 | Clr: 133.398 mm | t_trial: 11.823 s
[528/3720] 1bathroom_someone-is-knocking-at-the-door_GT.json | information_bottleneck     | Outcome: SAFE               | Leaves:  20742 | Clr: 132.422 mm | t_trial: 12.540 s

[PLANNED RESTART] Trial count 528: Triggering planned restart 66...
[PLANNED RESTART] Terminating existing move_group process...
[PLANNED RESTART COMPLETE] New PID: 256741 | Ready in 11.462 s | Initial RSS: 168.47 MB
[529/3720] 2livingroom_turn-on-the-television_GT.json | identity                   | Outcome: SAFE               | Leaves:  18510 | Clr: 86.719 mm | t_trial: 12.661 s
[530/3720] 2livingroom_turn-on-the-television_GT.json | identity                   | Outcome: SAFE               | Leaves:  18510 | Clr: 85.742 mm | t_trial: 11.634 s
[531/3720] 2livingroom_turn-on-the-television_GT.json | identity                   | Outcome: SAFE               | Leaves:  18510 | Clr: 88.477 mm | t_trial: 12.189 s
[532/3720] 2livingroom_turn-on-the-television_GT.json | label_radius               | Outcome: SAFE               | Leaves:  13277 | Clr: 85.156 mm | t_trial: 11.538 s
[533/3720] 2livingroom_turn-on-the-television_GT.json | label_radius               | Outcome: SAFE               | Leaves:  13277 | Clr: 86.328 mm | t_trial: 11.554 s
[534/3720] 2livingroom_turn-on-the-television_GT.json | label_radius               | Outcome: SAFE               | Leaves:  13277 | Clr: 87.695 mm | t_trial: 11.605 s
[535/3720] 2livingroom_turn-on-the-television_GT.json | combined_quantile_adaptive | Outcome: SAFE               | Leaves:  13824 | Clr: 85.156 mm | t_trial: 10.865 s
[536/3720] 2livingroom_turn-on-the-television_GT.json | combined_quantile_adaptive | Outcome: SAFE               | Leaves:  13824 | Clr: 85.156 mm | t_trial: 11.315 s

[PLANNED RESTART] Trial count 536: Triggering planned restart 67...
[PLANNED RESTART] Terminating existing move_group process...
[PLANNED RESTART COMPLETE] New PID: 258668 | Ready in 11.526 s | Initial RSS: 168.57 MB
[537/3720] 2livingroom_turn-on-the-television_GT.json | combined_quantile_adaptive | Outcome: SAFE               | Leaves:  13824 | Clr: 85.742 mm | t_trial: 13.114 s
[538/3720] 2livingroom_turn-on-the-television_GT.json | affordance_inherit         | Outcome: SAFE               | Leaves:  13824 | Clr: 88.086 mm | t_trial: 12.452 s
[539/3720] 2livingroom_turn-on-the-television_GT.json | affordance_inherit         | Outcome: SAFE               | Leaves:  13824 | Clr: 88.672 mm | t_trial: 12.263 s
[540/3720] 2livingroom_turn-on-the-television_GT.json | affordance_inherit         | Outcome: SAFE               | Leaves:  13824 | Clr: 87.109 mm | t_trial: 11.428 s
[541/3720] 2livingroom_turn-on-the-television_GT.json | label_inherit              | Outcome: SAFE               | Leaves:  13824 | Clr: 88.281 mm | t_trial: 11.721 s
[542/3720] 2livingroom_turn-on-the-television_GT.json | label_inherit              | Outcome: SAFE               | Leaves:  13824 | Clr: 89.648 mm | t_trial: 11.107 s
[543/3720] 2livingroom_turn-on-the-television_GT.json | label_inherit              | Outcome: SAFE               | Leaves:  13824 | Clr: 86.719 mm | t_trial: 11.394 s
[544/3720] 2livingroom_turn-on-the-television_GT.json | label_only                 | Outcome: SAFE               | Leaves:  13277 | Clr: 86.914 mm | t_trial: 11.531 s

[PLANNED RESTART] Trial count 544: Triggering planned restart 68...
[PLANNED RESTART] Terminating existing move_group process...
[PLANNED RESTART COMPLETE] New PID: 260641 | Ready in 10.970 s | Initial RSS: 168.29 MB
[545/3720] 2livingroom_turn-on-the-television_GT.json | label_only                 | Outcome: SAFE               | Leaves:  13277 | Clr: 86.523 mm | t_trial: 12.842 s
[546/3720] 2livingroom_turn-on-the-television_GT.json | label_only                 | Outcome: SAFE               | Leaves:  13277 | Clr: 87.695 mm | t_trial: 12.101 s
[547/3720] 2livingroom_turn-on-the-television_GT.json | combined_inherit           | Outcome: SAFE               | Leaves:  13824 | Clr: 87.500 mm | t_trial: 12.013 s
[548/3720] 2livingroom_turn-on-the-television_GT.json | combined_inherit           | Outcome: SAFE               | Leaves:  13824 | Clr: 85.547 mm | t_trial: 11.739 s
[549/3720] 2livingroom_turn-on-the-television_GT.json | combined_inherit           | Outcome: SAFE               | Leaves:  13824 | Clr: 87.695 mm | t_trial: 11.525 s
[550/3720] 2livingroom_turn-on-the-television_GT.json | information_bottleneck     | Outcome: SAFE               | Leaves:  13824 | Clr: 86.523 mm | t_trial: 11.154 s
[551/3720] 2livingroom_turn-on-the-television_GT.json | information_bottleneck     | Outcome: SAFE               | Leaves:  13824 | Clr: 86.523 mm | t_trial: 10.923 s
[552/3720] 2livingroom_turn-on-the-television_GT.json | information_bottleneck     | Outcome: SAFE               | Leaves:  13824 | Clr: 85.938 mm | t_trial: 12.037 s

[PLANNED RESTART] Trial count 552: Triggering planned restart 69...
[PLANNED RESTART] Terminating existing move_group process...
[PLANNED RESTART COMPLETE] New PID: 262544 | Ready in 11.522 s | Initial RSS: 168.50 MB
[553/3720] 2livingroom_i-am-bored_GT.json      | identity                   | Outcome: SAFE               | Leaves:  18510 | Clr: 87.305 mm | t_trial: 12.719 s
[554/3720] 2livingroom_i-am-bored_GT.json      | identity                   | Outcome: SAFE               | Leaves:  18510 | Clr: 88.672 mm | t_trial: 12.316 s
[555/3720] 2livingroom_i-am-bored_GT.json      | identity                   | Outcome: SAFE               | Leaves:  18510 | Clr: 88.867 mm | t_trial: 12.041 s
[556/3720] 2livingroom_i-am-bored_GT.json      | label_radius               | Outcome: SAFE               | Leaves:  13277 | Clr: 86.719 mm | t_trial: 10.987 s
[557/3720] 2livingroom_i-am-bored_GT.json      | label_radius               | Outcome: SAFE               | Leaves:  13277 | Clr: 86.719 mm | t_trial: 11.649 s
[558/3720] 2livingroom_i-am-bored_GT.json      | label_radius               | Outcome: SAFE               | Leaves:  13277 | Clr: 86.133 mm | t_trial: 11.622 s
[559/3720] 2livingroom_i-am-bored_GT.json      | combined_quantile_adaptive | Outcome: SAFE               | Leaves:  13824 | Clr: 88.477 mm | t_trial: 11.468 s
[560/3720] 2livingroom_i-am-bored_GT.json      | combined_quantile_adaptive | Outcome: SAFE               | Leaves:  13824 | Clr: 89.648 mm | t_trial: 12.332 s

[PLANNED RESTART] Trial count 560: Triggering planned restart 70...
[PLANNED RESTART] Terminating existing move_group process...
[PLANNED RESTART COMPLETE] New PID: 264522 | Ready in 11.627 s | Initial RSS: 168.43 MB
[561/3720] 2livingroom_i-am-bored_GT.json      | combined_quantile_adaptive | Outcome: SAFE               | Leaves:  13824 | Clr: 89.258 mm | t_trial: 12.910 s
[562/3720] 2livingroom_i-am-bored_GT.json      | affordance_inherit         | Outcome: SAFE               | Leaves:  13824 | Clr: 89.844 mm | t_trial: 12.018 s
[563/3720] 2livingroom_i-am-bored_GT.json      | affordance_inherit         | Outcome: SAFE               | Leaves:  13824 | Clr: 86.133 mm | t_trial: 11.950 s
[564/3720] 2livingroom_i-am-bored_GT.json      | affordance_inherit         | Outcome: SAFE               | Leaves:  13824 | Clr: 84.375 mm | t_trial: 11.528 s
[565/3720] 2livingroom_i-am-bored_GT.json      | label_inherit              | Outcome: SAFE               | Leaves:  13824 | Clr: 86.719 mm | t_trial: 11.458 s
[566/3720] 2livingroom_i-am-bored_GT.json      | label_inherit              | Outcome: SAFE               | Leaves:  13824 | Clr: 83.984 mm | t_trial: 11.501 s
[567/3720] 2livingroom_i-am-bored_GT.json      | label_inherit              | Outcome: SAFE               | Leaves:  13824 | Clr: 87.500 mm | t_trial: 11.857 s
[568/3720] 2livingroom_i-am-bored_GT.json      | label_only                 | Outcome: SAFE               | Leaves:  13277 | Clr: 85.742 mm | t_trial: 12.235 s

[PLANNED RESTART] Trial count 568: Triggering planned restart 71...
[PLANNED RESTART] Terminating existing move_group process...
[PLANNED RESTART COMPLETE] New PID: 266482 | Ready in 11.469 s | Initial RSS: 168.66 MB
[569/3720] 2livingroom_i-am-bored_GT.json      | label_only                 | Outcome: SAFE               | Leaves:  13277 | Clr: 90.039 mm | t_trial: 13.136 s
[570/3720] 2livingroom_i-am-bored_GT.json      | label_only                 | Outcome: SAFE               | Leaves:  13277 | Clr: 88.281 mm | t_trial: 12.678 s
[571/3720] 2livingroom_i-am-bored_GT.json      | combined_inherit           | Outcome: SAFE               | Leaves:  13824 | Clr: 86.328 mm | t_trial: 11.935 s
[572/3720] 2livingroom_i-am-bored_GT.json      | combined_inherit           | Outcome: SAFE               | Leaves:  13824 | Clr: 88.281 mm | t_trial: 11.495 s
[573/3720] 2livingroom_i-am-bored_GT.json      | combined_inherit           | Outcome: SAFE               | Leaves:  13824 | Clr: 86.523 mm | t_trial: 10.933 s
[574/3720] 2livingroom_i-am-bored_GT.json      | information_bottleneck     | Outcome: SAFE               | Leaves:  13442 | Clr: 85.352 mm | t_trial: 11.144 s
[575/3720] 2livingroom_i-am-bored_GT.json      | information_bottleneck     | Outcome: SAFE               | Leaves:  13442 | Clr: 85.938 mm | t_trial: 11.485 s
[576/3720] 2livingroom_i-am-bored_GT.json      | information_bottleneck     | Outcome: SAFE               | Leaves:  13442 | Clr: 84.375 mm | t_trial: 12.285 s

[PLANNED RESTART] Trial count 576: Triggering planned restart 72...
[PLANNED RESTART] Terminating existing move_group process...
[PLANNED RESTART COMPLETE] New PID: 268452 | Ready in 10.963 s | Initial RSS: 167.81 MB
[577/3720] 3kitchen_adjust-the-radiator-temperature_GT.json | identity                   | Outcome: SAFE               | Leaves:  65751 | Clr: 183.594 mm | t_trial: 13.557 s
[578/3720] 3kitchen_adjust-the-radiator-temperature_GT.json | identity                   | Outcome: SAFE               | Leaves:  65751 | Clr: 181.055 mm | t_trial: 12.174 s
[579/3720] 3kitchen_adjust-the-radiator-temperature_GT.json | identity                   | Outcome: SAFE               | Leaves:  65751 | Clr: 180.469 mm | t_trial: 12.375 s
[580/3720] 3kitchen_adjust-the-radiator-temperature_GT.json | label_radius               | Outcome: SAFE               | Leaves:   3630 | Clr: 181.250 mm | t_trial: 11.564 s
[581/3720] 3kitchen_adjust-the-radiator-temperature_GT.json | label_radius               | Outcome: SAFE               | Leaves:   3630 | Clr: 184.570 mm | t_trial: 11.681 s
[582/3720] 3kitchen_adjust-the-radiator-temperature_GT.json | label_radius               | Outcome: SAFE               | Leaves:   3630 | Clr: 182.813 mm | t_trial: 11.693 s
[583/3720] 3kitchen_adjust-the-radiator-temperature_GT.json | combined_quantile_adaptive | Outcome: SAFE               | Leaves:   3630 | Clr: 182.031 mm | t_trial: 11.267 s
[584/3720] 3kitchen_adjust-the-radiator-temperature_GT.json | combined_quantile_adaptive | Outcome: SAFE               | Leaves:   3630 | Clr: 182.813 mm | t_trial: 11.547 s

[PLANNED RESTART] Trial count 584: Triggering planned restart 73...
[PLANNED RESTART] Terminating existing move_group process...
[PLANNED RESTART COMPLETE] New PID: 270409 | Ready in 11.542 s | Initial RSS: 168.61 MB
[585/3720] 3kitchen_adjust-the-radiator-temperature_GT.json | combined_quantile_adaptive | Outcome: SAFE               | Leaves:   3630 | Clr: 179.688 mm | t_trial: 12.929 s
[586/3720] 3kitchen_adjust-the-radiator-temperature_GT.json | affordance_inherit         | Outcome: SAFE               | Leaves:   7415 | Clr: 180.859 mm | t_trial: 12.436 s
[587/3720] 3kitchen_adjust-the-radiator-temperature_GT.json | affordance_inherit         | Outcome: SAFE               | Leaves:   7415 | Clr: 182.422 mm | t_trial: 12.169 s
[588/3720] 3kitchen_adjust-the-radiator-temperature_GT.json | affordance_inherit         | Outcome: SAFE               | Leaves:   7415 | Clr: 183.008 mm | t_trial: 11.693 s
[589/3720] 3kitchen_adjust-the-radiator-temperature_GT.json | label_inherit              | Outcome: SAFE               | Leaves:   3630 | Clr: 185.352 mm | t_trial: 11.162 s
[590/3720] 3kitchen_adjust-the-radiator-temperature_GT.json | label_inherit              | Outcome: SAFE               | Leaves:   3630 | Clr: 185.742 mm | t_trial: 11.711 s
[591/3720] 3kitchen_adjust-the-radiator-temperature_GT.json | label_inherit              | Outcome: SAFE               | Leaves:   3630 | Clr: 180.078 mm | t_trial: 11.576 s
[592/3720] 3kitchen_adjust-the-radiator-temperature_GT.json | label_only                 | Outcome: SAFE               | Leaves:   3558 | Clr: 185.156 mm | t_trial: 11.977 s

[PLANNED RESTART] Trial count 592: Triggering planned restart 74...
[PLANNED RESTART] Terminating existing move_group process...
[PLANNED RESTART COMPLETE] New PID: 272364 | Ready in 11.517 s | Initial RSS: 168.40 MB
[593/3720] 3kitchen_adjust-the-radiator-temperature_GT.json | label_only                 | Outcome: SAFE               | Leaves:   3558 | Clr: 182.422 mm | t_trial: 12.779 s
[594/3720] 3kitchen_adjust-the-radiator-temperature_GT.json | label_only                 | Outcome: SAFE               | Leaves:   3558 | Clr: 184.961 mm | t_trial: 12.092 s
[595/3720] 3kitchen_adjust-the-radiator-temperature_GT.json | combined_inherit           | Outcome: SAFE               | Leaves:   7415 | Clr: 178.711 mm | t_trial: 12.214 s
[596/3720] 3kitchen_adjust-the-radiator-temperature_GT.json | combined_inherit           | Outcome: SAFE               | Leaves:   7415 | Clr: 182.617 mm | t_trial: 11.608 s
[597/3720] 3kitchen_adjust-the-radiator-temperature_GT.json | combined_inherit           | Outcome: SAFE               | Leaves:   7415 | Clr: 183.203 mm | t_trial: 11.650 s
[598/3720] 3kitchen_adjust-the-radiator-temperature_GT.json | information_bottleneck     | Outcome: SAFE               | Leaves:   3630 | Clr: 177.148 mm | t_trial: 11.235 s
[599/3720] 3kitchen_adjust-the-radiator-temperature_GT.json | information_bottleneck     | Outcome: SAFE               | Leaves:   3630 | Clr: 184.961 mm | t_trial: 11.488 s
[600/3720] 3kitchen_adjust-the-radiator-temperature_GT.json | information_bottleneck     | Outcome: SAFE               | Leaves:   3630 | Clr: 182.813 mm | t_trial: 11.854 s

[PLANNED RESTART] Trial count 600: Triggering planned restart 75...
[PLANNED RESTART] Terminating existing move_group process...
[PLANNED RESTART COMPLETE] New PID: 274332 | Ready in 11.461 s | Initial RSS: 168.75 MB
[601/3720] 3kitchen_open-the-door_GT.json      | identity                   | Outcome: SAFE               | Leaves:  65751 | Clr: 101.172 mm | t_trial: 13.261 s
[602/3720] 3kitchen_open-the-door_GT.json      | identity                   | Outcome: SAFE               | Leaves:  65751 | Clr: 97.266 mm | t_trial: 12.326 s
[603/3720] 3kitchen_open-the-door_GT.json      | identity                   | Outcome: SAFE               | Leaves:  65751 | Clr: 99.609 mm | t_trial: 12.417 s
[604/3720] 3kitchen_open-the-door_GT.json      | label_radius               | Outcome: SAFE               | Leaves:  31501 | Clr: 97.656 mm | t_trial: 11.826 s
[605/3720] 3kitchen_open-the-door_GT.json      | label_radius               | Outcome: SAFE               | Leaves:  31501 | Clr: 99.219 mm | t_trial: 11.221 s
[606/3720] 3kitchen_open-the-door_GT.json      | label_radius               | Outcome: SAFE               | Leaves:  31501 | Clr: 99.609 mm | t_trial: 11.388 s
[607/3720] 3kitchen_open-the-door_GT.json      | combined_quantile_adaptive | Outcome: BELIEF_PLAN_FAILED | Leaves:  23342 | Clr: N/A       | t_trial: 0.105 s
[608/3720] 3kitchen_open-the-door_GT.json      | combined_quantile_adaptive | Outcome: BELIEF_PLAN_FAILED | Leaves:  23342 | Clr: N/A       | t_trial: 0.110 s

[PLANNED RESTART] Trial count 608: Triggering planned restart 76...
[PLANNED RESTART] Terminating existing move_group process...
[PLANNED RESTART COMPLETE] New PID: 275907 | Ready in 11.475 s | Initial RSS: 168.59 MB
[609/3720] 3kitchen_open-the-door_GT.json      | combined_quantile_adaptive | Outcome: BELIEF_PLAN_FAILED | Leaves:  23342 | Clr: N/A       | t_trial: 0.125 s
[610/3720] 3kitchen_open-the-door_GT.json      | affordance_inherit         | Outcome: BELIEF_PLAN_FAILED | Leaves:  28971 | Clr: N/A       | t_trial: 0.147 s
[611/3720] 3kitchen_open-the-door_GT.json      | affordance_inherit         | Outcome: BELIEF_PLAN_FAILED | Leaves:  28971 | Clr: N/A       | t_trial: 0.132 s
[612/3720] 3kitchen_open-the-door_GT.json      | affordance_inherit         | Outcome: BELIEF_PLAN_FAILED | Leaves:  28971 | Clr: N/A       | t_trial: 0.131 s
[613/3720] 3kitchen_open-the-door_GT.json      | label_inherit              | Outcome: SAFE               | Leaves:  23342 | Clr: 100.195 mm | t_trial: 12.530 s
[614/3720] 3kitchen_open-the-door_GT.json      | label_inherit              | Outcome: SAFE               | Leaves:  23342 | Clr: 99.805 mm | t_trial: 12.208 s
[615/3720] 3kitchen_open-the-door_GT.json      | label_inherit              | Outcome: SAFE               | Leaves:  23342 | Clr: 96.094 mm | t_trial: 12.233 s
[616/3720] 3kitchen_open-the-door_GT.json      | label_only                 | Outcome: SAFE               | Leaves:  23279 | Clr: 96.289 mm | t_trial: 11.727 s

[PLANNED RESTART] Trial count 616: Triggering planned restart 77...
[PLANNED RESTART] Terminating existing move_group process...
[PLANNED RESTART COMPLETE] New PID: 277053 | Ready in 10.961 s | Initial RSS: 167.95 MB
[617/3720] 3kitchen_open-the-door_GT.json      | label_only                 | Outcome: SAFE               | Leaves:  23279 | Clr: 99.805 mm | t_trial: 12.520 s
[618/3720] 3kitchen_open-the-door_GT.json      | label_only                 | Outcome: SAFE               | Leaves:  23279 | Clr: 98.438 mm | t_trial: 12.127 s
[619/3720] 3kitchen_open-the-door_GT.json      | combined_inherit           | Outcome: SAFE               | Leaves:  52313 | Clr: 99.414 mm | t_trial: 11.816 s
[620/3720] 3kitchen_open-the-door_GT.json      | combined_inherit           | Outcome: SAFE               | Leaves:  52313 | Clr: 98.242 mm | t_trial: 11.967 s
[621/3720] 3kitchen_open-the-door_GT.json      | combined_inherit           | Outcome: SAFE               | Leaves:  52313 | Clr: 95.898 mm | t_trial: 11.811 s
[622/3720] 3kitchen_open-the-door_GT.json      | information_bottleneck     | Outcome: SAFE               | Leaves:  52313 | Clr: 100.391 mm | t_trial: 11.927 s
[623/3720] 3kitchen_open-the-door_GT.json      | information_bottleneck     | Outcome: SAFE               | Leaves:  52313 | Clr: 97.656 mm | t_trial: 11.195 s
[624/3720] 3kitchen_open-the-door_GT.json      | information_bottleneck     | Outcome: SAFE               | Leaves:  52313 | Clr: 98.828 mm | t_trial: 11.578 s

[PLANNED RESTART] Trial count 624: Triggering planned restart 78...
[PLANNED RESTART] Terminating existing move_group process...
[PLANNED RESTART COMPLETE] New PID: 278998 | Ready in 11.516 s | Initial RSS: 168.68 MB
[625/3720] 3kitchen_open-the-fridge_GT.json    | identity                   | Outcome: SAFE               | Leaves:  65751 | Clr: 42.578 mm | t_trial: 13.015 s
[626/3720] 3kitchen_open-the-fridge_GT.json    | identity                   | Outcome: SAFE               | Leaves:  65751 | Clr: 46.094 mm | t_trial: 12.343 s
[627/3720] 3kitchen_open-the-fridge_GT.json    | identity                   | Outcome: SAFE               | Leaves:  65751 | Clr: 47.656 mm | t_trial: 12.228 s
[628/3720] 3kitchen_open-the-fridge_GT.json    | label_radius               | Outcome: SAFE               | Leaves:  31483 | Clr: 47.266 mm | t_trial: 11.388 s
[629/3720] 3kitchen_open-the-fridge_GT.json    | label_radius               | Outcome: SAFE               | Leaves:  31483 | Clr: 46.289 mm | t_trial: 11.537 s
[630/3720] 3kitchen_open-the-fridge_GT.json    | label_radius               | Outcome: SAFE               | Leaves:  31483 | Clr: 43.555 mm | t_trial: 11.047 s
[631/3720] 3kitchen_open-the-fridge_GT.json    | combined_quantile_adaptive | Outcome: SAFE               | Leaves:   7961 | Clr: 46.094 mm | t_trial: 11.292 s
[632/3720] 3kitchen_open-the-fridge_GT.json    | combined_quantile_adaptive | Outcome: SAFE               | Leaves:   7961 | Clr: 47.070 mm | t_trial: 12.095 s

[PLANNED RESTART] Trial count 632: Triggering planned restart 79...
[PLANNED RESTART] Terminating existing move_group process...
[PLANNED RESTART COMPLETE] New PID: 280964 | Ready in 11.467 s | Initial RSS: 167.97 MB
[633/3720] 3kitchen_open-the-fridge_GT.json    | combined_quantile_adaptive | Outcome: SAFE               | Leaves:   7961 | Clr: 46.094 mm | t_trial: 12.635 s
[634/3720] 3kitchen_open-the-fridge_GT.json    | affordance_inherit         | Outcome: SAFE               | Leaves:   7961 | Clr: 40.625 mm | t_trial: 11.917 s
[635/3720] 3kitchen_open-the-fridge_GT.json    | affordance_inherit         | Outcome: SAFE               | Leaves:   7961 | Clr: 47.461 mm | t_trial: 11.875 s
[636/3720] 3kitchen_open-the-fridge_GT.json    | affordance_inherit         | Outcome: SAFE               | Leaves:   7961 | Clr: 47.070 mm | t_trial: 10.980 s
[637/3720] 3kitchen_open-the-fridge_GT.json    | label_inherit              | Outcome: SAFE               | Leaves:   7961 | Clr: 46.094 mm | t_trial: 11.447 s
[638/3720] 3kitchen_open-the-fridge_GT.json    | label_inherit              | Outcome: SAFE               | Leaves:   7961 | Clr: 45.703 mm | t_trial: 11.639 s
[639/3720] 3kitchen_open-the-fridge_GT.json    | label_inherit              | Outcome: SAFE               | Leaves:   7961 | Clr: 45.508 mm | t_trial: 11.333 s
[640/3720] 3kitchen_open-the-fridge_GT.json    | label_only                 | Outcome: SAFE               | Leaves:   7838 | Clr: 43.359 mm | t_trial: 12.186 s

[PLANNED RESTART] Trial count 640: Triggering planned restart 80...
[PLANNED RESTART] Terminating existing move_group process...
[PLANNED RESTART COMPLETE] New PID: 282906 | Ready in 11.576 s | Initial RSS: 168.17 MB
[641/3720] 3kitchen_open-the-fridge_GT.json    | label_only                 | Outcome: SAFE               | Leaves:   7838 | Clr: 44.727 mm | t_trial: 12.525 s
[642/3720] 3kitchen_open-the-fridge_GT.json    | label_only                 | Outcome: SAFE               | Leaves:   7838 | Clr: 41.016 mm | t_trial: 12.475 s
[643/3720] 3kitchen_open-the-fridge_GT.json    | combined_inherit           | Outcome: SAFE               | Leaves:   7961 | Clr: 46.094 mm | t_trial: 11.924 s
[644/3720] 3kitchen_open-the-fridge_GT.json    | combined_inherit           | Outcome: SAFE               | Leaves:   7961 | Clr: 46.680 mm | t_trial: 11.386 s
[645/3720] 3kitchen_open-the-fridge_GT.json    | combined_inherit           | Outcome: SAFE               | Leaves:   7961 | Clr: 44.922 mm | t_trial: 11.392 s
[646/3720] 3kitchen_open-the-fridge_GT.json    | information_bottleneck     | Outcome: SAFE               | Leaves:  28971 | Clr: 44.922 mm | t_trial: 11.519 s
[647/3720] 3kitchen_open-the-fridge_GT.json    | information_bottleneck     | Outcome: SAFE               | Leaves:  28971 | Clr: 46.094 mm | t_trial: 10.883 s
[648/3720] 3kitchen_open-the-fridge_GT.json    | information_bottleneck     | Outcome: SAFE               | Leaves:  28971 | Clr: 45.313 mm | t_trial: 11.785 s

[PLANNED RESTART] Trial count 648: Triggering planned restart 81...
[PLANNED RESTART] Terminating existing move_group process...
[PLANNED RESTART COMPLETE] New PID: 284827 | Ready in 11.468 s | Initial RSS: 168.28 MB
[649/3720] 3kitchen_open-the-kitchen-cabinet_26e1c6c1_GT.json | identity                   | Outcome: SAFE               | Leaves:  65751 | Clr: 90.820 mm | t_trial: 13.672 s
[650/3720] 3kitchen_open-the-kitchen-cabinet_26e1c6c1_GT.json | identity                   | Outcome: SAFE               | Leaves:  65751 | Clr: 89.453 mm | t_trial: 12.442 s
[651/3720] 3kitchen_open-the-kitchen-cabinet_26e1c6c1_GT.json | identity                   | Outcome: SAFE               | Leaves:  65751 | Clr: 89.258 mm | t_trial: 12.389 s
[652/3720] 3kitchen_open-the-kitchen-cabinet_26e1c6c1_GT.json | label_radius               | Outcome: BELIEF_PLAN_FAILED | Leaves:  25204 | Clr: N/A       | t_trial: 0.122 s
[653/3720] 3kitchen_open-the-kitchen-cabinet_26e1c6c1_GT.json | label_radius               | Outcome: BELIEF_PLAN_FAILED | Leaves:  25204 | Clr: N/A       | t_trial: 0.120 s
[654/3720] 3kitchen_open-the-kitchen-cabinet_26e1c6c1_GT.json | label_radius               | Outcome: BELIEF_PLAN_FAILED | Leaves:  25204 | Clr: N/A       | t_trial: 0.107 s
[655/3720] 3kitchen_open-the-kitchen-cabinet_26e1c6c1_GT.json | combined_quantile_adaptive | Outcome: SAFE               | Leaves:  19458 | Clr: 89.063 mm | t_trial: 11.129 s
[656/3720] 3kitchen_open-the-kitchen-cabinet_26e1c6c1_GT.json | combined_quantile_adaptive | Outcome: SAFE               | Leaves:  19458 | Clr: 91.406 mm | t_trial: 11.562 s

[PLANNED RESTART] Trial count 656: Triggering planned restart 82...
[PLANNED RESTART] Terminating existing move_group process...
[PLANNED RESTART COMPLETE] New PID: 286220 | Ready in 11.523 s | Initial RSS: 168.55 MB
[657/3720] 3kitchen_open-the-kitchen-cabinet_26e1c6c1_GT.json | combined_quantile_adaptive | Outcome: SAFE               | Leaves:  19458 | Clr: 95.312 mm | t_trial: 12.802 s
[658/3720] 3kitchen_open-the-kitchen-cabinet_26e1c6c1_GT.json | affordance_inherit         | Outcome: SAFE               | Leaves:   7961 | Clr: 90.430 mm | t_trial: 12.225 s
[659/3720] 3kitchen_open-the-kitchen-cabinet_26e1c6c1_GT.json | affordance_inherit         | Outcome: SAFE               | Leaves:   7961 | Clr: 90.820 mm | t_trial: 12.118 s
[660/3720] 3kitchen_open-the-kitchen-cabinet_26e1c6c1_GT.json | affordance_inherit         | Outcome: SAFE               | Leaves:   7961 | Clr: 91.602 mm | t_trial: 11.145 s
[661/3720] 3kitchen_open-the-kitchen-cabinet_26e1c6c1_GT.json | label_inherit              | Outcome: BELIEF_PLAN_FAILED | Leaves:  23324 | Clr: N/A       | t_trial: 0.101 s
[662/3720] 3kitchen_open-the-kitchen-cabinet_26e1c6c1_GT.json | label_inherit              | Outcome: BELIEF_PLAN_FAILED | Leaves:  23324 | Clr: N/A       | t_trial: 0.101 s
[663/3720] 3kitchen_open-the-kitchen-cabinet_26e1c6c1_GT.json | label_inherit              | Outcome: BELIEF_PLAN_FAILED | Leaves:  23324 | Clr: N/A       | t_trial: 0.112 s
[664/3720] 3kitchen_open-the-kitchen-cabinet_26e1c6c1_GT.json | label_only                 | Outcome: BELIEF_PLAN_FAILED | Leaves:  23108 | Clr: N/A       | t_trial: 0.110 s

[PLANNED RESTART] Trial count 664: Triggering planned restart 83...
[PLANNED RESTART] Terminating existing move_group process...
[PLANNED RESTART COMPLETE] New PID: 287373 | Ready in 11.627 s | Initial RSS: 168.14 MB
[665/3720] 3kitchen_open-the-kitchen-cabinet_26e1c6c1_GT.json | label_only                 | Outcome: BELIEF_PLAN_FAILED | Leaves:  23108 | Clr: N/A       | t_trial: 0.124 s
[666/3720] 3kitchen_open-the-kitchen-cabinet_26e1c6c1_GT.json | label_only                 | Outcome: BELIEF_PLAN_FAILED | Leaves:  23108 | Clr: N/A       | t_trial: 0.114 s
[667/3720] 3kitchen_open-the-kitchen-cabinet_26e1c6c1_GT.json | combined_inherit           | Outcome: BELIEF_PLAN_FAILED | Leaves:  23324 | Clr: N/A       | t_trial: 0.116 s
[668/3720] 3kitchen_open-the-kitchen-cabinet_26e1c6c1_GT.json | combined_inherit           | Outcome: BELIEF_PLAN_FAILED | Leaves:  23324 | Clr: N/A       | t_trial: 0.103 s
[669/3720] 3kitchen_open-the-kitchen-cabinet_26e1c6c1_GT.json | combined_inherit           | Outcome: BELIEF_PLAN_FAILED | Leaves:  23324 | Clr: N/A       | t_trial: 0.112 s
[670/3720] 3kitchen_open-the-kitchen-cabinet_26e1c6c1_GT.json | information_bottleneck     | Outcome: SAFE               | Leaves:  31114 | Clr: 87.695 mm | t_trial: 12.791 s
[671/3720] 3kitchen_open-the-kitchen-cabinet_26e1c6c1_GT.json | information_bottleneck     | Outcome: SAFE               | Leaves:  31114 | Clr: 91.016 mm | t_trial: 12.212 s
[672/3720] 3kitchen_open-the-kitchen-cabinet_26e1c6c1_GT.json | information_bottleneck     | Outcome: SAFE               | Leaves:  31114 | Clr: 91.211 mm | t_trial: 12.222 s

[PLANNED RESTART] Trial count 672: Triggering planned restart 84...
[PLANNED RESTART] Terminating existing move_group process...
[PLANNED RESTART COMPLETE] New PID: 288335 | Ready in 11.499 s | Initial RSS: 168.52 MB
[673/3720] 3kitchen_open-the-kitchen-cabinet_cd95a35a_GT.json | identity                   | Outcome: SAFE               | Leaves:  65751 | Clr: 195.703 mm | t_trial: 13.077 s
[674/3720] 3kitchen_open-the-kitchen-cabinet_cd95a35a_GT.json | identity                   | Outcome: SAFE               | Leaves:  65751 | Clr: 191.992 mm | t_trial: 12.370 s
[675/3720] 3kitchen_open-the-kitchen-cabinet_cd95a35a_GT.json | identity                   | Outcome: SAFE               | Leaves:  65751 | Clr: 189.648 mm | t_trial: 12.424 s
[676/3720] 3kitchen_open-the-kitchen-cabinet_cd95a35a_GT.json | label_radius               | Outcome: SAFE               | Leaves:  25204 | Clr: 194.922 mm | t_trial: 11.769 s
[677/3720] 3kitchen_open-the-kitchen-cabinet_cd95a35a_GT.json | label_radius               | Outcome: SAFE               | Leaves:  25204 | Clr: 191.992 mm | t_trial: 11.264 s
[678/3720] 3kitchen_open-the-kitchen-cabinet_cd95a35a_GT.json | label_radius               | Outcome: SAFE               | Leaves:  25204 | Clr: 196.680 mm | t_trial: 11.911 s
[679/3720] 3kitchen_open-the-kitchen-cabinet_cd95a35a_GT.json | combined_quantile_adaptive | Outcome: SAFE               | Leaves:  19458 | Clr: 195.117 mm | t_trial: 12.136 s
[680/3720] 3kitchen_open-the-kitchen-cabinet_cd95a35a_GT.json | combined_quantile_adaptive | Outcome: SAFE               | Leaves:  19458 | Clr: 194.531 mm | t_trial: 12.109 s

[PLANNED RESTART] Trial count 680: Triggering planned restart 85...
[PLANNED RESTART] Terminating existing move_group process...
[PLANNED RESTART COMPLETE] New PID: 290335 | Ready in 11.465 s | Initial RSS: 168.89 MB
[681/3720] 3kitchen_open-the-kitchen-cabinet_cd95a35a_GT.json | combined_quantile_adaptive | Outcome: SAFE               | Leaves:  19458 | Clr: 192.969 mm | t_trial: 12.904 s
[682/3720] 3kitchen_open-the-kitchen-cabinet_cd95a35a_GT.json | affordance_inherit         | Outcome: SAFE               | Leaves:   7961 | Clr: 195.703 mm | t_trial: 11.789 s
[683/3720] 3kitchen_open-the-kitchen-cabinet_cd95a35a_GT.json | affordance_inherit         | Outcome: SAFE               | Leaves:   7961 | Clr: 193.945 mm | t_trial: 11.673 s
[684/3720] 3kitchen_open-the-kitchen-cabinet_cd95a35a_GT.json | affordance_inherit         | Outcome: SAFE               | Leaves:   7961 | Clr: 192.773 mm | t_trial: 11.711 s
[685/3720] 3kitchen_open-the-kitchen-cabinet_cd95a35a_GT.json | label_inherit              | Outcome: SAFE               | Leaves:  23324 | Clr: 191.992 mm | t_trial: 11.773 s
[686/3720] 3kitchen_open-the-kitchen-cabinet_cd95a35a_GT.json | label_inherit              | Outcome: SAFE               | Leaves:  23324 | Clr: 194.922 mm | t_trial: 11.328 s
[687/3720] 3kitchen_open-the-kitchen-cabinet_cd95a35a_GT.json | label_inherit              | Outcome: SAFE               | Leaves:  23324 | Clr: 192.773 mm | t_trial: 11.732 s
[688/3720] 3kitchen_open-the-kitchen-cabinet_cd95a35a_GT.json | label_only                 | Outcome: SAFE               | Leaves:  23108 | Clr: 191.602 mm | t_trial: 12.324 s

[PLANNED RESTART] Trial count 688: Triggering planned restart 86...
[PLANNED RESTART] Terminating existing move_group process...
[PLANNED RESTART COMPLETE] New PID: 292279 | Ready in 11.533 s | Initial RSS: 168.05 MB
[689/3720] 3kitchen_open-the-kitchen-cabinet_cd95a35a_GT.json | label_only                 | Outcome: SAFE               | Leaves:  23108 | Clr: 196.289 mm | t_trial: 13.431 s
[690/3720] 3kitchen_open-the-kitchen-cabinet_cd95a35a_GT.json | label_only                 | Outcome: SAFE               | Leaves:  23108 | Clr: 195.312 mm | t_trial: 12.829 s
[691/3720] 3kitchen_open-the-kitchen-cabinet_cd95a35a_GT.json | combined_inherit           | Outcome: SAFE               | Leaves:  23324 | Clr: 192.188 mm | t_trial: 12.268 s
[692/3720] 3kitchen_open-the-kitchen-cabinet_cd95a35a_GT.json | combined_inherit           | Outcome: SAFE               | Leaves:  23324 | Clr: 195.703 mm | t_trial: 11.358 s
[693/3720] 3kitchen_open-the-kitchen-cabinet_cd95a35a_GT.json | combined_inherit           | Outcome: SAFE               | Leaves:  23324 | Clr: 196.875 mm | t_trial: 11.897 s
[694/3720] 3kitchen_open-the-kitchen-cabinet_cd95a35a_GT.json | information_bottleneck     | Outcome: SAFE               | Leaves:  31114 | Clr: 193.359 mm | t_trial: 11.388 s
[695/3720] 3kitchen_open-the-kitchen-cabinet_cd95a35a_GT.json | information_bottleneck     | Outcome: SAFE               | Leaves:  31114 | Clr: 194.336 mm | t_trial: 11.128 s
[696/3720] 3kitchen_open-the-kitchen-cabinet_cd95a35a_GT.json | information_bottleneck     | Outcome: SAFE               | Leaves:  31114 | Clr: 195.508 mm | t_trial: 12.608 s

[PLANNED RESTART] Trial count 696: Triggering planned restart 87...
[PLANNED RESTART] Terminating existing move_group process...
[PLANNED RESTART COMPLETE] New PID: 294265 | Ready in 10.970 s | Initial RSS: 168.44 MB
[697/3720] 3kitchen_open-the-kitchen-cabinet_fa25f213_GT.json | identity                   | Outcome: SAFE               | Leaves:  65751 | Clr: 150.586 mm | t_trial: 13.545 s
[698/3720] 3kitchen_open-the-kitchen-cabinet_fa25f213_GT.json | identity                   | Outcome: SAFE               | Leaves:  65751 | Clr: 149.414 mm | t_trial: 11.817 s
[699/3720] 3kitchen_open-the-kitchen-cabinet_fa25f213_GT.json | identity                   | Outcome: SAFE               | Leaves:  65751 | Clr: 147.656 mm | t_trial: 12.407 s
[700/3720] 3kitchen_open-the-kitchen-cabinet_fa25f213_GT.json | label_radius               | Outcome: BELIEF_PLAN_FAILED | Leaves:  25204 | Clr: N/A       | t_trial: 0.096 s
[701/3720] 3kitchen_open-the-kitchen-cabinet_fa25f213_GT.json | label_radius               | Outcome: BELIEF_PLAN_FAILED | Leaves:  25204 | Clr: N/A       | t_trial: 0.091 s
[702/3720] 3kitchen_open-the-kitchen-cabinet_fa25f213_GT.json | label_radius               | Outcome: BELIEF_PLAN_FAILED | Leaves:  25204 | Clr: N/A       | t_trial: 0.092 s
[703/3720] 3kitchen_open-the-kitchen-cabinet_fa25f213_GT.json | combined_quantile_adaptive | Outcome: SAFE               | Leaves:  19458 | Clr: 150.781 mm | t_trial: 11.908 s
[704/3720] 3kitchen_open-the-kitchen-cabinet_fa25f213_GT.json | combined_quantile_adaptive | Outcome: SAFE               | Leaves:  19458 | Clr: 144.336 mm | t_trial: 11.634 s

[PLANNED RESTART] Trial count 704: Triggering planned restart 88...
[PLANNED RESTART] Terminating existing move_group process...
[PLANNED RESTART COMPLETE] New PID: 295640 | Ready in 11.530 s | Initial RSS: 168.28 MB
[705/3720] 3kitchen_open-the-kitchen-cabinet_fa25f213_GT.json | combined_quantile_adaptive | Outcome: SAFE               | Leaves:  19458 | Clr: 150.977 mm | t_trial: 12.954 s
[706/3720] 3kitchen_open-the-kitchen-cabinet_fa25f213_GT.json | affordance_inherit         | Outcome: SAFE               | Leaves:   7961 | Clr: 148.047 mm | t_trial: 12.509 s
[707/3720] 3kitchen_open-the-kitchen-cabinet_fa25f213_GT.json | affordance_inherit         | Outcome: SAFE               | Leaves:   7961 | Clr: 151.367 mm | t_trial: 12.344 s
[708/3720] 3kitchen_open-the-kitchen-cabinet_fa25f213_GT.json | affordance_inherit         | Outcome: SAFE               | Leaves:   7961 | Clr: 150.391 mm | t_trial: 11.847 s
[709/3720] 3kitchen_open-the-kitchen-cabinet_fa25f213_GT.json | label_inherit              | Outcome: BELIEF_PLAN_FAILED | Leaves:  23324 | Clr: N/A       | t_trial: 0.095 s
[710/3720] 3kitchen_open-the-kitchen-cabinet_fa25f213_GT.json | label_inherit              | Outcome: BELIEF_PLAN_FAILED | Leaves:  23324 | Clr: N/A       | t_trial: 0.082 s
[711/3720] 3kitchen_open-the-kitchen-cabinet_fa25f213_GT.json | label_inherit              | Outcome: BELIEF_PLAN_FAILED | Leaves:  23324 | Clr: N/A       | t_trial: 0.092 s
[712/3720] 3kitchen_open-the-kitchen-cabinet_fa25f213_GT.json | label_only                 | Outcome: BELIEF_PLAN_FAILED | Leaves:  23108 | Clr: N/A       | t_trial: 0.085 s

[PLANNED RESTART] Trial count 712: Triggering planned restart 89...
[PLANNED RESTART] Terminating existing move_group process...
[PLANNED RESTART COMPLETE] New PID: 296805 | Ready in 11.526 s | Initial RSS: 168.58 MB
[713/3720] 3kitchen_open-the-kitchen-cabinet_fa25f213_GT.json | label_only                 | Outcome: BELIEF_PLAN_FAILED | Leaves:  23108 | Clr: N/A       | t_trial: 0.107 s
[714/3720] 3kitchen_open-the-kitchen-cabinet_fa25f213_GT.json | label_only                 | Outcome: BELIEF_PLAN_FAILED | Leaves:  23108 | Clr: N/A       | t_trial: 0.096 s
[715/3720] 3kitchen_open-the-kitchen-cabinet_fa25f213_GT.json | combined_inherit           | Outcome: BELIEF_PLAN_FAILED | Leaves:  23324 | Clr: N/A       | t_trial: 0.086 s
[716/3720] 3kitchen_open-the-kitchen-cabinet_fa25f213_GT.json | combined_inherit           | Outcome: BELIEF_PLAN_FAILED | Leaves:  23324 | Clr: N/A       | t_trial: 0.085 s
[717/3720] 3kitchen_open-the-kitchen-cabinet_fa25f213_GT.json | combined_inherit           | Outcome: BELIEF_PLAN_FAILED | Leaves:  23324 | Clr: N/A       | t_trial: 0.085 s
[718/3720] 3kitchen_open-the-kitchen-cabinet_fa25f213_GT.json | information_bottleneck     | Outcome: SAFE               | Leaves:  31114 | Clr: 150.781 mm | t_trial: 12.868 s
[719/3720] 3kitchen_open-the-kitchen-cabinet_fa25f213_GT.json | information_bottleneck     | Outcome: SAFE               | Leaves:  31114 | Clr: 148.633 mm | t_trial: 12.441 s
[720/3720] 3kitchen_open-the-kitchen-cabinet_fa25f213_GT.json | information_bottleneck     | Outcome: SAFE               | Leaves:  31114 | Clr: 149.023 mm | t_trial: 12.251 s

[PLANNED RESTART] Trial count 720: Triggering planned restart 90...
[PLANNED RESTART] Terminating existing move_group process...
[PLANNED RESTART COMPLETE] New PID: 297782 | Ready in 11.464 s | Initial RSS: 168.26 MB
[721/3720] 3kitchen_open-the-oven_GT.json      | identity                   | Outcome: SAFE               | Leaves:  65751 | Clr: 183.594 mm | t_trial: 13.180 s
[722/3720] 3kitchen_open-the-oven_GT.json      | identity                   | Outcome: SAFE               | Leaves:  65751 | Clr: 186.523 mm | t_trial: 12.375 s
[723/3720] 3kitchen_open-the-oven_GT.json      | identity                   | Outcome: SAFE               | Leaves:  65751 | Clr: 186.914 mm | t_trial: 12.548 s
[724/3720] 3kitchen_open-the-oven_GT.json      | label_radius               | Outcome: SAFE               | Leaves:   4414 | Clr: 182.422 mm | t_trial: 11.753 s
[725/3720] 3kitchen_open-the-oven_GT.json      | label_radius               | Outcome: SAFE               | Leaves:   4414 | Clr: 186.133 mm | t_trial: 11.800 s
[726/3720] 3kitchen_open-the-oven_GT.json      | label_radius               | Outcome: SAFE               | Leaves:   4414 | Clr: 186.719 mm | t_trial: 11.888 s
[727/3720] 3kitchen_open-the-oven_GT.json      | combined_quantile_adaptive | Outcome: SAFE               | Leaves:   3785 | Clr: 187.891 mm | t_trial: 11.225 s
[728/3720] 3kitchen_open-the-oven_GT.json      | combined_quantile_adaptive | Outcome: SAFE               | Leaves:   3785 | Clr: 185.742 mm | t_trial: 11.524 s

[PLANNED RESTART] Trial count 728: Triggering planned restart 91...
[PLANNED RESTART] Terminating existing move_group process...
[PLANNED RESTART COMPLETE] New PID: 299770 | Ready in 11.543 s | Initial RSS: 168.25 MB
[729/3720] 3kitchen_open-the-oven_GT.json      | combined_quantile_adaptive | Outcome: SAFE               | Leaves:   3785 | Clr: 185.352 mm | t_trial: 12.692 s
[730/3720] 3kitchen_open-the-oven_GT.json      | affordance_inherit         | Outcome: SAFE               | Leaves:   3785 | Clr: 184.570 mm | t_trial: 12.525 s
[731/3720] 3kitchen_open-the-oven_GT.json      | affordance_inherit         | Outcome: SAFE               | Leaves:   3785 | Clr: 186.719 mm | t_trial: 12.183 s
[732/3720] 3kitchen_open-the-oven_GT.json      | affordance_inherit         | Outcome: SAFE               | Leaves:   3785 | Clr: 185.156 mm | t_trial: 11.814 s
[733/3720] 3kitchen_open-the-oven_GT.json      | label_inherit              | Outcome: SAFE               | Leaves:   3785 | Clr: 184.570 mm | t_trial: 11.818 s
[734/3720] 3kitchen_open-the-oven_GT.json      | label_inherit              | Outcome: SAFE               | Leaves:   3785 | Clr: 183.789 mm | t_trial: 11.876 s
[735/3720] 3kitchen_open-the-oven_GT.json      | label_inherit              | Outcome: SAFE               | Leaves:   3785 | Clr: 183.984 mm | t_trial: 11.745 s
[736/3720] 3kitchen_open-the-oven_GT.json      | label_only                 | Outcome: SAFE               | Leaves:   3698 | Clr: 184.570 mm | t_trial: 12.112 s

[PLANNED RESTART] Trial count 736: Triggering planned restart 92...
[PLANNED RESTART] Terminating existing move_group process...
[PLANNED RESTART COMPLETE] New PID: 301769 | Ready in 11.538 s | Initial RSS: 168.84 MB
[737/3720] 3kitchen_open-the-oven_GT.json      | label_only                 | Outcome: SAFE               | Leaves:   3698 | Clr: 182.031 mm | t_trial: 13.272 s
[738/3720] 3kitchen_open-the-oven_GT.json      | label_only                 | Outcome: SAFE               | Leaves:   3698 | Clr: 182.422 mm | t_trial: 12.369 s
[739/3720] 3kitchen_open-the-oven_GT.json      | combined_inherit           | Outcome: SAFE               | Leaves:   3785 | Clr: 181.250 mm | t_trial: 12.249 s
[740/3720] 3kitchen_open-the-oven_GT.json      | combined_inherit           | Outcome: SAFE               | Leaves:   3785 | Clr: 182.617 mm | t_trial: 11.713 s
[741/3720] 3kitchen_open-the-oven_GT.json      | combined_inherit           | Outcome: SAFE               | Leaves:   3785 | Clr: 184.766 mm | t_trial: 11.810 s
[742/3720] 3kitchen_open-the-oven_GT.json      | information_bottleneck     | Outcome: SAFE               | Leaves:  24955 | Clr: 185.742 mm | t_trial: 11.473 s
[743/3720] 3kitchen_open-the-oven_GT.json      | information_bottleneck     | Outcome: SAFE               | Leaves:  24955 | Clr: 184.570 mm | t_trial: 11.243 s
[744/3720] 3kitchen_open-the-oven_GT.json      | information_bottleneck     | Outcome: SAFE               | Leaves:  24955 | Clr: 185.352 mm | t_trial: 12.694 s

[PLANNED RESTART] Trial count 744: Triggering planned restart 93...
[PLANNED RESTART] Terminating existing move_group process...
[PLANNED RESTART COMPLETE] New PID: 303743 | Ready in 11.469 s | Initial RSS: 168.55 MB
[745/3720] 3kitchen_use-the-kettle_GT.json     | identity                   | Outcome: SAFE               | Leaves:  65751 | Clr: 102.344 mm | t_trial: 13.359 s
[746/3720] 3kitchen_use-the-kettle_GT.json     | identity                   | Outcome: SAFE               | Leaves:  65751 | Clr: 104.102 mm | t_trial: 12.519 s
[747/3720] 3kitchen_use-the-kettle_GT.json     | identity                   | Outcome: SAFE               | Leaves:  65751 | Clr: 104.102 mm | t_trial: 12.263 s
[748/3720] 3kitchen_use-the-kettle_GT.json     | label_radius               | Outcome: SAFE               | Leaves:   7971 | Clr: 102.539 mm | t_trial: 11.703 s
[749/3720] 3kitchen_use-the-kettle_GT.json     | label_radius               | Outcome: SAFE               | Leaves:   7971 | Clr: 105.664 mm | t_trial: 11.495 s
[750/3720] 3kitchen_use-the-kettle_GT.json     | label_radius               | Outcome: SAFE               | Leaves:   7971 | Clr: 103.516 mm | t_trial: 11.740 s
[751/3720] 3kitchen_use-the-kettle_GT.json     | combined_quantile_adaptive | Outcome: SAFE               | Leaves:    752 | Clr: 105.078 mm | t_trial: 11.447 s
[752/3720] 3kitchen_use-the-kettle_GT.json     | combined_quantile_adaptive | Outcome: SAFE               | Leaves:    752 | Clr: 106.055 mm | t_trial: 12.313 s

[PLANNED RESTART] Trial count 752: Triggering planned restart 94...
[PLANNED RESTART] Terminating existing move_group process...
[PLANNED RESTART COMPLETE] New PID: 305734 | Ready in 11.473 s | Initial RSS: 168.77 MB
[753/3720] 3kitchen_use-the-kettle_GT.json     | combined_quantile_adaptive | Outcome: SAFE               | Leaves:    752 | Clr: 104.297 mm | t_trial: 12.640 s
[754/3720] 3kitchen_use-the-kettle_GT.json     | affordance_inherit         | Outcome: SAFE               | Leaves:   2241 | Clr: 100.977 mm | t_trial: 12.213 s
[755/3720] 3kitchen_use-the-kettle_GT.json     | affordance_inherit         | Outcome: SAFE               | Leaves:   2241 | Clr: 101.172 mm | t_trial: 11.555 s
[756/3720] 3kitchen_use-the-kettle_GT.json     | affordance_inherit         | Outcome: SAFE               | Leaves:   2241 | Clr: 103.320 mm | t_trial: 11.522 s
[757/3720] 3kitchen_use-the-kettle_GT.json     | label_inherit              | Outcome: SAFE               | Leaves:    752 | Clr: 104.883 mm | t_trial: 11.540 s
[758/3720] 3kitchen_use-the-kettle_GT.json     | label_inherit              | Outcome: SAFE               | Leaves:    752 | Clr: 104.102 mm | t_trial: 11.599 s
[759/3720] 3kitchen_use-the-kettle_GT.json     | label_inherit              | Outcome: SAFE               | Leaves:    752 | Clr: 105.273 mm | t_trial: 11.739 s
[760/3720] 3kitchen_use-the-kettle_GT.json     | label_only                 | Outcome: SAFE               | Leaves:    611 | Clr: 102.930 mm | t_trial: 11.610 s

[PLANNED RESTART] Trial count 760: Triggering planned restart 95...
[PLANNED RESTART] Terminating existing move_group process...
[PLANNED RESTART COMPLETE] New PID: 307680 | Ready in 11.513 s | Initial RSS: 168.30 MB
[761/3720] 3kitchen_use-the-kettle_GT.json     | label_only                 | Outcome: SAFE               | Leaves:    611 | Clr: 103.711 mm | t_trial: 13.112 s
[762/3720] 3kitchen_use-the-kettle_GT.json     | label_only                 | Outcome: SAFE               | Leaves:    611 | Clr: 103.711 mm | t_trial: 12.443 s
[763/3720] 3kitchen_use-the-kettle_GT.json     | combined_inherit           | Outcome: SAFE               | Leaves:    752 | Clr: 103.906 mm | t_trial: 11.675 s
[764/3720] 3kitchen_use-the-kettle_GT.json     | combined_inherit           | Outcome: SAFE               | Leaves:    752 | Clr: 101.953 mm | t_trial: 10.960 s
[765/3720] 3kitchen_use-the-kettle_GT.json     | combined_inherit           | Outcome: SAFE               | Leaves:    752 | Clr: 105.859 mm | t_trial: 11.485 s
[766/3720] 3kitchen_use-the-kettle_GT.json     | information_bottleneck     | Outcome: SAFE               | Leaves:    752 | Clr: 102.148 mm | t_trial: 11.179 s
[767/3720] 3kitchen_use-the-kettle_GT.json     | information_bottleneck     | Outcome: SAFE               | Leaves:    752 | Clr: 106.836 mm | t_trial: 11.390 s
[768/3720] 3kitchen_use-the-kettle_GT.json     | information_bottleneck     | Outcome: SAFE               | Leaves:    752 | Clr: 104.883 mm | t_trial: 12.087 s

[PLANNED RESTART] Trial count 768: Triggering planned restart 96...
[PLANNED RESTART] Terminating existing move_group process...
[PLANNED RESTART COMPLETE] New PID: 309630 | Ready in 11.470 s | Initial RSS: 168.61 MB
[769/3720] 3kitchen_i-am-hungry_26e1c6c1_GT.json | identity                   | Outcome: SAFE               | Leaves:  65751 | Clr: 92.969 mm | t_trial: 12.599 s
[770/3720] 3kitchen_i-am-hungry_26e1c6c1_GT.json | identity                   | Outcome: SAFE               | Leaves:  65751 | Clr: 87.695 mm | t_trial: 12.226 s
[771/3720] 3kitchen_i-am-hungry_26e1c6c1_GT.json | identity                   | Outcome: SAFE               | Leaves:  65751 | Clr: 88.086 mm | t_trial: 12.171 s
[772/3720] 3kitchen_i-am-hungry_26e1c6c1_GT.json | label_radius               | Outcome: SAFE               | Leaves:   4414 | Clr: 88.477 mm | t_trial: 11.671 s
[773/3720] 3kitchen_i-am-hungry_26e1c6c1_GT.json | label_radius               | Outcome: SAFE               | Leaves:   4414 | Clr: 92.188 mm | t_trial: 11.589 s
[774/3720] 3kitchen_i-am-hungry_26e1c6c1_GT.json | label_radius               | Outcome: SAFE               | Leaves:   4414 | Clr: 92.773 mm | t_trial: 11.612 s
[775/3720] 3kitchen_i-am-hungry_26e1c6c1_GT.json | combined_quantile_adaptive | Outcome: BELIEF_PLAN_FAILED | Leaves:   3785 | Clr: N/A       | t_trial: 0.046 s
[776/3720] 3kitchen_i-am-hungry_26e1c6c1_GT.json | combined_quantile_adaptive | Outcome: BELIEF_PLAN_FAILED | Leaves:   3785 | Clr: N/A       | t_trial: 0.045 s

[PLANNED RESTART] Trial count 776: Triggering planned restart 97...
[PLANNED RESTART] Terminating existing move_group process...
[PLANNED RESTART COMPLETE] New PID: 311199 | Ready in 11.528 s | Initial RSS: 168.19 MB
[777/3720] 3kitchen_i-am-hungry_26e1c6c1_GT.json | combined_quantile_adaptive | Outcome: BELIEF_PLAN_FAILED | Leaves:   3785 | Clr: N/A       | t_trial: 0.036 s
[778/3720] 3kitchen_i-am-hungry_26e1c6c1_GT.json | affordance_inherit         | Outcome: SAFE               | Leaves:    752 | Clr: 88.672 mm | t_trial: 12.936 s
[779/3720] 3kitchen_i-am-hungry_26e1c6c1_GT.json | affordance_inherit         | Outcome: SAFE               | Leaves:    752 | Clr: 91.797 mm | t_trial: 12.312 s
[780/3720] 3kitchen_i-am-hungry_26e1c6c1_GT.json | affordance_inherit         | Outcome: SAFE               | Leaves:    752 | Clr: 89.453 mm | t_trial: 12.173 s
[781/3720] 3kitchen_i-am-hungry_26e1c6c1_GT.json | label_inherit              | Outcome: SAFE               | Leaves:   3785 | Clr: 93.164 mm | t_trial: 11.611 s
[782/3720] 3kitchen_i-am-hungry_26e1c6c1_GT.json | label_inherit              | Outcome: SAFE               | Leaves:   3785 | Clr: 88.867 mm | t_trial: 11.576 s
[783/3720] 3kitchen_i-am-hungry_26e1c6c1_GT.json | label_inherit              | Outcome: SAFE               | Leaves:   3785 | Clr: 88.672 mm | t_trial: 11.709 s
[784/3720] 3kitchen_i-am-hungry_26e1c6c1_GT.json | label_only                 | Outcome: SAFE               | Leaves:   3698 | Clr: 89.453 mm | t_trial: 11.616 s

[PLANNED RESTART] Trial count 784: Triggering planned restart 98...
[PLANNED RESTART] Terminating existing move_group process...
[PLANNED RESTART COMPLETE] New PID: 312953 | Ready in 11.551 s | Initial RSS: 168.18 MB
[785/3720] 3kitchen_i-am-hungry_26e1c6c1_GT.json | label_only                 | Outcome: SAFE               | Leaves:   3698 | Clr: 91.797 mm | t_trial: 12.870 s
[786/3720] 3kitchen_i-am-hungry_26e1c6c1_GT.json | label_only                 | Outcome: SAFE               | Leaves:   3698 | Clr: 87.500 mm | t_trial: 12.230 s
[787/3720] 3kitchen_i-am-hungry_26e1c6c1_GT.json | combined_inherit           | Outcome: SAFE               | Leaves:   3785 | Clr: 91.016 mm | t_trial: 12.072 s
[788/3720] 3kitchen_i-am-hungry_26e1c6c1_GT.json | combined_inherit           | Outcome: SAFE               | Leaves:   3785 | Clr: 91.016 mm | t_trial: 11.148 s
[789/3720] 3kitchen_i-am-hungry_26e1c6c1_GT.json | combined_inherit           | Outcome: SAFE               | Leaves:   3785 | Clr: 89.844 mm | t_trial: 11.636 s
[790/3720] 3kitchen_i-am-hungry_26e1c6c1_GT.json | information_bottleneck     | Outcome: SAFE               | Leaves:  36242 | Clr: 88.867 mm | t_trial: 11.659 s
[791/3720] 3kitchen_i-am-hungry_26e1c6c1_GT.json | information_bottleneck     | Outcome: SAFE               | Leaves:  36242 | Clr: 93.359 mm | t_trial: 11.652 s
[792/3720] 3kitchen_i-am-hungry_26e1c6c1_GT.json | information_bottleneck     | Outcome: SAFE               | Leaves:  36242 | Clr: 92.969 mm | t_trial: 12.212 s

[PLANNED RESTART] Trial count 792: Triggering planned restart 99...
[PLANNED RESTART] Terminating existing move_group process...
[PLANNED RESTART COMPLETE] New PID: 314912 | Ready in 11.526 s | Initial RSS: 168.45 MB
[793/3720] 3kitchen_i-am-hungry_2_GT.json      | identity                   | Outcome: SAFE               | Leaves:  65751 | Clr: 184.570 mm | t_trial: 13.135 s
[794/3720] 3kitchen_i-am-hungry_2_GT.json      | identity                   | Outcome: SAFE               | Leaves:  65751 | Clr: 185.938 mm | t_trial: 12.291 s
[795/3720] 3kitchen_i-am-hungry_2_GT.json      | identity                   | Outcome: SAFE               | Leaves:  65751 | Clr: 184.961 mm | t_trial: 12.636 s
[796/3720] 3kitchen_i-am-hungry_2_GT.json      | label_radius               | Outcome: SAFE               | Leaves:   4414 | Clr: 181.836 mm | t_trial: 11.715 s
[797/3720] 3kitchen_i-am-hungry_2_GT.json      | label_radius               | Outcome: SAFE               | Leaves:   4414 | Clr: 184.570 mm | t_trial: 11.349 s
[798/3720] 3kitchen_i-am-hungry_2_GT.json      | label_radius               | Outcome: SAFE               | Leaves:   4414 | Clr: 185.547 mm | t_trial: 11.884 s
[799/3720] 3kitchen_i-am-hungry_2_GT.json      | combined_quantile_adaptive | Outcome: SAFE               | Leaves:   3785 | Clr: 187.109 mm | t_trial: 11.641 s
[800/3720] 3kitchen_i-am-hungry_2_GT.json      | combined_quantile_adaptive | Outcome: SAFE               | Leaves:   3785 | Clr: 183.984 mm | t_trial: 12.262 s

[PLANNED RESTART] Trial count 800: Triggering planned restart 100...
[PLANNED RESTART] Terminating existing move_group process...
[PLANNED RESTART COMPLETE] New PID: 316902 | Ready in 11.474 s | Initial RSS: 168.48 MB
[801/3720] 3kitchen_i-am-hungry_2_GT.json      | combined_quantile_adaptive | Outcome: SAFE               | Leaves:   3785 | Clr: 182.227 mm | t_trial: 13.392 s
[802/3720] 3kitchen_i-am-hungry_2_GT.json      | affordance_inherit         | Outcome: SAFE               | Leaves:    752 | Clr: 185.938 mm | t_trial: 12.374 s
[803/3720] 3kitchen_i-am-hungry_2_GT.json      | affordance_inherit         | Outcome: SAFE               | Leaves:    752 | Clr: 185.742 mm | t_trial: 12.211 s
[804/3720] 3kitchen_i-am-hungry_2_GT.json      | affordance_inherit         | Outcome: SAFE               | Leaves:    752 | Clr: 185.742 mm | t_trial: 11.843 s
[805/3720] 3kitchen_i-am-hungry_2_GT.json      | label_inherit              | Outcome: SAFE               | Leaves:   3785 | Clr: 185.742 mm | t_trial: 11.216 s
[806/3720] 3kitchen_i-am-hungry_2_GT.json      | label_inherit              | Outcome: SAFE               | Leaves:   3785 | Clr: 187.109 mm | t_trial: 11.471 s
[807/3720] 3kitchen_i-am-hungry_2_GT.json      | label_inherit              | Outcome: SAFE               | Leaves:   3785 | Clr: 185.742 mm | t_trial: 11.161 s
[808/3720] 3kitchen_i-am-hungry_2_GT.json      | label_only                 | Outcome: SAFE               | Leaves:   3698 | Clr: 184.570 mm | t_trial: 12.191 s

[PLANNED RESTART] Trial count 808: Triggering planned restart 101...
[PLANNED RESTART] Terminating existing move_group process...
[PLANNED RESTART COMPLETE] New PID: 318892 | Ready in 11.537 s | Initial RSS: 168.09 MB
[809/3720] 3kitchen_i-am-hungry_2_GT.json      | label_only                 | Outcome: SAFE               | Leaves:   3698 | Clr: 186.523 mm | t_trial: 13.011 s
[810/3720] 3kitchen_i-am-hungry_2_GT.json      | label_only                 | Outcome: SAFE               | Leaves:   3698 | Clr: 186.328 mm | t_trial: 12.550 s
[811/3720] 3kitchen_i-am-hungry_2_GT.json      | combined_inherit           | Outcome: SAFE               | Leaves:   3785 | Clr: 185.156 mm | t_trial: 12.350 s
[812/3720] 3kitchen_i-am-hungry_2_GT.json      | combined_inherit           | Outcome: SAFE               | Leaves:   3785 | Clr: 186.133 mm | t_trial: 11.733 s
[813/3720] 3kitchen_i-am-hungry_2_GT.json      | combined_inherit           | Outcome: SAFE               | Leaves:   3785 | Clr: 185.742 mm | t_trial: 11.364 s
[814/3720] 3kitchen_i-am-hungry_2_GT.json      | information_bottleneck     | Outcome: SAFE               | Leaves:  36242 | Clr: 185.742 mm | t_trial: 11.883 s
[815/3720] 3kitchen_i-am-hungry_2_GT.json      | information_bottleneck     | Outcome: SAFE               | Leaves:  36242 | Clr: 186.523 mm | t_trial: 11.872 s
[816/3720] 3kitchen_i-am-hungry_2_GT.json      | information_bottleneck     | Outcome: SAFE               | Leaves:  36242 | Clr: 183.789 mm | t_trial: 12.140 s

[PLANNED RESTART] Trial count 816: Triggering planned restart 102...
[PLANNED RESTART] Terminating existing move_group process...
[PLANNED RESTART COMPLETE] New PID: 320867 | Ready in 11.461 s | Initial RSS: 168.42 MB
[817/3720] 3kitchen_i-am-hungry_GT.json        | identity                   | Outcome: SAFE               | Leaves:  65751 | Clr: 47.070 mm | t_trial: 13.404 s
[818/3720] 3kitchen_i-am-hungry_GT.json        | identity                   | Outcome: SAFE               | Leaves:  65751 | Clr: 45.898 mm | t_trial: 12.059 s
[819/3720] 3kitchen_i-am-hungry_GT.json        | identity                   | Outcome: SAFE               | Leaves:  65751 | Clr: 45.898 mm | t_trial: 12.136 s
[820/3720] 3kitchen_i-am-hungry_GT.json        | label_radius               | Outcome: SAFE               | Leaves:   4414 | Clr: 46.484 mm | t_trial: 11.357 s
[821/3720] 3kitchen_i-am-hungry_GT.json        | label_radius               | Outcome: SAFE               | Leaves:   4414 | Clr: 45.313 mm | t_trial: 11.406 s
[822/3720] 3kitchen_i-am-hungry_GT.json        | label_radius               | Outcome: SAFE               | Leaves:   4414 | Clr: 43.164 mm | t_trial: 11.005 s
[823/3720] 3kitchen_i-am-hungry_GT.json        | combined_quantile_adaptive | Outcome: SAFE               | Leaves:   3785 | Clr: 51.172 mm | t_trial: 11.801 s
[824/3720] 3kitchen_i-am-hungry_GT.json        | combined_quantile_adaptive | Outcome: SAFE               | Leaves:   3785 | Clr: 45.313 mm | t_trial: 12.083 s

[PLANNED RESTART] Trial count 824: Triggering planned restart 103...
[PLANNED RESTART] Terminating existing move_group process...
[PLANNED RESTART COMPLETE] New PID: 322830 | Ready in 11.467 s | Initial RSS: 168.27 MB
[825/3720] 3kitchen_i-am-hungry_GT.json        | combined_quantile_adaptive | Outcome: SAFE               | Leaves:   3785 | Clr: 46.289 mm | t_trial: 12.474 s
[826/3720] 3kitchen_i-am-hungry_GT.json        | affordance_inherit         | Outcome: SAFE               | Leaves:    752 | Clr: 48.242 mm | t_trial: 12.083 s
[827/3720] 3kitchen_i-am-hungry_GT.json        | affordance_inherit         | Outcome: SAFE               | Leaves:    752 | Clr: 46.875 mm | t_trial: 11.935 s
[828/3720] 3kitchen_i-am-hungry_GT.json        | affordance_inherit         | Outcome: SAFE               | Leaves:    752 | Clr: 43.164 mm | t_trial: 11.581 s
[829/3720] 3kitchen_i-am-hungry_GT.json        | label_inherit              | Outcome: SAFE               | Leaves:   3785 | Clr: 42.969 mm | t_trial: 11.349 s
[830/3720] 3kitchen_i-am-hungry_GT.json        | label_inherit              | Outcome: SAFE               | Leaves:   3785 | Clr: 45.898 mm | t_trial: 11.436 s
[831/3720] 3kitchen_i-am-hungry_GT.json        | label_inherit              | Outcome: SAFE               | Leaves:   3785 | Clr: 42.383 mm | t_trial: 10.849 s
[832/3720] 3kitchen_i-am-hungry_GT.json        | label_only                 | Outcome: SAFE               | Leaves:   3698 | Clr: 43.359 mm | t_trial: 11.620 s

[PLANNED RESTART] Trial count 832: Triggering planned restart 104...
[PLANNED RESTART] Terminating existing move_group process...
[PLANNED RESTART COMPLETE] New PID: 324748 | Ready in 11.540 s | Initial RSS: 168.52 MB
[833/3720] 3kitchen_i-am-hungry_GT.json        | label_only                 | Outcome: SAFE               | Leaves:   3698 | Clr: 47.461 mm | t_trial: 12.630 s
[834/3720] 3kitchen_i-am-hungry_GT.json        | label_only                 | Outcome: SAFE               | Leaves:   3698 | Clr: 46.875 mm | t_trial: 12.407 s
[835/3720] 3kitchen_i-am-hungry_GT.json        | combined_inherit           | Outcome: SAFE               | Leaves:   3785 | Clr: 45.898 mm | t_trial: 11.929 s
[836/3720] 3kitchen_i-am-hungry_GT.json        | combined_inherit           | Outcome: SAFE               | Leaves:   3785 | Clr: 45.117 mm | t_trial: 10.879 s
[837/3720] 3kitchen_i-am-hungry_GT.json        | combined_inherit           | Outcome: SAFE               | Leaves:   3785 | Clr: 42.969 mm | t_trial: 10.895 s
[838/3720] 3kitchen_i-am-hungry_GT.json        | information_bottleneck     | Outcome: SAFE               | Leaves:  36242 | Clr: 46.094 mm | t_trial: 11.181 s
[839/3720] 3kitchen_i-am-hungry_GT.json        | information_bottleneck     | Outcome: SAFE               | Leaves:  36242 | Clr: 45.313 mm | t_trial: 10.842 s
[840/3720] 3kitchen_i-am-hungry_GT.json        | information_bottleneck     | Outcome: SAFE               | Leaves:  36242 | Clr: 48.242 mm | t_trial: 11.995 s

[PLANNED RESTART] Trial count 840: Triggering planned restart 105...
[PLANNED RESTART] Terminating existing move_group process...
[PLANNED RESTART COMPLETE] New PID: 326676 | Ready in 11.468 s | Initial RSS: 168.52 MB
[841/3720] 3kitchen_i-am-hungry_cd95a35a_GT.json | identity                   | Outcome: SAFE               | Leaves:  65751 | Clr: 191.406 mm | t_trial: 13.066 s
[842/3720] 3kitchen_i-am-hungry_cd95a35a_GT.json | identity                   | Outcome: SAFE               | Leaves:  65751 | Clr: 194.531 mm | t_trial: 12.322 s
[843/3720] 3kitchen_i-am-hungry_cd95a35a_GT.json | identity                   | Outcome: SAFE               | Leaves:  65751 | Clr: 191.797 mm | t_trial: 12.404 s
[844/3720] 3kitchen_i-am-hungry_cd95a35a_GT.json | label_radius               | Outcome: SAFE               | Leaves:   4414 | Clr: 192.578 mm | t_trial: 11.759 s
[845/3720] 3kitchen_i-am-hungry_cd95a35a_GT.json | label_radius               | Outcome: SAFE               | Leaves:   4414 | Clr: 190.625 mm | t_trial: 11.588 s
[846/3720] 3kitchen_i-am-hungry_cd95a35a_GT.json | label_radius               | Outcome: SAFE               | Leaves:   4414 | Clr: 193.945 mm | t_trial: 11.228 s
[847/3720] 3kitchen_i-am-hungry_cd95a35a_GT.json | combined_quantile_adaptive | Outcome: SAFE               | Leaves:   3785 | Clr: 191.016 mm | t_trial: 11.306 s
[848/3720] 3kitchen_i-am-hungry_cd95a35a_GT.json | combined_quantile_adaptive | Outcome: SAFE               | Leaves:   3785 | Clr: 193.750 mm | t_trial: 12.048 s

[PLANNED RESTART] Trial count 848: Triggering planned restart 106...
[PLANNED RESTART] Terminating existing move_group process...
[PLANNED RESTART COMPLETE] New PID: 328648 | Ready in 11.555 s | Initial RSS: 168.06 MB
[849/3720] 3kitchen_i-am-hungry_cd95a35a_GT.json | combined_quantile_adaptive | Outcome: SAFE               | Leaves:   3785 | Clr: 194.531 mm | t_trial: 13.345 s
[850/3720] 3kitchen_i-am-hungry_cd95a35a_GT.json | affordance_inherit         | Outcome: SAFE               | Leaves:    752 | Clr: 194.531 mm | t_trial: 12.304 s
[851/3720] 3kitchen_i-am-hungry_cd95a35a_GT.json | affordance_inherit         | Outcome: SAFE               | Leaves:    752 | Clr: 191.406 mm | t_trial: 12.183 s
[852/3720] 3kitchen_i-am-hungry_cd95a35a_GT.json | affordance_inherit         | Outcome: SAFE               | Leaves:    752 | Clr: 191.797 mm | t_trial: 11.210 s
[853/3720] 3kitchen_i-am-hungry_cd95a35a_GT.json | label_inherit              | Outcome: SAFE               | Leaves:   3785 | Clr: 192.383 mm | t_trial: 11.198 s
[854/3720] 3kitchen_i-am-hungry_cd95a35a_GT.json | label_inherit              | Outcome: SAFE               | Leaves:   3785 | Clr: 191.211 mm | t_trial: 11.726 s
[855/3720] 3kitchen_i-am-hungry_cd95a35a_GT.json | label_inherit              | Outcome: SAFE               | Leaves:   3785 | Clr: 197.070 mm | t_trial: 11.529 s
[856/3720] 3kitchen_i-am-hungry_cd95a35a_GT.json | label_only                 | Outcome: SAFE               | Leaves:   3698 | Clr: 192.773 mm | t_trial: 12.285 s

[PLANNED RESTART] Trial count 856: Triggering planned restart 107...
[PLANNED RESTART] Terminating existing move_group process...
[PLANNED RESTART COMPLETE] New PID: 330607 | Ready in 10.959 s | Initial RSS: 168.66 MB
[857/3720] 3kitchen_i-am-hungry_cd95a35a_GT.json | label_only                 | Outcome: SAFE               | Leaves:   3698 | Clr: 189.844 mm | t_trial: 12.973 s
[858/3720] 3kitchen_i-am-hungry_cd95a35a_GT.json | label_only                 | Outcome: SAFE               | Leaves:   3698 | Clr: 196.094 mm | t_trial: 12.196 s
[859/3720] 3kitchen_i-am-hungry_cd95a35a_GT.json | combined_inherit           | Outcome: SAFE               | Leaves:   3785 | Clr: 195.312 mm | t_trial: 11.720 s
[860/3720] 3kitchen_i-am-hungry_cd95a35a_GT.json | combined_inherit           | Outcome: SAFE               | Leaves:   3785 | Clr: 192.383 mm | t_trial: 11.777 s
[861/3720] 3kitchen_i-am-hungry_cd95a35a_GT.json | combined_inherit           | Outcome: SAFE               | Leaves:   3785 | Clr: 195.703 mm | t_trial: 11.685 s
[862/3720] 3kitchen_i-am-hungry_cd95a35a_GT.json | information_bottleneck     | Outcome: SAFE               | Leaves:  36242 | Clr: 192.188 mm | t_trial: 12.021 s
[863/3720] 3kitchen_i-am-hungry_cd95a35a_GT.json | information_bottleneck     | Outcome: SAFE               | Leaves:  36242 | Clr: 192.773 mm | t_trial: 11.802 s
[864/3720] 3kitchen_i-am-hungry_cd95a35a_GT.json | information_bottleneck     | Outcome: SAFE               | Leaves:  36242 | Clr: 191.797 mm | t_trial: 12.169 s

[PLANNED RESTART] Trial count 864: Triggering planned restart 108...
[PLANNED RESTART] Terminating existing move_group process...
[PLANNED RESTART COMPLETE] New PID: 332572 | Ready in 11.550 s | Initial RSS: 168.45 MB
[865/3720] 3kitchen_i-am-hungry_fa25f213_GT.json | identity                   | Outcome: SAFE               | Leaves:  65751 | Clr: 150.586 mm | t_trial: 13.600 s
[866/3720] 3kitchen_i-am-hungry_fa25f213_GT.json | identity                   | Outcome: SAFE               | Leaves:  65751 | Clr: 147.852 mm | t_trial: 12.640 s
[867/3720] 3kitchen_i-am-hungry_fa25f213_GT.json | identity                   | Outcome: SAFE               | Leaves:  65751 | Clr: 151.367 mm | t_trial: 12.473 s
[868/3720] 3kitchen_i-am-hungry_fa25f213_GT.json | label_radius               | Outcome: SAFE               | Leaves:   4414 | Clr: 148.242 mm | t_trial: 11.704 s
[869/3720] 3kitchen_i-am-hungry_fa25f213_GT.json | label_radius               | Outcome: SAFE               | Leaves:   4414 | Clr: 148.047 mm | t_trial: 11.703 s
[870/3720] 3kitchen_i-am-hungry_fa25f213_GT.json | label_radius               | Outcome: SAFE               | Leaves:   4414 | Clr: 149.609 mm | t_trial: 11.723 s
[871/3720] 3kitchen_i-am-hungry_fa25f213_GT.json | combined_quantile_adaptive | Outcome: BELIEF_PLAN_FAILED | Leaves:   3785 | Clr: N/A       | t_trial: 0.032 s
[872/3720] 3kitchen_i-am-hungry_fa25f213_GT.json | combined_quantile_adaptive | Outcome: BELIEF_PLAN_FAILED | Leaves:   3785 | Clr: N/A       | t_trial: 0.024 s

[PLANNED RESTART] Trial count 872: Triggering planned restart 109...
[PLANNED RESTART] Terminating existing move_group process...
[PLANNED RESTART COMPLETE] New PID: 334180 | Ready in 11.548 s | Initial RSS: 168.73 MB
[873/3720] 3kitchen_i-am-hungry_fa25f213_GT.json | combined_quantile_adaptive | Outcome: BELIEF_PLAN_FAILED | Leaves:   3785 | Clr: N/A       | t_trial: 0.028 s
[874/3720] 3kitchen_i-am-hungry_fa25f213_GT.json | affordance_inherit         | Outcome: SAFE               | Leaves:    752 | Clr: 148.438 mm | t_trial: 12.546 s
[875/3720] 3kitchen_i-am-hungry_fa25f213_GT.json | affordance_inherit         | Outcome: SAFE               | Leaves:    752 | Clr: 151.172 mm | t_trial: 12.519 s
[876/3720] 3kitchen_i-am-hungry_fa25f213_GT.json | affordance_inherit         | Outcome: SAFE               | Leaves:    752 | Clr: 150.586 mm | t_trial: 12.569 s
[877/3720] 3kitchen_i-am-hungry_fa25f213_GT.json | label_inherit              | Outcome: SAFE               | Leaves:   3785 | Clr: 149.805 mm | t_trial: 11.314 s
[878/3720] 3kitchen_i-am-hungry_fa25f213_GT.json | label_inherit              | Outcome: SAFE               | Leaves:   3785 | Clr: 148.242 mm | t_trial: 11.830 s
[879/3720] 3kitchen_i-am-hungry_fa25f213_GT.json | label_inherit              | Outcome: SAFE               | Leaves:   3785 | Clr: 148.242 mm | t_trial: 11.751 s
[880/3720] 3kitchen_i-am-hungry_fa25f213_GT.json | label_only                 | Outcome: SAFE               | Leaves:   3698 | Clr: 148.242 mm | t_trial: 11.463 s

[PLANNED RESTART] Trial count 880: Triggering planned restart 110...
[PLANNED RESTART] Terminating existing move_group process...
[PLANNED RESTART COMPLETE] New PID: 335935 | Ready in 11.477 s | Initial RSS: 168.45 MB
[881/3720] 3kitchen_i-am-hungry_fa25f213_GT.json | label_only                 | Outcome: SAFE               | Leaves:   3698 | Clr: 149.414 mm | t_trial: 12.945 s
[882/3720] 3kitchen_i-am-hungry_fa25f213_GT.json | label_only                 | Outcome: SAFE               | Leaves:   3698 | Clr: 151.172 mm | t_trial: 12.775 s
[883/3720] 3kitchen_i-am-hungry_fa25f213_GT.json | combined_inherit           | Outcome: SAFE               | Leaves:   3785 | Clr: 149.609 mm | t_trial: 11.727 s
[884/3720] 3kitchen_i-am-hungry_fa25f213_GT.json | combined_inherit           | Outcome: SAFE               | Leaves:   3785 | Clr: 150.000 mm | t_trial: 11.327 s
[885/3720] 3kitchen_i-am-hungry_fa25f213_GT.json | combined_inherit           | Outcome: SAFE               | Leaves:   3785 | Clr: 151.953 mm | t_trial: 11.912 s
[886/3720] 3kitchen_i-am-hungry_fa25f213_GT.json | information_bottleneck     | Outcome: SAFE               | Leaves:  36242 | Clr: 148.633 mm | t_trial: 11.790 s
[887/3720] 3kitchen_i-am-hungry_fa25f213_GT.json | information_bottleneck     | Outcome: SAFE               | Leaves:  36242 | Clr: 150.195 mm | t_trial: 11.396 s
[888/3720] 3kitchen_i-am-hungry_fa25f213_GT.json | information_bottleneck     | Outcome: SAFE               | Leaves:  36242 | Clr: 150.586 mm | t_trial: 12.415 s

[PLANNED RESTART] Trial count 888: Triggering planned restart 111...
[PLANNED RESTART] Terminating existing move_group process...
[PLANNED RESTART COMPLETE] New PID: 337909 | Ready in 10.969 s | Initial RSS: 168.74 MB
[889/3720] 3kitchen_i-want-a-hot-cup-of-tea_GT.json | identity                   | Outcome: SAFE               | Leaves:  65751 | Clr: 105.078 mm | t_trial: 13.485 s
[890/3720] 3kitchen_i-want-a-hot-cup-of-tea_GT.json | identity                   | Outcome: SAFE               | Leaves:  65751 | Clr: 105.078 mm | t_trial: 11.620 s
[891/3720] 3kitchen_i-want-a-hot-cup-of-tea_GT.json | identity                   | Outcome: SAFE               | Leaves:  65751 | Clr: 105.469 mm | t_trial: 12.356 s
[892/3720] 3kitchen_i-want-a-hot-cup-of-tea_GT.json | label_radius               | Outcome: SAFE               | Leaves:   7971 | Clr: 103.320 mm | t_trial: 11.587 s
[893/3720] 3kitchen_i-want-a-hot-cup-of-tea_GT.json | label_radius               | Outcome: SAFE               | Leaves:   7971 | Clr: 105.078 mm | t_trial: 11.017 s
[894/3720] 3kitchen_i-want-a-hot-cup-of-tea_GT.json | label_radius               | Outcome: SAFE               | Leaves:   7971 | Clr: 103.711 mm | t_trial: 11.647 s
[895/3720] 3kitchen_i-want-a-hot-cup-of-tea_GT.json | combined_quantile_adaptive | Outcome: SAFE               | Leaves:    752 | Clr: 104.297 mm | t_trial: 10.879 s
[896/3720] 3kitchen_i-want-a-hot-cup-of-tea_GT.json | combined_quantile_adaptive | Outcome: SAFE               | Leaves:    752 | Clr: 104.688 mm | t_trial: 12.412 s

[PLANNED RESTART] Trial count 896: Triggering planned restart 112...
[PLANNED RESTART] Terminating existing move_group process...
[PLANNED RESTART COMPLETE] New PID: 339876 | Ready in 11.690 s | Initial RSS: 168.60 MB
[897/3720] 3kitchen_i-want-a-hot-cup-of-tea_GT.json | combined_quantile_adaptive | Outcome: SAFE               | Leaves:    752 | Clr: 106.445 mm | t_trial: 12.546 s
[898/3720] 3kitchen_i-want-a-hot-cup-of-tea_GT.json | affordance_inherit         | Outcome: SAFE               | Leaves:    752 | Clr: 104.883 mm | t_trial: 12.409 s
[899/3720] 3kitchen_i-want-a-hot-cup-of-tea_GT.json | affordance_inherit         | Outcome: SAFE               | Leaves:    752 | Clr: 103.711 mm | t_trial: 12.024 s
[900/3720] 3kitchen_i-want-a-hot-cup-of-tea_GT.json | affordance_inherit         | Outcome: SAFE               | Leaves:    752 | Clr: 104.492 mm | t_trial: 11.580 s
[901/3720] 3kitchen_i-want-a-hot-cup-of-tea_GT.json | label_inherit              | Outcome: SAFE               | Leaves:    752 | Clr: 102.148 mm | t_trial: 11.488 s
[902/3720] 3kitchen_i-want-a-hot-cup-of-tea_GT.json | label_inherit              | Outcome: SAFE               | Leaves:    752 | Clr: 105.078 mm | t_trial: 11.548 s
[903/3720] 3kitchen_i-want-a-hot-cup-of-tea_GT.json | label_inherit              | Outcome: SAFE               | Leaves:    752 | Clr: 104.883 mm | t_trial: 11.539 s
[904/3720] 3kitchen_i-want-a-hot-cup-of-tea_GT.json | label_only                 | Outcome: SAFE               | Leaves:    611 | Clr: 105.469 mm | t_trial: 11.928 s

[PLANNED RESTART] Trial count 904: Triggering planned restart 113...
[PLANNED RESTART] Terminating existing move_group process...
[PLANNED RESTART COMPLETE] New PID: 341834 | Ready in 11.538 s | Initial RSS: 168.30 MB
[905/3720] 3kitchen_i-want-a-hot-cup-of-tea_GT.json | label_only                 | Outcome: SAFE               | Leaves:    611 | Clr: 104.688 mm | t_trial: 12.936 s
[906/3720] 3kitchen_i-want-a-hot-cup-of-tea_GT.json | label_only                 | Outcome: SAFE               | Leaves:    611 | Clr: 104.492 mm | t_trial: 12.027 s
[907/3720] 3kitchen_i-want-a-hot-cup-of-tea_GT.json | combined_inherit           | Outcome: SAFE               | Leaves:    752 | Clr: 102.344 mm | t_trial: 12.039 s
[908/3720] 3kitchen_i-want-a-hot-cup-of-tea_GT.json | combined_inherit           | Outcome: SAFE               | Leaves:    752 | Clr: 101.367 mm | t_trial: 11.040 s
[909/3720] 3kitchen_i-want-a-hot-cup-of-tea_GT.json | combined_inherit           | Outcome: SAFE               | Leaves:    752 | Clr: 102.930 mm | t_trial: 11.625 s
[910/3720] 3kitchen_i-want-a-hot-cup-of-tea_GT.json | information_bottleneck     | Outcome: SAFE               | Leaves:   1880 | Clr: 100.195 mm | t_trial: 11.138 s
[911/3720] 3kitchen_i-want-a-hot-cup-of-tea_GT.json | information_bottleneck     | Outcome: SAFE               | Leaves:   1880 | Clr: 104.883 mm | t_trial: 11.405 s
[912/3720] 3kitchen_i-want-a-hot-cup-of-tea_GT.json | information_bottleneck     | Outcome: SAFE               | Leaves:   1880 | Clr: 101.367 mm | t_trial: 12.411 s

[PLANNED RESTART] Trial count 912: Triggering planned restart 114...
[PLANNED RESTART] Terminating existing move_group process...
[PLANNED RESTART COMPLETE] New PID: 343778 | Ready in 11.471 s | Initial RSS: 168.57 MB
[913/3720] 3kitchen_its-too-cold-in-here_GT.json | identity                   | Outcome: SAFE               | Leaves:  65751 | Clr: 183.398 mm | t_trial: 12.886 s
[914/3720] 3kitchen_its-too-cold-in-here_GT.json | identity                   | Outcome: SAFE               | Leaves:  65751 | Clr: 180.859 mm | t_trial: 12.283 s
[915/3720] 3kitchen_its-too-cold-in-here_GT.json | identity                   | Outcome: SAFE               | Leaves:  65751 | Clr: 182.031 mm | t_trial: 11.894 s
[916/3720] 3kitchen_its-too-cold-in-here_GT.json | label_radius               | Outcome: SAFE               | Leaves:  31483 | Clr: 182.227 mm | t_trial: 11.819 s
[917/3720] 3kitchen_its-too-cold-in-here_GT.json | label_radius               | Outcome: SAFE               | Leaves:  31483 | Clr: 180.859 mm | t_trial: 11.705 s
[918/3720] 3kitchen_its-too-cold-in-here_GT.json | label_radius               | Outcome: SAFE               | Leaves:  31483 | Clr: 181.641 mm | t_trial: 11.874 s
[919/3720] 3kitchen_its-too-cold-in-here_GT.json | combined_quantile_adaptive | Outcome: SAFE               | Leaves:  11591 | Clr: 183.203 mm | t_trial: 11.543 s
[920/3720] 3kitchen_its-too-cold-in-here_GT.json | combined_quantile_adaptive | Outcome: SAFE               | Leaves:  11591 | Clr: 180.273 mm | t_trial: 11.850 s

[PLANNED RESTART] Trial count 920: Triggering planned restart 115...
[PLANNED RESTART] Terminating existing move_group process...
[PLANNED RESTART COMPLETE] New PID: 345729 | Ready in 11.525 s | Initial RSS: 168.87 MB
[921/3720] 3kitchen_its-too-cold-in-here_GT.json | combined_quantile_adaptive | Outcome: SAFE               | Leaves:  11591 | Clr: 180.078 mm | t_trial: 13.362 s
[922/3720] 3kitchen_its-too-cold-in-here_GT.json | affordance_inherit         | Outcome: SAFE               | Leaves:   3630 | Clr: 180.664 mm | t_trial: 12.589 s
[923/3720] 3kitchen_its-too-cold-in-here_GT.json | affordance_inherit         | Outcome: SAFE               | Leaves:   3630 | Clr: 181.055 mm | t_trial: 12.005 s
[924/3720] 3kitchen_its-too-cold-in-here_GT.json | affordance_inherit         | Outcome: SAFE               | Leaves:   3630 | Clr: 182.031 mm | t_trial: 11.585 s
[925/3720] 3kitchen_its-too-cold-in-here_GT.json | label_inherit              | Outcome: SAFE               | Leaves:   7961 | Clr: 183.594 mm | t_trial: 11.711 s
[926/3720] 3kitchen_its-too-cold-in-here_GT.json | label_inherit              | Outcome: SAFE               | Leaves:   7961 | Clr: 183.398 mm | t_trial: 11.260 s
[927/3720] 3kitchen_its-too-cold-in-here_GT.json | label_inherit              | Outcome: SAFE               | Leaves:   7961 | Clr: 182.617 mm | t_trial: 11.545 s
[928/3720] 3kitchen_its-too-cold-in-here_GT.json | label_only                 | Outcome: SAFE               | Leaves:   7838 | Clr: 183.984 mm | t_trial: 12.321 s

[PLANNED RESTART] Trial count 928: Triggering planned restart 116...
[PLANNED RESTART] Terminating existing move_group process...
[PLANNED RESTART COMPLETE] New PID: 347725 | Ready in 11.465 s | Initial RSS: 168.22 MB
[929/3720] 3kitchen_its-too-cold-in-here_GT.json | label_only                 | Outcome: SAFE               | Leaves:   7838 | Clr: 180.469 mm | t_trial: 12.717 s
[930/3720] 3kitchen_its-too-cold-in-here_GT.json | label_only                 | Outcome: SAFE               | Leaves:   7838 | Clr: 179.883 mm | t_trial: 12.217 s
[931/3720] 3kitchen_its-too-cold-in-here_GT.json | combined_inherit           | Outcome: SAFE               | Leaves:   3630 | Clr: 179.883 mm | t_trial: 12.203 s
[932/3720] 3kitchen_its-too-cold-in-here_GT.json | combined_inherit           | Outcome: SAFE               | Leaves:   3630 | Clr: 179.883 mm | t_trial: 11.616 s
[933/3720] 3kitchen_its-too-cold-in-here_GT.json | combined_inherit           | Outcome: SAFE               | Leaves:   3630 | Clr: 180.859 mm | t_trial: 11.075 s
[934/3720] 3kitchen_its-too-cold-in-here_GT.json | information_bottleneck     | Outcome: SAFE               | Leaves:  11396 | Clr: 183.203 mm | t_trial: 11.797 s
[935/3720] 3kitchen_its-too-cold-in-here_GT.json | information_bottleneck     | Outcome: SAFE               | Leaves:  11396 | Clr: 181.445 mm | t_trial: 11.507 s
[936/3720] 3kitchen_its-too-cold-in-here_GT.json | information_bottleneck     | Outcome: SAFE               | Leaves:  11396 | Clr: 182.617 mm | t_trial: 11.874 s

[PLANNED RESTART] Trial count 936: Triggering planned restart 117...
[PLANNED RESTART] Terminating existing move_group process...
[PLANNED RESTART COMPLETE] New PID: 349681 | Ready in 11.471 s | Initial RSS: 168.17 MB
[937/3720] 3kitchen_someone-is-knocking-at-the-door_GT.json | identity                   | Outcome: SAFE               | Leaves:  65751 | Clr: 101.172 mm | t_trial: 13.475 s
[938/3720] 3kitchen_someone-is-knocking-at-the-door_GT.json | identity                   | Outcome: SAFE               | Leaves:  65751 | Clr: 97.070 mm | t_trial: 12.716 s
[939/3720] 3kitchen_someone-is-knocking-at-the-door_GT.json | identity                   | Outcome: SAFE               | Leaves:  65751 | Clr: 100.391 mm | t_trial: 11.868 s
[940/3720] 3kitchen_someone-is-knocking-at-the-door_GT.json | label_radius               | Outcome: SAFE               | Leaves:  31501 | Clr: 98.438 mm | t_trial: 11.750 s
[941/3720] 3kitchen_someone-is-knocking-at-the-door_GT.json | label_radius               | Outcome: SAFE               | Leaves:  31501 | Clr: 99.609 mm | t_trial: 11.680 s
[942/3720] 3kitchen_someone-is-knocking-at-the-door_GT.json | label_radius               | Outcome: SAFE               | Leaves:  31501 | Clr: 101.758 mm | t_trial: 11.915 s
[943/3720] 3kitchen_someone-is-knocking-at-the-door_GT.json | combined_quantile_adaptive | Outcome: BELIEF_PLAN_FAILED | Leaves:  23342 | Clr: N/A       | t_trial: 0.109 s
[944/3720] 3kitchen_someone-is-knocking-at-the-door_GT.json | combined_quantile_adaptive | Outcome: BELIEF_PLAN_FAILED | Leaves:  23342 | Clr: N/A       | t_trial: 0.101 s

[PLANNED RESTART] Trial count 944: Triggering planned restart 118...
[PLANNED RESTART] Terminating existing move_group process...
[PLANNED RESTART COMPLETE] New PID: 351257 | Ready in 11.579 s | Initial RSS: 168.37 MB
[945/3720] 3kitchen_someone-is-knocking-at-the-door_GT.json | combined_quantile_adaptive | Outcome: BELIEF_PLAN_FAILED | Leaves:  23342 | Clr: N/A       | t_trial: 0.104 s
[946/3720] 3kitchen_someone-is-knocking-at-the-door_GT.json | affordance_inherit         | Outcome: SAFE               | Leaves:   7961 | Clr: 96.680 mm | t_trial: 12.789 s
[947/3720] 3kitchen_someone-is-knocking-at-the-door_GT.json | affordance_inherit         | Outcome: SAFE               | Leaves:   7961 | Clr: 96.680 mm | t_trial: 12.427 s
[948/3720] 3kitchen_someone-is-knocking-at-the-door_GT.json | affordance_inherit         | Outcome: SAFE               | Leaves:   7961 | Clr: 96.875 mm | t_trial: 12.118 s
[949/3720] 3kitchen_someone-is-knocking-at-the-door_GT.json | label_inherit              | Outcome: SAFE               | Leaves:  23342 | Clr: 97.461 mm | t_trial: 11.606 s
[950/3720] 3kitchen_someone-is-knocking-at-the-door_GT.json | label_inherit              | Outcome: SAFE               | Leaves:  23342 | Clr: 98.633 mm | t_trial: 11.348 s
[951/3720] 3kitchen_someone-is-knocking-at-the-door_GT.json | label_inherit              | Outcome: SAFE               | Leaves:  23342 | Clr: 96.875 mm | t_trial: 11.708 s
[952/3720] 3kitchen_someone-is-knocking-at-the-door_GT.json | label_only                 | Outcome: SAFE               | Leaves:  23279 | Clr: 99.609 mm | t_trial: 11.668 s

[PLANNED RESTART] Trial count 952: Triggering planned restart 119...
[PLANNED RESTART] Terminating existing move_group process...
[PLANNED RESTART COMPLETE] New PID: 353037 | Ready in 11.479 s | Initial RSS: 168.27 MB
[953/3720] 3kitchen_someone-is-knocking-at-the-door_GT.json | label_only                 | Outcome: SAFE               | Leaves:  23279 | Clr: 101.562 mm | t_trial: 13.198 s
[954/3720] 3kitchen_someone-is-knocking-at-the-door_GT.json | label_only                 | Outcome: SAFE               | Leaves:  23279 | Clr: 97.070 mm | t_trial: 12.572 s
[955/3720] 3kitchen_someone-is-knocking-at-the-door_GT.json | combined_inherit           | Outcome: SAFE               | Leaves:  23342 | Clr: 98.828 mm | t_trial: 11.668 s
[956/3720] 3kitchen_someone-is-knocking-at-the-door_GT.json | combined_inherit           | Outcome: SAFE               | Leaves:  23342 | Clr: 99.219 mm | t_trial: 11.220 s
[957/3720] 3kitchen_someone-is-knocking-at-the-door_GT.json | combined_inherit           | Outcome: SAFE               | Leaves:  23342 | Clr: 98.633 mm | t_trial: 11.674 s
[958/3720] 3kitchen_someone-is-knocking-at-the-door_GT.json | information_bottleneck     | Outcome: SAFE               | Leaves:  23342 | Clr: 99.219 mm | t_trial: 11.296 s
[959/3720] 3kitchen_someone-is-knocking-at-the-door_GT.json | information_bottleneck     | Outcome: SAFE               | Leaves:  23342 | Clr: 98.633 mm | t_trial: 11.711 s
[960/3720] 3kitchen_someone-is-knocking-at-the-door_GT.json | information_bottleneck     | Outcome: SAFE               | Leaves:  23342 | Clr: 99.805 mm | t_trial: 12.066 s

[PLANNED RESTART] Trial count 960: Triggering planned restart 120...
[PLANNED RESTART] Terminating existing move_group process...
[PLANNED RESTART COMPLETE] New PID: 354999 | Ready in 11.039 s | Initial RSS: 168.72 MB
[961/3720] 4livingroom_open-the-door_GT.json   | identity                   | Outcome: SAFE               | Leaves:  75607 | Clr: 47.461 mm | t_trial: 13.028 s
[962/3720] 4livingroom_open-the-door_GT.json   | identity                   | Outcome: SAFE               | Leaves:  75607 | Clr: 46.289 mm | t_trial: 11.992 s
[963/3720] 4livingroom_open-the-door_GT.json   | identity                   | Outcome: SAFE               | Leaves:  75607 | Clr: 46.094 mm | t_trial: 12.186 s
[964/3720] 4livingroom_open-the-door_GT.json   | label_radius               | Outcome: SAFE               | Leaves:  22495 | Clr: 50.000 mm | t_trial: 11.425 s
[965/3720] 4livingroom_open-the-door_GT.json   | label_radius               | Outcome: SAFE               | Leaves:  22495 | Clr: 48.242 mm | t_trial: 11.038 s
[966/3720] 4livingroom_open-the-door_GT.json   | label_radius               | Outcome: SAFE               | Leaves:  22495 | Clr: 48.438 mm | t_trial: 11.374 s
[967/3720] 4livingroom_open-the-door_GT.json   | combined_quantile_adaptive | Outcome: SAFE               | Leaves:  21343 | Clr: 48.047 mm | t_trial: 11.352 s
[968/3720] 4livingroom_open-the-door_GT.json   | combined_quantile_adaptive | Outcome: SAFE               | Leaves:  21343 | Clr: 46.484 mm | t_trial: 12.274 s

[PLANNED RESTART] Trial count 968: Triggering planned restart 121...
[PLANNED RESTART] Terminating existing move_group process...
[PLANNED RESTART COMPLETE] New PID: 356911 | Ready in 11.516 s | Initial RSS: 168.40 MB
[969/3720] 4livingroom_open-the-door_GT.json   | combined_quantile_adaptive | Outcome: SAFE               | Leaves:  21343 | Clr: 48.633 mm | t_trial: 12.507 s
[970/3720] 4livingroom_open-the-door_GT.json   | affordance_inherit         | Outcome: SAFE               | Leaves:  40585 | Clr: 48.047 mm | t_trial: 12.211 s
[971/3720] 4livingroom_open-the-door_GT.json   | affordance_inherit         | Outcome: SAFE               | Leaves:  40585 | Clr: 46.680 mm | t_trial: 11.921 s
[972/3720] 4livingroom_open-the-door_GT.json   | affordance_inherit         | Outcome: SAFE               | Leaves:  40585 | Clr: 46.289 mm | t_trial: 11.531 s
[973/3720] 4livingroom_open-the-door_GT.json   | label_inherit              | Outcome: SAFE               | Leaves:  21343 | Clr: 49.805 mm | t_trial: 11.051 s
[974/3720] 4livingroom_open-the-door_GT.json   | label_inherit              | Outcome: SAFE               | Leaves:  21343 | Clr: 47.070 mm | t_trial: 11.388 s
[975/3720] 4livingroom_open-the-door_GT.json   | label_inherit              | Outcome: SAFE               | Leaves:  21343 | Clr: 46.875 mm | t_trial: 11.299 s
[976/3720] 4livingroom_open-the-door_GT.json   | label_only                 | Outcome: SAFE               | Leaves:  21269 | Clr: 44.336 mm | t_trial: 10.784 s

[PLANNED RESTART] Trial count 976: Triggering planned restart 122...
[PLANNED RESTART] Terminating existing move_group process...
[PLANNED RESTART COMPLETE] New PID: 358839 | Ready in 11.541 s | Initial RSS: 168.80 MB
[977/3720] 4livingroom_open-the-door_GT.json   | label_only                 | Outcome: SAFE               | Leaves:  21269 | Clr: 43.359 mm | t_trial: 12.779 s
[978/3720] 4livingroom_open-the-door_GT.json   | label_only                 | Outcome: SAFE               | Leaves:  21269 | Clr: 46.680 mm | t_trial: 11.854 s
[979/3720] 4livingroom_open-the-door_GT.json   | combined_inherit           | Outcome: SAFE               | Leaves:  61928 | Clr: 49.219 mm | t_trial: 12.153 s
[980/3720] 4livingroom_open-the-door_GT.json   | combined_inherit           | Outcome: SAFE               | Leaves:  61928 | Clr: 48.633 mm | t_trial: 11.632 s
[981/3720] 4livingroom_open-the-door_GT.json   | combined_inherit           | Outcome: SAFE               | Leaves:  61928 | Clr: 48.633 mm | t_trial: 11.554 s
[982/3720] 4livingroom_open-the-door_GT.json   | information_bottleneck     | Outcome: SAFE               | Leaves:  61880 | Clr: 46.289 mm | t_trial: 11.140 s
[983/3720] 4livingroom_open-the-door_GT.json   | information_bottleneck     | Outcome: SAFE               | Leaves:  61880 | Clr: 48.047 mm | t_trial: 11.304 s
[984/3720] 4livingroom_open-the-door_GT.json   | information_bottleneck     | Outcome: SAFE               | Leaves:  61880 | Clr: 51.367 mm | t_trial: 11.756 s

[PLANNED RESTART] Trial count 984: Triggering planned restart 123...
[PLANNED RESTART] Terminating existing move_group process...
[PLANNED RESTART COMPLETE] New PID: 360789 | Ready in 11.471 s | Initial RSS: 168.47 MB
[985/3720] 4livingroom_open-the-kitchen-cabinet_4a931c41_GT.json | identity                   | Outcome: SAFE               | Leaves:  75607 | Clr: 143.164 mm | t_trial: 13.308 s
[986/3720] 4livingroom_open-the-kitchen-cabinet_4a931c41_GT.json | identity                   | Outcome: SAFE               | Leaves:  75607 | Clr: 141.992 mm | t_trial: 11.898 s
[987/3720] 4livingroom_open-the-kitchen-cabinet_4a931c41_GT.json | identity                   | Outcome: SAFE               | Leaves:  75607 | Clr: 142.383 mm | t_trial: 12.638 s
[988/3720] 4livingroom_open-the-kitchen-cabinet_4a931c41_GT.json | label_radius               | Outcome: SAFE               | Leaves:  45574 | Clr: 141.797 mm | t_trial: 11.502 s
[989/3720] 4livingroom_open-the-kitchen-cabinet_4a931c41_GT.json | label_radius               | Outcome: SAFE               | Leaves:  45574 | Clr: 143.945 mm | t_trial: 11.844 s
[990/3720] 4livingroom_open-the-kitchen-cabinet_4a931c41_GT.json | label_radius               | Outcome: SAFE               | Leaves:  45574 | Clr: 142.383 mm | t_trial: 12.061 s
[991/3720] 4livingroom_open-the-kitchen-cabinet_4a931c41_GT.json | combined_quantile_adaptive | Outcome: SAFE               | Leaves:  34712 | Clr: 144.141 mm | t_trial: 11.702 s
[992/3720] 4livingroom_open-the-kitchen-cabinet_4a931c41_GT.json | combined_quantile_adaptive | Outcome: SAFE               | Leaves:  34712 | Clr: 141.211 mm | t_trial: 11.769 s

[PLANNED RESTART] Trial count 992: Triggering planned restart 124...
[PLANNED RESTART] Terminating existing move_group process...
[PLANNED RESTART COMPLETE] New PID: 362782 | Ready in 11.522 s | Initial RSS: 167.89 MB
[993/3720] 4livingroom_open-the-kitchen-cabinet_4a931c41_GT.json | combined_quantile_adaptive | Outcome: SAFE               | Leaves:  34712 | Clr: 140.820 mm | t_trial: 13.385 s
[994/3720] 4livingroom_open-the-kitchen-cabinet_4a931c41_GT.json | affordance_inherit         | Outcome: SAFE               | Leaves:  15374 | Clr: 140.234 mm | t_trial: 12.443 s
[995/3720] 4livingroom_open-the-kitchen-cabinet_4a931c41_GT.json | affordance_inherit         | Outcome: SAFE               | Leaves:  15374 | Clr: 141.406 mm | t_trial: 12.207 s
[996/3720] 4livingroom_open-the-kitchen-cabinet_4a931c41_GT.json | affordance_inherit         | Outcome: SAFE               | Leaves:  15374 | Clr: 141.992 mm | t_trial: 11.870 s
[997/3720] 4livingroom_open-the-kitchen-cabinet_4a931c41_GT.json | label_inherit              | Outcome: SAFE               | Leaves:  37188 | Clr: 141.406 mm | t_trial: 11.891 s
[998/3720] 4livingroom_open-the-kitchen-cabinet_4a931c41_GT.json | label_inherit              | Outcome: SAFE               | Leaves:  37188 | Clr: 143.359 mm | t_trial: 12.022 s
[999/3720] 4livingroom_open-the-kitchen-cabinet_4a931c41_GT.json | label_inherit              | Outcome: SAFE               | Leaves:  37188 | Clr: 142.773 mm | t_trial: 11.971 s
[1000/3720] 4livingroom_open-the-kitchen-cabinet_4a931c41_GT.json | label_only                 | Outcome: SAFE               | Leaves:  36409 | Clr: 144.531 mm | t_trial: 12.305 s

[PLANNED RESTART] Trial count 1000: Triggering planned restart 125...
[PLANNED RESTART] Terminating existing move_group process...
[PLANNED RESTART COMPLETE] New PID: 364767 | Ready in 11.471 s | Initial RSS: 167.97 MB
[1001/3720] 4livingroom_open-the-kitchen-cabinet_4a931c41_GT.json | label_only                 | Outcome: SAFE               | Leaves:  36409 | Clr: 142.383 mm | t_trial: 12.946 s
[1002/3720] 4livingroom_open-the-kitchen-cabinet_4a931c41_GT.json | label_only                 | Outcome: SAFE               | Leaves:  36409 | Clr: 141.016 mm | t_trial: 12.666 s
[1003/3720] 4livingroom_open-the-kitchen-cabinet_4a931c41_GT.json | combined_inherit           | Outcome: SAFE               | Leaves:  37188 | Clr: 140.234 mm | t_trial: 11.932 s
[1004/3720] 4livingroom_open-the-kitchen-cabinet_4a931c41_GT.json | combined_inherit           | Outcome: SAFE               | Leaves:  37188 | Clr: 142.969 mm | t_trial: 11.835 s
[1005/3720] 4livingroom_open-the-kitchen-cabinet_4a931c41_GT.json | combined_inherit           | Outcome: SAFE               | Leaves:  37188 | Clr: 141.406 mm | t_trial: 11.783 s
[1006/3720] 4livingroom_open-the-kitchen-cabinet_4a931c41_GT.json | information_bottleneck     | Outcome: SAFE               | Leaves:  37173 | Clr: 140.625 mm | t_trial: 11.993 s
[1007/3720] 4livingroom_open-the-kitchen-cabinet_4a931c41_GT.json | information_bottleneck     | Outcome: SAFE               | Leaves:  37173 | Clr: 141.406 mm | t_trial: 11.703 s
[1008/3720] 4livingroom_open-the-kitchen-cabinet_4a931c41_GT.json | information_bottleneck     | Outcome: SAFE               | Leaves:  37173 | Clr: 140.625 mm | t_trial: 12.372 s

[PLANNED RESTART] Trial count 1008: Triggering planned restart 126...
[PLANNED RESTART] Terminating existing move_group process...
[PLANNED RESTART COMPLETE] New PID: 366768 | Ready in 11.470 s | Initial RSS: 168.48 MB
[1009/3720] 4livingroom_open-the-kitchen-cabinet_5fcbe0c1_GT.json | identity                   | Outcome: SAFE               | Leaves:  75607 | Clr: 148.633 mm | t_trial: 13.456 s
[1010/3720] 4livingroom_open-the-kitchen-cabinet_5fcbe0c1_GT.json | identity                   | Outcome: SAFE               | Leaves:  75607 | Clr: 149.023 mm | t_trial: 12.315 s
[1011/3720] 4livingroom_open-the-kitchen-cabinet_5fcbe0c1_GT.json | identity                   | Outcome: SAFE               | Leaves:  75607 | Clr: 151.953 mm | t_trial: 12.294 s
[1012/3720] 4livingroom_open-the-kitchen-cabinet_5fcbe0c1_GT.json | label_radius               | Outcome: SAFE               | Leaves:  45574 | Clr: 151.367 mm | t_trial: 11.816 s
[1013/3720] 4livingroom_open-the-kitchen-cabinet_5fcbe0c1_GT.json | label_radius               | Outcome: SAFE               | Leaves:  45574 | Clr: 147.852 mm | t_trial: 11.751 s
[1014/3720] 4livingroom_open-the-kitchen-cabinet_5fcbe0c1_GT.json | label_radius               | Outcome: SAFE               | Leaves:  45574 | Clr: 149.414 mm | t_trial: 11.912 s
[1015/3720] 4livingroom_open-the-kitchen-cabinet_5fcbe0c1_GT.json | combined_quantile_adaptive | Outcome: SAFE               | Leaves:  34712 | Clr: 150.000 mm | t_trial: 11.547 s
[1016/3720] 4livingroom_open-the-kitchen-cabinet_5fcbe0c1_GT.json | combined_quantile_adaptive | Outcome: SAFE               | Leaves:  34712 | Clr: 146.875 mm | t_trial: 12.257 s

[PLANNED RESTART] Trial count 1016: Triggering planned restart 127...
[PLANNED RESTART] Terminating existing move_group process...
[PLANNED RESTART COMPLETE] New PID: 368772 | Ready in 11.527 s | Initial RSS: 168.66 MB
[1017/3720] 4livingroom_open-the-kitchen-cabinet_5fcbe0c1_GT.json | combined_quantile_adaptive | Outcome: SAFE               | Leaves:  34712 | Clr: 149.023 mm | t_trial: 13.088 s
[1018/3720] 4livingroom_open-the-kitchen-cabinet_5fcbe0c1_GT.json | affordance_inherit         | Outcome: SAFE               | Leaves:  15374 | Clr: 146.484 mm | t_trial: 12.759 s
[1019/3720] 4livingroom_open-the-kitchen-cabinet_5fcbe0c1_GT.json | affordance_inherit         | Outcome: SAFE               | Leaves:  15374 | Clr: 150.977 mm | t_trial: 11.687 s
[1020/3720] 4livingroom_open-the-kitchen-cabinet_5fcbe0c1_GT.json | affordance_inherit         | Outcome: SAFE               | Leaves:  15374 | Clr: 148.242 mm | t_trial: 11.643 s
[1021/3720] 4livingroom_open-the-kitchen-cabinet_5fcbe0c1_GT.json | label_inherit              | Outcome: SAFE               | Leaves:  37188 | Clr: 151.758 mm | t_trial: 11.877 s
[1022/3720] 4livingroom_open-the-kitchen-cabinet_5fcbe0c1_GT.json | label_inherit              | Outcome: SAFE               | Leaves:  37188 | Clr: 145.508 mm | t_trial: 11.887 s
[1023/3720] 4livingroom_open-the-kitchen-cabinet_5fcbe0c1_GT.json | label_inherit              | Outcome: SAFE               | Leaves:  37188 | Clr: 151.367 mm | t_trial: 11.743 s
[1024/3720] 4livingroom_open-the-kitchen-cabinet_5fcbe0c1_GT.json | label_only                 | Outcome: SAFE               | Leaves:  36409 | Clr: 151.758 mm | t_trial: 12.007 s

[PLANNED RESTART] Trial count 1024: Triggering planned restart 128...
[PLANNED RESTART] Terminating existing move_group process...
[PLANNED RESTART COMPLETE] New PID: 370770 | Ready in 11.474 s | Initial RSS: 168.85 MB
[1025/3720] 4livingroom_open-the-kitchen-cabinet_5fcbe0c1_GT.json | label_only                 | Outcome: SAFE               | Leaves:  36409 | Clr: 151.953 mm | t_trial: 12.871 s
[1026/3720] 4livingroom_open-the-kitchen-cabinet_5fcbe0c1_GT.json | label_only                 | Outcome: SAFE               | Leaves:  36409 | Clr: 152.148 mm | t_trial: 12.349 s
[1027/3720] 4livingroom_open-the-kitchen-cabinet_5fcbe0c1_GT.json | combined_inherit           | Outcome: SAFE               | Leaves:  37188 | Clr: 148.242 mm | t_trial: 11.896 s
[1028/3720] 4livingroom_open-the-kitchen-cabinet_5fcbe0c1_GT.json | combined_inherit           | Outcome: SAFE               | Leaves:  37188 | Clr: 148.633 mm | t_trial: 11.742 s
[1029/3720] 4livingroom_open-the-kitchen-cabinet_5fcbe0c1_GT.json | combined_inherit           | Outcome: SAFE               | Leaves:  37188 | Clr: 147.461 mm | t_trial: 11.297 s
[1030/3720] 4livingroom_open-the-kitchen-cabinet_5fcbe0c1_GT.json | information_bottleneck     | Outcome: SAFE               | Leaves:  37173 | Clr: 149.219 mm | t_trial: 11.824 s
[1031/3720] 4livingroom_open-the-kitchen-cabinet_5fcbe0c1_GT.json | information_bottleneck     | Outcome: SAFE               | Leaves:  37173 | Clr: 152.539 mm | t_trial: 11.922 s
[1032/3720] 4livingroom_open-the-kitchen-cabinet_5fcbe0c1_GT.json | information_bottleneck     | Outcome: SAFE               | Leaves:  37173 | Clr: 147.461 mm | t_trial: 11.600 s

[PLANNED RESTART] Trial count 1032: Triggering planned restart 129...
[PLANNED RESTART] Terminating existing move_group process...
[PLANNED RESTART COMPLETE] New PID: 372735 | Ready in 10.963 s | Initial RSS: 168.26 MB
[1033/3720] 4livingroom_open-the-kitchen-cabinet_b40e025d_GT.json | identity                   | Outcome: SAFE               | Leaves:  75607 | Clr: 153.906 mm | t_trial: 13.586 s
[1034/3720] 4livingroom_open-the-kitchen-cabinet_b40e025d_GT.json | identity                   | Outcome: SAFE               | Leaves:  75607 | Clr: 152.539 mm | t_trial: 12.751 s
[1035/3720] 4livingroom_open-the-kitchen-cabinet_b40e025d_GT.json | identity                   | Outcome: SAFE               | Leaves:  75607 | Clr: 152.734 mm | t_trial: 11.974 s
[1036/3720] 4livingroom_open-the-kitchen-cabinet_b40e025d_GT.json | label_radius               | Outcome: SAFE               | Leaves:  45574 | Clr: 151.953 mm | t_trial: 11.789 s
[1037/3720] 4livingroom_open-the-kitchen-cabinet_b40e025d_GT.json | label_radius               | Outcome: SAFE               | Leaves:  45574 | Clr: 151.758 mm | t_trial: 11.832 s
[1038/3720] 4livingroom_open-the-kitchen-cabinet_b40e025d_GT.json | label_radius               | Outcome: SAFE               | Leaves:  45574 | Clr: 151.758 mm | t_trial: 11.787 s
[1039/3720] 4livingroom_open-the-kitchen-cabinet_b40e025d_GT.json | combined_quantile_adaptive | Outcome: SAFE               | Leaves:  34712 | Clr: 154.102 mm | t_trial: 11.754 s
[1040/3720] 4livingroom_open-the-kitchen-cabinet_b40e025d_GT.json | combined_quantile_adaptive | Outcome: SAFE               | Leaves:  34712 | Clr: 153.516 mm | t_trial: 11.987 s

[PLANNED RESTART] Trial count 1040: Triggering planned restart 130...
[PLANNED RESTART] Terminating existing move_group process...
[PLANNED RESTART COMPLETE] New PID: 374731 | Ready in 11.521 s | Initial RSS: 168.46 MB
[1041/3720] 4livingroom_open-the-kitchen-cabinet_b40e025d_GT.json | combined_quantile_adaptive | Outcome: SAFE               | Leaves:  34712 | Clr: 151.758 mm | t_trial: 12.831 s
[1042/3720] 4livingroom_open-the-kitchen-cabinet_b40e025d_GT.json | affordance_inherit         | Outcome: SAFE               | Leaves:  15374 | Clr: 152.930 mm | t_trial: 12.274 s
[1043/3720] 4livingroom_open-the-kitchen-cabinet_b40e025d_GT.json | affordance_inherit         | Outcome: SAFE               | Leaves:  15374 | Clr: 156.055 mm | t_trial: 12.387 s
[1044/3720] 4livingroom_open-the-kitchen-cabinet_b40e025d_GT.json | affordance_inherit         | Outcome: SAFE               | Leaves:  15374 | Clr: 155.273 mm | t_trial: 11.702 s
[1045/3720] 4livingroom_open-the-kitchen-cabinet_b40e025d_GT.json | label_inherit              | Outcome: SAFE               | Leaves:  37188 | Clr: 152.148 mm | t_trial: 11.284 s
[1046/3720] 4livingroom_open-the-kitchen-cabinet_b40e025d_GT.json | label_inherit              | Outcome: SAFE               | Leaves:  37188 | Clr: 147.461 mm | t_trial: 11.869 s
[1047/3720] 4livingroom_open-the-kitchen-cabinet_b40e025d_GT.json | label_inherit              | Outcome: SAFE               | Leaves:  37188 | Clr: 155.078 mm | t_trial: 11.126 s
[1048/3720] 4livingroom_open-the-kitchen-cabinet_b40e025d_GT.json | label_only                 | Outcome: SAFE               | Leaves:  36409 | Clr: 148.047 mm | t_trial: 12.369 s

[PLANNED RESTART] Trial count 1048: Triggering planned restart 131...
[PLANNED RESTART] Terminating existing move_group process...
[PLANNED RESTART COMPLETE] New PID: 376678 | Ready in 11.473 s | Initial RSS: 168.78 MB
[1049/3720] 4livingroom_open-the-kitchen-cabinet_b40e025d_GT.json | label_only                 | Outcome: SAFE               | Leaves:  36409 | Clr: 152.344 mm | t_trial: 13.129 s
[1050/3720] 4livingroom_open-the-kitchen-cabinet_b40e025d_GT.json | label_only                 | Outcome: SAFE               | Leaves:  36409 | Clr: 152.734 mm | t_trial: 12.723 s
[1051/3720] 4livingroom_open-the-kitchen-cabinet_b40e025d_GT.json | combined_inherit           | Outcome: SAFE               | Leaves:  37188 | Clr: 149.805 mm | t_trial: 11.649 s
[1052/3720] 4livingroom_open-the-kitchen-cabinet_b40e025d_GT.json | combined_inherit           | Outcome: SAFE               | Leaves:  37188 | Clr: 152.148 mm | t_trial: 11.867 s
[1053/3720] 4livingroom_open-the-kitchen-cabinet_b40e025d_GT.json | combined_inherit           | Outcome: SAFE               | Leaves:  37188 | Clr: 151.172 mm | t_trial: 11.817 s
[1054/3720] 4livingroom_open-the-kitchen-cabinet_b40e025d_GT.json | information_bottleneck     | Outcome: SAFE               | Leaves:  37173 | Clr: 152.539 mm | t_trial: 11.920 s
[1055/3720] 4livingroom_open-the-kitchen-cabinet_b40e025d_GT.json | information_bottleneck     | Outcome: SAFE               | Leaves:  37173 | Clr: 152.539 mm | t_trial: 11.212 s
[1056/3720] 4livingroom_open-the-kitchen-cabinet_b40e025d_GT.json | information_bottleneck     | Outcome: SAFE               | Leaves:  37173 | Clr: 148.438 mm | t_trial: 12.187 s

[PLANNED RESTART] Trial count 1056: Triggering planned restart 132...
[PLANNED RESTART] Terminating existing move_group process...
[PLANNED RESTART COMPLETE] New PID: 378667 | Ready in 11.528 s | Initial RSS: 168.97 MB
[1057/3720] 4livingroom_open-the-kitchen-cabinet_b9dfc044_GT.json | identity                   | Outcome: SAFE               | Leaves:  75607 | Clr: 166.016 mm | t_trial: 13.343 s
[1058/3720] 4livingroom_open-the-kitchen-cabinet_b9dfc044_GT.json | identity                   | Outcome: SAFE               | Leaves:  75607 | Clr: 167.578 mm | t_trial: 12.404 s
[1059/3720] 4livingroom_open-the-kitchen-cabinet_b9dfc044_GT.json | identity                   | Outcome: SAFE               | Leaves:  75607 | Clr: 166.992 mm | t_trial: 12.491 s
[1060/3720] 4livingroom_open-the-kitchen-cabinet_b9dfc044_GT.json | label_radius               | Outcome: SAFE               | Leaves:  45574 | Clr: 164.258 mm | t_trial: 11.862 s
[1061/3720] 4livingroom_open-the-kitchen-cabinet_b9dfc044_GT.json | label_radius               | Outcome: SAFE               | Leaves:  45574 | Clr: 165.625 mm | t_trial: 11.951 s
[1062/3720] 4livingroom_open-the-kitchen-cabinet_b9dfc044_GT.json | label_radius               | Outcome: SAFE               | Leaves:  45574 | Clr: 164.063 mm | t_trial: 11.422 s
[1063/3720] 4livingroom_open-the-kitchen-cabinet_b9dfc044_GT.json | combined_quantile_adaptive | Outcome: SAFE               | Leaves:  34712 | Clr: 166.211 mm | t_trial: 11.819 s
[1064/3720] 4livingroom_open-the-kitchen-cabinet_b9dfc044_GT.json | combined_quantile_adaptive | Outcome: SAFE               | Leaves:  34712 | Clr: 162.500 mm | t_trial: 12.222 s

[PLANNED RESTART] Trial count 1064: Triggering planned restart 133...
[PLANNED RESTART] Terminating existing move_group process...
[PLANNED RESTART COMPLETE] New PID: 380678 | Ready in 11.476 s | Initial RSS: 168.68 MB
[1065/3720] 4livingroom_open-the-kitchen-cabinet_b9dfc044_GT.json | combined_quantile_adaptive | Outcome: SAFE               | Leaves:  34712 | Clr: 163.086 mm | t_trial: 13.171 s
[1066/3720] 4livingroom_open-the-kitchen-cabinet_b9dfc044_GT.json | affordance_inherit         | Outcome: SAFE               | Leaves:  15374 | Clr: 163.477 mm | t_trial: 12.682 s
[1067/3720] 4livingroom_open-the-kitchen-cabinet_b9dfc044_GT.json | affordance_inherit         | Outcome: SAFE               | Leaves:  15374 | Clr: 163.086 mm | t_trial: 11.756 s
[1068/3720] 4livingroom_open-the-kitchen-cabinet_b9dfc044_GT.json | affordance_inherit         | Outcome: SAFE               | Leaves:  15374 | Clr: 167.773 mm | t_trial: 11.655 s
[1069/3720] 4livingroom_open-the-kitchen-cabinet_b9dfc044_GT.json | label_inherit              | Outcome: SAFE               | Leaves:  37188 | Clr: 166.797 mm | t_trial: 11.739 s
[1070/3720] 4livingroom_open-the-kitchen-cabinet_b9dfc044_GT.json | label_inherit              | Outcome: SAFE               | Leaves:  37188 | Clr: 166.602 mm | t_trial: 11.897 s
[1071/3720] 4livingroom_open-the-kitchen-cabinet_b9dfc044_GT.json | label_inherit              | Outcome: SAFE               | Leaves:  37188 | Clr: 166.602 mm | t_trial: 11.689 s
[1072/3720] 4livingroom_open-the-kitchen-cabinet_b9dfc044_GT.json | label_only                 | Outcome: SAFE               | Leaves:  36409 | Clr: 166.602 mm | t_trial: 12.005 s

[PLANNED RESTART] Trial count 1072: Triggering planned restart 134...
[PLANNED RESTART] Terminating existing move_group process...
[PLANNED RESTART COMPLETE] New PID: 382675 | Ready in 11.477 s | Initial RSS: 168.32 MB
[1073/3720] 4livingroom_open-the-kitchen-cabinet_b9dfc044_GT.json | label_only                 | Outcome: SAFE               | Leaves:  36409 | Clr: 164.844 mm | t_trial: 12.865 s
[1074/3720] 4livingroom_open-the-kitchen-cabinet_b9dfc044_GT.json | label_only                 | Outcome: SAFE               | Leaves:  36409 | Clr: 166.992 mm | t_trial: 11.754 s
[1075/3720] 4livingroom_open-the-kitchen-cabinet_b9dfc044_GT.json | combined_inherit           | Outcome: SAFE               | Leaves:  37188 | Clr: 167.773 mm | t_trial: 12.215 s
[1076/3720] 4livingroom_open-the-kitchen-cabinet_b9dfc044_GT.json | combined_inherit           | Outcome: SAFE               | Leaves:  37188 | Clr: 165.625 mm | t_trial: 11.904 s
[1077/3720] 4livingroom_open-the-kitchen-cabinet_b9dfc044_GT.json | combined_inherit           | Outcome: SAFE               | Leaves:  37188 | Clr: 165.820 mm | t_trial: 11.747 s
[1078/3720] 4livingroom_open-the-kitchen-cabinet_b9dfc044_GT.json | information_bottleneck     | Outcome: SAFE               | Leaves:  37173 | Clr: 164.258 mm | t_trial: 11.365 s
[1079/3720] 4livingroom_open-the-kitchen-cabinet_b9dfc044_GT.json | information_bottleneck     | Outcome: SAFE               | Leaves:  37173 | Clr: 162.305 mm | t_trial: 11.754 s
[1080/3720] 4livingroom_open-the-kitchen-cabinet_b9dfc044_GT.json | information_bottleneck     | Outcome: SAFE               | Leaves:  37173 | Clr: 167.773 mm | t_trial: 12.195 s

[PLANNED RESTART] Trial count 1080: Triggering planned restart 135...
[PLANNED RESTART] Terminating existing move_group process...
[PLANNED RESTART COMPLETE] New PID: 384638 | Ready in 11.695 s | Initial RSS: 168.77 MB
[1081/3720] 4livingroom_open-the-oven_GT.json   | identity                   | Outcome: SAFE               | Leaves:  75607 | Clr: 142.773 mm | t_trial: 13.673 s
[1082/3720] 4livingroom_open-the-oven_GT.json   | identity                   | Outcome: SAFE               | Leaves:  75607 | Clr: 145.312 mm | t_trial: 12.638 s
[1083/3720] 4livingroom_open-the-oven_GT.json   | identity                   | Outcome: SAFE               | Leaves:  75607 | Clr: 142.969 mm | t_trial: 11.913 s
[1084/3720] 4livingroom_open-the-oven_GT.json   | label_radius               | Outcome: SAFE               | Leaves:  16572 | Clr: 141.797 mm | t_trial: 11.835 s
[1085/3720] 4livingroom_open-the-oven_GT.json   | label_radius               | Outcome: SAFE               | Leaves:  16572 | Clr: 143.555 mm | t_trial: 11.780 s
[1086/3720] 4livingroom_open-the-oven_GT.json   | label_radius               | Outcome: SAFE               | Leaves:  16572 | Clr: 143.164 mm | t_trial: 11.298 s
[1087/3720] 4livingroom_open-the-oven_GT.json   | combined_quantile_adaptive | Outcome: SAFE               | Leaves:   5893 | Clr: 141.797 mm | t_trial: 11.564 s
[1088/3720] 4livingroom_open-the-oven_GT.json   | combined_quantile_adaptive | Outcome: SAFE               | Leaves:   5893 | Clr: 142.578 mm | t_trial: 12.473 s

[PLANNED RESTART] Trial count 1088: Triggering planned restart 136...
[PLANNED RESTART] Terminating existing move_group process...
[PLANNED RESTART COMPLETE] New PID: 386615 | Ready in 11.475 s | Initial RSS: 168.46 MB
[1089/3720] 4livingroom_open-the-oven_GT.json   | combined_quantile_adaptive | Outcome: SAFE               | Leaves:   5893 | Clr: 142.188 mm | t_trial: 12.817 s
[1090/3720] 4livingroom_open-the-oven_GT.json   | affordance_inherit         | Outcome: SAFE               | Leaves:   5893 | Clr: 143.750 mm | t_trial: 12.177 s
[1091/3720] 4livingroom_open-the-oven_GT.json   | affordance_inherit         | Outcome: SAFE               | Leaves:   5893 | Clr: 144.531 mm | t_trial: 12.345 s
[1092/3720] 4livingroom_open-the-oven_GT.json   | affordance_inherit         | Outcome: SAFE               | Leaves:   5893 | Clr: 143.945 mm | t_trial: 11.675 s
[1093/3720] 4livingroom_open-the-oven_GT.json   | label_inherit              | Outcome: SAFE               | Leaves:   5893 | Clr: 144.922 mm | t_trial: 11.596 s
[1094/3720] 4livingroom_open-the-oven_GT.json   | label_inherit              | Outcome: SAFE               | Leaves:   5893 | Clr: 142.969 mm | t_trial: 11.893 s
[1095/3720] 4livingroom_open-the-oven_GT.json   | label_inherit              | Outcome: SAFE               | Leaves:   5893 | Clr: 142.773 mm | t_trial: 11.649 s
[1096/3720] 4livingroom_open-the-oven_GT.json   | label_only                 | Outcome: SAFE               | Leaves:   5585 | Clr: 144.141 mm | t_trial: 12.163 s

[PLANNED RESTART] Trial count 1096: Triggering planned restart 137...
[PLANNED RESTART] Terminating existing move_group process...
[PLANNED RESTART COMPLETE] New PID: 388610 | Ready in 11.461 s | Initial RSS: 168.57 MB
[1097/3720] 4livingroom_open-the-oven_GT.json   | label_only                 | Outcome: SAFE               | Leaves:   5585 | Clr: 144.141 mm | t_trial: 13.273 s
[1098/3720] 4livingroom_open-the-oven_GT.json   | label_only                 | Outcome: SAFE               | Leaves:   5585 | Clr: 143.945 mm | t_trial: 12.644 s
[1099/3720] 4livingroom_open-the-oven_GT.json   | combined_inherit           | Outcome: SAFE               | Leaves:   5893 | Clr: 145.312 mm | t_trial: 12.137 s
[1100/3720] 4livingroom_open-the-oven_GT.json   | combined_inherit           | Outcome: SAFE               | Leaves:   5893 | Clr: 142.578 mm | t_trial: 11.334 s
[1101/3720] 4livingroom_open-the-oven_GT.json   | combined_inherit           | Outcome: SAFE               | Leaves:   5893 | Clr: 144.141 mm | t_trial: 11.583 s
[1102/3720] 4livingroom_open-the-oven_GT.json   | information_bottleneck     | Outcome: SAFE               | Leaves:   6448 | Clr: 146.094 mm | t_trial: 11.317 s
[1103/3720] 4livingroom_open-the-oven_GT.json   | information_bottleneck     | Outcome: SAFE               | Leaves:   6448 | Clr: 141.602 mm | t_trial: 11.668 s
[1104/3720] 4livingroom_open-the-oven_GT.json   | information_bottleneck     | Outcome: SAFE               | Leaves:   6448 | Clr: 144.727 mm | t_trial: 11.782 s

[PLANNED RESTART] Trial count 1104: Triggering planned restart 138...
[PLANNED RESTART] Terminating existing move_group process...
[PLANNED RESTART COMPLETE] New PID: 390584 | Ready in 11.470 s | Initial RSS: 168.62 MB
[1105/3720] 4livingroom_turn-on-the-television_GT.json | identity                   | Outcome: SAFE               | Leaves:  75607 | Clr: 78.320 mm | t_trial: 13.094 s
[1106/3720] 4livingroom_turn-on-the-television_GT.json | identity                   | Outcome: SAFE               | Leaves:  75607 | Clr: 78.320 mm | t_trial: 12.098 s
[1107/3720] 4livingroom_turn-on-the-television_GT.json | identity                   | Outcome: SAFE               | Leaves:  75607 | Clr: 80.469 mm | t_trial: 12.283 s
[1108/3720] 4livingroom_turn-on-the-television_GT.json | label_radius               | Outcome: SAFE               | Leaves:   8690 | Clr: 76.953 mm | t_trial: 11.477 s
[1109/3720] 4livingroom_turn-on-the-television_GT.json | label_radius               | Outcome: SAFE               | Leaves:   8690 | Clr: 77.148 mm | t_trial: 11.631 s
[1110/3720] 4livingroom_turn-on-the-television_GT.json | label_radius               | Outcome: SAFE               | Leaves:   8690 | Clr: 82.813 mm | t_trial: 11.497 s
[1111/3720] 4livingroom_turn-on-the-television_GT.json | combined_quantile_adaptive | Outcome: SAFE               | Leaves:   8690 | Clr: 78.516 mm | t_trial: 11.414 s
[1112/3720] 4livingroom_turn-on-the-television_GT.json | combined_quantile_adaptive | Outcome: SAFE               | Leaves:   8690 | Clr: 79.883 mm | t_trial: 11.458 s

[PLANNED RESTART] Trial count 1112: Triggering planned restart 139...
[PLANNED RESTART] Terminating existing move_group process...
[PLANNED RESTART COMPLETE] New PID: 392554 | Ready in 11.479 s | Initial RSS: 168.65 MB
[1113/3720] 4livingroom_turn-on-the-television_GT.json | combined_quantile_adaptive | Outcome: SAFE               | Leaves:   8690 | Clr: 81.445 mm | t_trial: 12.992 s
[1114/3720] 4livingroom_turn-on-the-television_GT.json | affordance_inherit         | Outcome: SAFE               | Leaves:   8690 | Clr: 76.562 mm | t_trial: 12.591 s
[1115/3720] 4livingroom_turn-on-the-television_GT.json | affordance_inherit         | Outcome: SAFE               | Leaves:   8690 | Clr: 79.102 mm | t_trial: 12.010 s
[1116/3720] 4livingroom_turn-on-the-television_GT.json | affordance_inherit         | Outcome: SAFE               | Leaves:   8690 | Clr: 81.641 mm | t_trial: 11.589 s
[1117/3720] 4livingroom_turn-on-the-television_GT.json | label_inherit              | Outcome: SAFE               | Leaves:   8690 | Clr: 78.320 mm | t_trial: 10.952 s
[1118/3720] 4livingroom_turn-on-the-television_GT.json | label_inherit              | Outcome: SAFE               | Leaves:   8690 | Clr: 77.734 mm | t_trial: 11.535 s
[1119/3720] 4livingroom_turn-on-the-television_GT.json | label_inherit              | Outcome: SAFE               | Leaves:   8690 | Clr: 79.297 mm | t_trial: 11.682 s
[1120/3720] 4livingroom_turn-on-the-television_GT.json | label_only                 | Outcome: SAFE               | Leaves:   8610 | Clr: 80.469 mm | t_trial: 11.851 s

[PLANNED RESTART] Trial count 1120: Triggering planned restart 140...
[PLANNED RESTART] Terminating existing move_group process...
[PLANNED RESTART COMPLETE] New PID: 394511 | Ready in 12.206 s | Initial RSS: 168.47 MB
[1121/3720] 4livingroom_turn-on-the-television_GT.json | label_only                 | Outcome: SAFE               | Leaves:   8610 | Clr: 76.953 mm | t_trial: 12.561 s
[1122/3720] 4livingroom_turn-on-the-television_GT.json | label_only                 | Outcome: SAFE               | Leaves:   8610 | Clr: 78.320 mm | t_trial: 11.541 s
[1123/3720] 4livingroom_turn-on-the-television_GT.json | combined_inherit           | Outcome: SAFE               | Leaves:   8690 | Clr: 75.000 mm | t_trial: 11.623 s
[1124/3720] 4livingroom_turn-on-the-television_GT.json | combined_inherit           | Outcome: SAFE               | Leaves:   8690 | Clr: 76.758 mm | t_trial: 11.447 s
[1125/3720] 4livingroom_turn-on-the-television_GT.json | combined_inherit           | Outcome: SAFE               | Leaves:   8690 | Clr: 80.859 mm | t_trial: 11.617 s
[1126/3720] 4livingroom_turn-on-the-television_GT.json | information_bottleneck     | Outcome: SAFE               | Leaves:   8690 | Clr: 81.250 mm | t_trial: 11.503 s
[1127/3720] 4livingroom_turn-on-the-television_GT.json | information_bottleneck     | Outcome: SAFE               | Leaves:   8690 | Clr: 82.031 mm | t_trial: 11.394 s
[1128/3720] 4livingroom_turn-on-the-television_GT.json | information_bottleneck     | Outcome: SAFE               | Leaves:   8690 | Clr: 80.469 mm | t_trial: 12.116 s

[PLANNED RESTART] Trial count 1128: Triggering planned restart 141...
[PLANNED RESTART] Terminating existing move_group process...
[PLANNED RESTART COMPLETE] New PID: 396446 | Ready in 11.476 s | Initial RSS: 168.30 MB
[1129/3720] 4livingroom_use-the-kettle_GT.json  | identity                   | Outcome: SAFE               | Leaves:  75607 | Clr: 118.555 mm | t_trial: 13.454 s
[1130/3720] 4livingroom_use-the-kettle_GT.json  | identity                   | Outcome: SAFE               | Leaves:  75607 | Clr: 116.602 mm | t_trial: 12.649 s
[1131/3720] 4livingroom_use-the-kettle_GT.json  | identity                   | Outcome: SAFE               | Leaves:  75607 | Clr: 117.383 mm | t_trial: 12.176 s
[1132/3720] 4livingroom_use-the-kettle_GT.json  | label_radius               | Outcome: SAFE               | Leaves:  32487 | Clr: 117.188 mm | t_trial: 11.659 s
[1133/3720] 4livingroom_use-the-kettle_GT.json  | label_radius               | Outcome: SAFE               | Leaves:  32487 | Clr: 117.773 mm | t_trial: 11.540 s
[1134/3720] 4livingroom_use-the-kettle_GT.json  | label_radius               | Outcome: SAFE               | Leaves:  32487 | Clr: 120.508 mm | t_trial: 11.824 s
[1135/3720] 4livingroom_use-the-kettle_GT.json  | combined_quantile_adaptive | Outcome: SAFE               | Leaves:    775 | Clr: 117.969 mm | t_trial: 11.512 s
[1136/3720] 4livingroom_use-the-kettle_GT.json  | combined_quantile_adaptive | Outcome: SAFE               | Leaves:    775 | Clr: 120.703 mm | t_trial: 11.559 s

[PLANNED RESTART] Trial count 1136: Triggering planned restart 142...
[PLANNED RESTART] Terminating existing move_group process...
[PLANNED RESTART COMPLETE] New PID: 398428 | Ready in 11.508 s | Initial RSS: 168.29 MB
[1137/3720] 4livingroom_use-the-kettle_GT.json  | combined_quantile_adaptive | Outcome: SAFE               | Leaves:    775 | Clr: 121.094 mm | t_trial: 12.553 s
[1138/3720] 4livingroom_use-the-kettle_GT.json  | affordance_inherit         | Outcome: SAFE               | Leaves:   2476 | Clr: 119.727 mm | t_trial: 12.046 s
[1139/3720] 4livingroom_use-the-kettle_GT.json  | affordance_inherit         | Outcome: SAFE               | Leaves:   2476 | Clr: 117.773 mm | t_trial: 12.154 s
[1140/3720] 4livingroom_use-the-kettle_GT.json  | affordance_inherit         | Outcome: SAFE               | Leaves:   2476 | Clr: 117.383 mm | t_trial: 11.573 s
[1141/3720] 4livingroom_use-the-kettle_GT.json  | label_inherit              | Outcome: SAFE               | Leaves:    775 | Clr: 118.359 mm | t_trial: 11.574 s
[1142/3720] 4livingroom_use-the-kettle_GT.json  | label_inherit              | Outcome: SAFE               | Leaves:    775 | Clr: 116.016 mm | t_trial: 11.127 s
[1143/3720] 4livingroom_use-the-kettle_GT.json  | label_inherit              | Outcome: SAFE               | Leaves:    775 | Clr: 120.117 mm | t_trial: 11.417 s
[1144/3720] 4livingroom_use-the-kettle_GT.json  | label_only                 | Outcome: SAFE               | Leaves:    775 | Clr: 118.945 mm | t_trial: 12.040 s

[PLANNED RESTART] Trial count 1144: Triggering planned restart 143...
[PLANNED RESTART] Terminating existing move_group process...
[PLANNED RESTART COMPLETE] New PID: 400398 | Ready in 11.472 s | Initial RSS: 168.72 MB
[1145/3720] 4livingroom_use-the-kettle_GT.json  | label_only                 | Outcome: SAFE               | Leaves:    775 | Clr: 120.312 mm | t_trial: 12.880 s
[1146/3720] 4livingroom_use-the-kettle_GT.json  | label_only                 | Outcome: SAFE               | Leaves:    775 | Clr: 116.602 mm | t_trial: 12.496 s
[1147/3720] 4livingroom_use-the-kettle_GT.json  | combined_inherit           | Outcome: SAFE               | Leaves:    775 | Clr: 120.117 mm | t_trial: 11.983 s
[1148/3720] 4livingroom_use-the-kettle_GT.json  | combined_inherit           | Outcome: SAFE               | Leaves:    775 | Clr: 119.922 mm | t_trial: 11.501 s
[1149/3720] 4livingroom_use-the-kettle_GT.json  | combined_inherit           | Outcome: SAFE               | Leaves:    775 | Clr: 119.531 mm | t_trial: 11.519 s
[1150/3720] 4livingroom_use-the-kettle_GT.json  | information_bottleneck     | Outcome: SAFE               | Leaves:   1152 | Clr: 120.312 mm | t_trial: 11.632 s
[1151/3720] 4livingroom_use-the-kettle_GT.json  | information_bottleneck     | Outcome: SAFE               | Leaves:   1152 | Clr: 120.703 mm | t_trial: 10.969 s
[1152/3720] 4livingroom_use-the-kettle_GT.json  | information_bottleneck     | Outcome: SAFE               | Leaves:   1152 | Clr: 121.094 mm | t_trial: 11.623 s

[PLANNED RESTART] Trial count 1152: Triggering planned restart 144...
[PLANNED RESTART] Terminating existing move_group process...
[PLANNED RESTART COMPLETE] New PID: 402347 | Ready in 11.465 s | Initial RSS: 169.11 MB
[1153/3720] 4livingroom_i-am-bored_GT.json      | identity                   | Outcome: SAFE               | Leaves:  75607 | Clr: 82.031 mm | t_trial: 13.125 s
[1154/3720] 4livingroom_i-am-bored_GT.json      | identity                   | Outcome: SAFE               | Leaves:  75607 | Clr: 79.297 mm | t_trial: 12.161 s
[1155/3720] 4livingroom_i-am-bored_GT.json      | identity                   | Outcome: SAFE               | Leaves:  75607 | Clr: 77.930 mm | t_trial: 12.311 s
[1156/3720] 4livingroom_i-am-bored_GT.json      | label_radius               | Outcome: SAFE               | Leaves:   8690 | Clr: 79.102 mm | t_trial: 11.508 s
[1157/3720] 4livingroom_i-am-bored_GT.json      | label_radius               | Outcome: SAFE               | Leaves:   8690 | Clr: 81.445 mm | t_trial: 11.519 s
[1158/3720] 4livingroom_i-am-bored_GT.json      | label_radius               | Outcome: SAFE               | Leaves:   8690 | Clr: 80.078 mm | t_trial: 11.605 s
[1159/3720] 4livingroom_i-am-bored_GT.json      | combined_quantile_adaptive | Outcome: SAFE               | Leaves:   8690 | Clr: 77.930 mm | t_trial: 11.852 s
[1160/3720] 4livingroom_i-am-bored_GT.json      | combined_quantile_adaptive | Outcome: SAFE               | Leaves:   8690 | Clr: 79.102 mm | t_trial: 11.850 s

[PLANNED RESTART] Trial count 1160: Triggering planned restart 145...
[PLANNED RESTART] Terminating existing move_group process...
[PLANNED RESTART COMPLETE] New PID: 404310 | Ready in 11.498 s | Initial RSS: 168.77 MB
[1161/3720] 4livingroom_i-am-bored_GT.json      | combined_quantile_adaptive | Outcome: SAFE               | Leaves:   8690 | Clr: 79.102 mm | t_trial: 12.948 s
[1162/3720] 4livingroom_i-am-bored_GT.json      | affordance_inherit         | Outcome: SAFE               | Leaves:   8690 | Clr: 81.055 mm | t_trial: 12.391 s
[1163/3720] 4livingroom_i-am-bored_GT.json      | affordance_inherit         | Outcome: SAFE               | Leaves:   8690 | Clr: 80.078 mm | t_trial: 11.986 s
[1164/3720] 4livingroom_i-am-bored_GT.json      | affordance_inherit         | Outcome: SAFE               | Leaves:   8690 | Clr: 79.102 mm | t_trial: 11.734 s
[1165/3720] 4livingroom_i-am-bored_GT.json      | label_inherit              | Outcome: SAFE               | Leaves:   8690 | Clr: 77.344 mm | t_trial: 11.534 s
[1166/3720] 4livingroom_i-am-bored_GT.json      | label_inherit              | Outcome: SAFE               | Leaves:   8690 | Clr: 75.195 mm | t_trial: 11.576 s
[1167/3720] 4livingroom_i-am-bored_GT.json      | label_inherit              | Outcome: SAFE               | Leaves:   8690 | Clr: 80.273 mm | t_trial: 11.482 s
[1168/3720] 4livingroom_i-am-bored_GT.json      | label_only                 | Outcome: SAFE               | Leaves:   8610 | Clr: 77.344 mm | t_trial: 12.215 s

[PLANNED RESTART] Trial count 1168: Triggering planned restart 146...
[PLANNED RESTART] Terminating existing move_group process...
[PLANNED RESTART COMPLETE] New PID: 406275 | Ready in 11.472 s | Initial RSS: 168.57 MB
[1169/3720] 4livingroom_i-am-bored_GT.json      | label_only                 | Outcome: SAFE               | Leaves:   8610 | Clr: 78.516 mm | t_trial: 12.177 s
[1170/3720] 4livingroom_i-am-bored_GT.json      | label_only                 | Outcome: SAFE               | Leaves:   8610 | Clr: 75.586 mm | t_trial: 12.081 s
[1171/3720] 4livingroom_i-am-bored_GT.json      | combined_inherit           | Outcome: SAFE               | Leaves:   8690 | Clr: 77.344 mm | t_trial: 12.043 s
[1172/3720] 4livingroom_i-am-bored_GT.json      | combined_inherit           | Outcome: SAFE               | Leaves:   8690 | Clr: 78.516 mm | t_trial: 11.496 s
[1173/3720] 4livingroom_i-am-bored_GT.json      | combined_inherit           | Outcome: SAFE               | Leaves:   8690 | Clr: 77.734 mm | t_trial: 11.594 s
[1174/3720] 4livingroom_i-am-bored_GT.json      | information_bottleneck     | Outcome: SAFE               | Leaves:  32232 | Clr: 77.930 mm | t_trial: 11.554 s
[1175/3720] 4livingroom_i-am-bored_GT.json      | information_bottleneck     | Outcome: SAFE               | Leaves:  32232 | Clr: 79.297 mm | t_trial: 11.038 s
[1176/3720] 4livingroom_i-am-bored_GT.json      | information_bottleneck     | Outcome: SAFE               | Leaves:  32232 | Clr: 80.273 mm | t_trial: 11.565 s

[PLANNED RESTART] Trial count 1176: Triggering planned restart 147...
[PLANNED RESTART] Terminating existing move_group process...
[PLANNED RESTART COMPLETE] New PID: 408220 | Ready in 11.496 s | Initial RSS: 168.40 MB
[1177/3720] 4livingroom_i-am-hungry_4a931c41_GT.json | identity                   | Outcome: SAFE               | Leaves:  75607 | Clr: 142.578 mm | t_trial: 13.643 s
[1178/3720] 4livingroom_i-am-hungry_4a931c41_GT.json | identity                   | Outcome: SAFE               | Leaves:  75607 | Clr: 141.992 mm | t_trial: 12.640 s
[1179/3720] 4livingroom_i-am-hungry_4a931c41_GT.json | identity                   | Outcome: SAFE               | Leaves:  75607 | Clr: 143.945 mm | t_trial: 11.952 s
[1180/3720] 4livingroom_i-am-hungry_4a931c41_GT.json | label_radius               | Outcome: SAFE               | Leaves:  11218 | Clr: 142.383 mm | t_trial: 11.798 s
[1181/3720] 4livingroom_i-am-hungry_4a931c41_GT.json | label_radius               | Outcome: SAFE               | Leaves:  11218 | Clr: 139.648 mm | t_trial: 11.347 s
[1182/3720] 4livingroom_i-am-hungry_4a931c41_GT.json | label_radius               | Outcome: SAFE               | Leaves:  11218 | Clr: 142.773 mm | t_trial: 11.314 s
[1183/3720] 4livingroom_i-am-hungry_4a931c41_GT.json | combined_quantile_adaptive | Outcome: SAFE               | Leaves:   1738 | Clr: 141.602 mm | t_trial: 11.593 s
[1184/3720] 4livingroom_i-am-hungry_4a931c41_GT.json | combined_quantile_adaptive | Outcome: SAFE               | Leaves:   1738 | Clr: 140.625 mm | t_trial: 12.138 s

[PLANNED RESTART] Trial count 1184: Triggering planned restart 148...
[PLANNED RESTART] Terminating existing move_group process...
[PLANNED RESTART COMPLETE] New PID: 410214 | Ready in 11.473 s | Initial RSS: 167.95 MB
[1185/3720] 4livingroom_i-am-hungry_4a931c41_GT.json | combined_quantile_adaptive | Outcome: SAFE               | Leaves:   1738 | Clr: 140.039 mm | t_trial: 12.320 s
[1186/3720] 4livingroom_i-am-hungry_4a931c41_GT.json | affordance_inherit         | Outcome: SAFE               | Leaves:   8690 | Clr: 143.750 mm | t_trial: 12.358 s
[1187/3720] 4livingroom_i-am-hungry_4a931c41_GT.json | affordance_inherit         | Outcome: SAFE               | Leaves:   8690 | Clr: 143.945 mm | t_trial: 12.214 s
[1188/3720] 4livingroom_i-am-hungry_4a931c41_GT.json | affordance_inherit         | Outcome: SAFE               | Leaves:   8690 | Clr: 143.750 mm | t_trial: 11.322 s
[1189/3720] 4livingroom_i-am-hungry_4a931c41_GT.json | label_inherit              | Outcome: SAFE               | Leaves:   1738 | Clr: 143.164 mm | t_trial: 11.820 s
[1190/3720] 4livingroom_i-am-hungry_4a931c41_GT.json | label_inherit              | Outcome: SAFE               | Leaves:   1738 | Clr: 144.141 mm | t_trial: 11.819 s
[1191/3720] 4livingroom_i-am-hungry_4a931c41_GT.json | label_inherit              | Outcome: SAFE               | Leaves:   1738 | Clr: 139.258 mm | t_trial: 11.617 s
[1192/3720] 4livingroom_i-am-hungry_4a931c41_GT.json | label_only                 | Outcome: SAFE               | Leaves:   1361 | Clr: 142.969 mm | t_trial: 11.540 s

[PLANNED RESTART] Trial count 1192: Triggering planned restart 149...
[PLANNED RESTART] Terminating existing move_group process...
[PLANNED RESTART COMPLETE] New PID: 412163 | Ready in 11.510 s | Initial RSS: 168.51 MB
[1193/3720] 4livingroom_i-am-hungry_4a931c41_GT.json | label_only                 | Outcome: SAFE               | Leaves:   1361 | Clr: 143.164 mm | t_trial: 13.009 s
[1194/3720] 4livingroom_i-am-hungry_4a931c41_GT.json | label_only                 | Outcome: SAFE               | Leaves:   1361 | Clr: 141.797 mm | t_trial: 12.536 s
[1195/3720] 4livingroom_i-am-hungry_4a931c41_GT.json | combined_inherit           | Outcome: SAFE               | Leaves:   1738 | Clr: 142.773 mm | t_trial: 12.294 s
[1196/3720] 4livingroom_i-am-hungry_4a931c41_GT.json | combined_inherit           | Outcome: SAFE               | Leaves:   1738 | Clr: 141.602 mm | t_trial: 11.709 s
[1197/3720] 4livingroom_i-am-hungry_4a931c41_GT.json | combined_inherit           | Outcome: SAFE               | Leaves:   1738 | Clr: 141.797 mm | t_trial: 11.248 s
[1198/3720] 4livingroom_i-am-hungry_4a931c41_GT.json | information_bottleneck     | Outcome: SAFE               | Leaves:  28263 | Clr: 141.992 mm | t_trial: 11.434 s
[1199/3720] 4livingroom_i-am-hungry_4a931c41_GT.json | information_bottleneck     | Outcome: SAFE               | Leaves:  28263 | Clr: 142.383 mm | t_trial: 11.699 s
[1200/3720] 4livingroom_i-am-hungry_4a931c41_GT.json | information_bottleneck     | Outcome: SAFE               | Leaves:  28263 | Clr: 142.773 mm | t_trial: 12.335 s

[PLANNED RESTART] Trial count 1200: Triggering planned restart 150...
[PLANNED RESTART] Terminating existing move_group process...
[PLANNED RESTART COMPLETE] New PID: 414151 | Ready in 11.634 s | Initial RSS: 168.54 MB
[1201/3720] 4livingroom_i-am-hungry_5fcbe0c1_GT.json | identity                   | Outcome: SAFE               | Leaves:  75607 | Clr: 151.367 mm | t_trial: 13.132 s
[1202/3720] 4livingroom_i-am-hungry_5fcbe0c1_GT.json | identity                   | Outcome: SAFE               | Leaves:  75607 | Clr: 147.656 mm | t_trial: 12.227 s
[1203/3720] 4livingroom_i-am-hungry_5fcbe0c1_GT.json | identity                   | Outcome: SAFE               | Leaves:  75607 | Clr: 149.414 mm | t_trial: 11.896 s
[1204/3720] 4livingroom_i-am-hungry_5fcbe0c1_GT.json | label_radius               | Outcome: SAFE               | Leaves:  11218 | Clr: 150.391 mm | t_trial: 11.647 s
[1205/3720] 4livingroom_i-am-hungry_5fcbe0c1_GT.json | label_radius               | Outcome: SAFE               | Leaves:  11218 | Clr: 150.195 mm | t_trial: 11.672 s
[1206/3720] 4livingroom_i-am-hungry_5fcbe0c1_GT.json | label_radius               | Outcome: SAFE               | Leaves:  11218 | Clr: 149.609 mm | t_trial: 11.831 s
[1207/3720] 4livingroom_i-am-hungry_5fcbe0c1_GT.json | combined_quantile_adaptive | Outcome: SAFE               | Leaves:   1738 | Clr: 146.680 mm | t_trial: 11.648 s
[1208/3720] 4livingroom_i-am-hungry_5fcbe0c1_GT.json | combined_quantile_adaptive | Outcome: SAFE               | Leaves:   1738 | Clr: 152.930 mm | t_trial: 11.717 s

[PLANNED RESTART] Trial count 1208: Triggering planned restart 151...
[PLANNED RESTART] Terminating existing move_group process...
[PLANNED RESTART COMPLETE] New PID: 416117 | Ready in 11.468 s | Initial RSS: 168.73 MB
[1209/3720] 4livingroom_i-am-hungry_5fcbe0c1_GT.json | combined_quantile_adaptive | Outcome: SAFE               | Leaves:   1738 | Clr: 149.219 mm | t_trial: 13.090 s
[1210/3720] 4livingroom_i-am-hungry_5fcbe0c1_GT.json | affordance_inherit         | Outcome: SAFE               | Leaves:   8690 | Clr: 149.414 mm | t_trial: 12.706 s
[1211/3720] 4livingroom_i-am-hungry_5fcbe0c1_GT.json | affordance_inherit         | Outcome: SAFE               | Leaves:   8690 | Clr: 152.344 mm | t_trial: 12.240 s
[1212/3720] 4livingroom_i-am-hungry_5fcbe0c1_GT.json | affordance_inherit         | Outcome: SAFE               | Leaves:   8690 | Clr: 150.977 mm | t_trial: 11.641 s
[1213/3720] 4livingroom_i-am-hungry_5fcbe0c1_GT.json | label_inherit              | Outcome: SAFE               | Leaves:   1738 | Clr: 150.000 mm | t_trial: 11.586 s
[1214/3720] 4livingroom_i-am-hungry_5fcbe0c1_GT.json | label_inherit              | Outcome: SAFE               | Leaves:   1738 | Clr: 149.609 mm | t_trial: 11.757 s
[1215/3720] 4livingroom_i-am-hungry_5fcbe0c1_GT.json | label_inherit              | Outcome: SAFE               | Leaves:   1738 | Clr: 148.633 mm | t_trial: 11.682 s
[1216/3720] 4livingroom_i-am-hungry_5fcbe0c1_GT.json | label_only                 | Outcome: SAFE               | Leaves:   1361 | Clr: 152.344 mm | t_trial: 12.377 s

[PLANNED RESTART] Trial count 1216: Triggering planned restart 152...
[PLANNED RESTART] Terminating existing move_group process...
[PLANNED RESTART COMPLETE] New PID: 418110 | Ready in 11.499 s | Initial RSS: 168.45 MB
[1217/3720] 4livingroom_i-am-hungry_5fcbe0c1_GT.json | label_only                 | Outcome: SAFE               | Leaves:   1361 | Clr: 148.047 mm | t_trial: 12.920 s
[1218/3720] 4livingroom_i-am-hungry_5fcbe0c1_GT.json | label_only                 | Outcome: SAFE               | Leaves:   1361 | Clr: 149.023 mm | t_trial: 12.243 s
[1219/3720] 4livingroom_i-am-hungry_5fcbe0c1_GT.json | combined_inherit           | Outcome: SAFE               | Leaves:   1738 | Clr: 151.758 mm | t_trial: 12.168 s
[1220/3720] 4livingroom_i-am-hungry_5fcbe0c1_GT.json | combined_inherit           | Outcome: SAFE               | Leaves:   1738 | Clr: 150.000 mm | t_trial: 11.817 s
[1221/3720] 4livingroom_i-am-hungry_5fcbe0c1_GT.json | combined_inherit           | Outcome: SAFE               | Leaves:   1738 | Clr: 150.586 mm | t_trial: 11.744 s
[1222/3720] 4livingroom_i-am-hungry_5fcbe0c1_GT.json | information_bottleneck     | Outcome: SAFE               | Leaves:  28263 | Clr: 153.516 mm | t_trial: 11.285 s
[1223/3720] 4livingroom_i-am-hungry_5fcbe0c1_GT.json | information_bottleneck     | Outcome: SAFE               | Leaves:  28263 | Clr: 151.367 mm | t_trial: 11.768 s
[1224/3720] 4livingroom_i-am-hungry_5fcbe0c1_GT.json | information_bottleneck     | Outcome: SAFE               | Leaves:  28263 | Clr: 148.828 mm | t_trial: 11.944 s

[PLANNED RESTART] Trial count 1224: Triggering planned restart 153...
[PLANNED RESTART] Terminating existing move_group process...
[PLANNED RESTART COMPLETE] New PID: 420091 | Ready in 11.471 s | Initial RSS: 168.32 MB
[1225/3720] 4livingroom_i-am-hungry_GT.json     | identity                   | Outcome: SAFE               | Leaves:  75607 | Clr: 143.945 mm | t_trial: 13.200 s
[1226/3720] 4livingroom_i-am-hungry_GT.json     | identity                   | Outcome: SAFE               | Leaves:  75607 | Clr: 143.750 mm | t_trial: 12.374 s
[1227/3720] 4livingroom_i-am-hungry_GT.json     | identity                   | Outcome: SAFE               | Leaves:  75607 | Clr: 144.531 mm | t_trial: 12.500 s
[1228/3720] 4livingroom_i-am-hungry_GT.json     | label_radius               | Outcome: SAFE               | Leaves:  11218 | Clr: 144.922 mm | t_trial: 11.766 s
[1229/3720] 4livingroom_i-am-hungry_GT.json     | label_radius               | Outcome: SAFE               | Leaves:  11218 | Clr: 141.016 mm | t_trial: 11.724 s
[1230/3720] 4livingroom_i-am-hungry_GT.json     | label_radius               | Outcome: SAFE               | Leaves:  11218 | Clr: 144.727 mm | t_trial: 11.830 s
[1231/3720] 4livingroom_i-am-hungry_GT.json     | combined_quantile_adaptive | Outcome: BELIEF_PLAN_FAILED | Leaves:   1738 | Clr: N/A       | t_trial: 0.044 s
[1232/3720] 4livingroom_i-am-hungry_GT.json     | combined_quantile_adaptive | Outcome: BELIEF_PLAN_FAILED | Leaves:   1738 | Clr: N/A       | t_trial: 0.045 s

[PLANNED RESTART] Trial count 1232: Triggering planned restart 154...
[PLANNED RESTART] Terminating existing move_group process...
[PLANNED RESTART COMPLETE] New PID: 421664 | Ready in 11.460 s | Initial RSS: 168.46 MB
[1233/3720] 4livingroom_i-am-hungry_GT.json     | combined_quantile_adaptive | Outcome: BELIEF_PLAN_FAILED | Leaves:   1738 | Clr: N/A       | t_trial: 0.049 s
[1234/3720] 4livingroom_i-am-hungry_GT.json     | affordance_inherit         | Outcome: SAFE               | Leaves:   8690 | Clr: 142.383 mm | t_trial: 12.751 s
[1235/3720] 4livingroom_i-am-hungry_GT.json     | affordance_inherit         | Outcome: SAFE               | Leaves:   8690 | Clr: 141.406 mm | t_trial: 12.204 s
[1236/3720] 4livingroom_i-am-hungry_GT.json     | affordance_inherit         | Outcome: SAFE               | Leaves:   8690 | Clr: 141.406 mm | t_trial: 12.182 s
[1237/3720] 4livingroom_i-am-hungry_GT.json     | label_inherit              | Outcome: BELIEF_PLAN_FAILED | Leaves:   1738 | Clr: N/A       | t_trial: 0.049 s
[1238/3720] 4livingroom_i-am-hungry_GT.json     | label_inherit              | Outcome: BELIEF_PLAN_FAILED | Leaves:   1738 | Clr: N/A       | t_trial: 0.034 s
[1239/3720] 4livingroom_i-am-hungry_GT.json     | label_inherit              | Outcome: BELIEF_PLAN_FAILED | Leaves:   1738 | Clr: N/A       | t_trial: 0.049 s
[1240/3720] 4livingroom_i-am-hungry_GT.json     | label_only                 | Outcome: BELIEF_PLAN_FAILED | Leaves:   1361 | Clr: N/A       | t_trial: 0.045 s

[PLANNED RESTART] Trial count 1240: Triggering planned restart 155...
[PLANNED RESTART] Terminating existing move_group process...
[PLANNED RESTART COMPLETE] New PID: 422618 | Ready in 11.502 s | Initial RSS: 168.58 MB
[1241/3720] 4livingroom_i-am-hungry_GT.json     | label_only                 | Outcome: BELIEF_PLAN_FAILED | Leaves:   1361 | Clr: N/A       | t_trial: 0.037 s
[1242/3720] 4livingroom_i-am-hungry_GT.json     | label_only                 | Outcome: BELIEF_PLAN_FAILED | Leaves:   1361 | Clr: N/A       | t_trial: 0.033 s
[1243/3720] 4livingroom_i-am-hungry_GT.json     | combined_inherit           | Outcome: BELIEF_PLAN_FAILED | Leaves:   1738 | Clr: N/A       | t_trial: 0.045 s
[1244/3720] 4livingroom_i-am-hungry_GT.json     | combined_inherit           | Outcome: BELIEF_PLAN_FAILED | Leaves:   1738 | Clr: N/A       | t_trial: 0.044 s
[1245/3720] 4livingroom_i-am-hungry_GT.json     | combined_inherit           | Outcome: BELIEF_PLAN_FAILED | Leaves:   1738 | Clr: N/A       | t_trial: 0.044 s
[1246/3720] 4livingroom_i-am-hungry_GT.json     | information_bottleneck     | Outcome: SAFE               | Leaves:  28263 | Clr: 139.844 mm | t_trial: 12.676 s
[1247/3720] 4livingroom_i-am-hungry_GT.json     | information_bottleneck     | Outcome: SAFE               | Leaves:  28263 | Clr: 145.508 mm | t_trial: 12.311 s
[1248/3720] 4livingroom_i-am-hungry_GT.json     | information_bottleneck     | Outcome: SAFE               | Leaves:  28263 | Clr: 143.359 mm | t_trial: 11.824 s

[PLANNED RESTART] Trial count 1248: Triggering planned restart 156...
[PLANNED RESTART] Terminating existing move_group process...
[PLANNED RESTART COMPLETE] New PID: 423584 | Ready in 11.467 s | Initial RSS: 168.36 MB
[1249/3720] 4livingroom_i-am-hungry_b40e025d_GT.json | identity                   | Outcome: SAFE               | Leaves:  75607 | Clr: 153.320 mm | t_trial: 13.025 s
[1250/3720] 4livingroom_i-am-hungry_b40e025d_GT.json | identity                   | Outcome: SAFE               | Leaves:  75607 | Clr: 150.391 mm | t_trial: 12.321 s
[1251/3720] 4livingroom_i-am-hungry_b40e025d_GT.json | identity                   | Outcome: SAFE               | Leaves:  75607 | Clr: 153.320 mm | t_trial: 12.487 s
[1252/3720] 4livingroom_i-am-hungry_b40e025d_GT.json | label_radius               | Outcome: SAFE               | Leaves:  11218 | Clr: 151.953 mm | t_trial: 11.783 s
[1253/3720] 4livingroom_i-am-hungry_b40e025d_GT.json | label_radius               | Outcome: SAFE               | Leaves:  11218 | Clr: 153.125 mm | t_trial: 11.689 s
[1254/3720] 4livingroom_i-am-hungry_b40e025d_GT.json | label_radius               | Outcome: SAFE               | Leaves:  11218 | Clr: 150.391 mm | t_trial: 11.839 s
[1255/3720] 4livingroom_i-am-hungry_b40e025d_GT.json | combined_quantile_adaptive | Outcome: SAFE               | Leaves:   1738 | Clr: 150.781 mm | t_trial: 11.643 s
[1256/3720] 4livingroom_i-am-hungry_b40e025d_GT.json | combined_quantile_adaptive | Outcome: SAFE               | Leaves:   1738 | Clr: 152.734 mm | t_trial: 11.876 s

[PLANNED RESTART] Trial count 1256: Triggering planned restart 157...
[PLANNED RESTART] Terminating existing move_group process...
[PLANNED RESTART COMPLETE] New PID: 425568 | Ready in 11.479 s | Initial RSS: 168.39 MB
[1257/3720] 4livingroom_i-am-hungry_b40e025d_GT.json | combined_quantile_adaptive | Outcome: SAFE               | Leaves:   1738 | Clr: 148.828 mm | t_trial: 13.096 s
[1258/3720] 4livingroom_i-am-hungry_b40e025d_GT.json | affordance_inherit         | Outcome: SAFE               | Leaves:   8690 | Clr: 152.148 mm | t_trial: 11.932 s
[1259/3720] 4livingroom_i-am-hungry_b40e025d_GT.json | affordance_inherit         | Outcome: SAFE               | Leaves:   8690 | Clr: 147.852 mm | t_trial: 12.073 s
[1260/3720] 4livingroom_i-am-hungry_b40e025d_GT.json | affordance_inherit         | Outcome: SAFE               | Leaves:   8690 | Clr: 153.125 mm | t_trial: 11.814 s
[1261/3720] 4livingroom_i-am-hungry_b40e025d_GT.json | label_inherit              | Outcome: SAFE               | Leaves:   1738 | Clr: 152.930 mm | t_trial: 11.137 s
[1262/3720] 4livingroom_i-am-hungry_b40e025d_GT.json | label_inherit              | Outcome: SAFE               | Leaves:   1738 | Clr: 147.461 mm | t_trial: 11.679 s
[1263/3720] 4livingroom_i-am-hungry_b40e025d_GT.json | label_inherit              | Outcome: SAFE               | Leaves:   1738 | Clr: 154.688 mm | t_trial: 11.670 s
[1264/3720] 4livingroom_i-am-hungry_b40e025d_GT.json | label_only                 | Outcome: SAFE               | Leaves:   1361 | Clr: 151.563 mm | t_trial: 12.341 s

[PLANNED RESTART] Trial count 1264: Triggering planned restart 158...
[PLANNED RESTART] Terminating existing move_group process...
[PLANNED RESTART COMPLETE] New PID: 427544 | Ready in 11.490 s | Initial RSS: 168.61 MB
[1265/3720] 4livingroom_i-am-hungry_b40e025d_GT.json | label_only                 | Outcome: SAFE               | Leaves:   1361 | Clr: 153.320 mm | t_trial: 12.686 s
[1266/3720] 4livingroom_i-am-hungry_b40e025d_GT.json | label_only                 | Outcome: SAFE               | Leaves:   1361 | Clr: 155.273 mm | t_trial: 12.310 s
[1267/3720] 4livingroom_i-am-hungry_b40e025d_GT.json | combined_inherit           | Outcome: SAFE               | Leaves:   1738 | Clr: 155.859 mm | t_trial: 12.348 s
[1268/3720] 4livingroom_i-am-hungry_b40e025d_GT.json | combined_inherit           | Outcome: SAFE               | Leaves:   1738 | Clr: 150.586 mm | t_trial: 11.131 s
[1269/3720] 4livingroom_i-am-hungry_b40e025d_GT.json | combined_inherit           | Outcome: SAFE               | Leaves:   1738 | Clr: 154.492 mm | t_trial: 11.201 s
[1270/3720] 4livingroom_i-am-hungry_b40e025d_GT.json | information_bottleneck     | Outcome: SAFE               | Leaves:  28263 | Clr: 150.781 mm | t_trial: 11.289 s
[1271/3720] 4livingroom_i-am-hungry_b40e025d_GT.json | information_bottleneck     | Outcome: SAFE               | Leaves:  28263 | Clr: 152.734 mm | t_trial: 11.209 s
[1272/3720] 4livingroom_i-am-hungry_b40e025d_GT.json | information_bottleneck     | Outcome: SAFE               | Leaves:  28263 | Clr: 153.906 mm | t_trial: 11.949 s

[PLANNED RESTART] Trial count 1272: Triggering planned restart 159...
[PLANNED RESTART] Terminating existing move_group process...
[PLANNED RESTART COMPLETE] New PID: 429490 | Ready in 11.470 s | Initial RSS: 168.34 MB
[1273/3720] 4livingroom_i-am-hungry_b9dfc044_GT.json | identity                   | Outcome: SAFE               | Leaves:  75607 | Clr: 166.992 mm | t_trial: 13.509 s
[1274/3720] 4livingroom_i-am-hungry_b9dfc044_GT.json | identity                   | Outcome: SAFE               | Leaves:  75607 | Clr: 163.672 mm | t_trial: 12.801 s
[1275/3720] 4livingroom_i-am-hungry_b9dfc044_GT.json | identity                   | Outcome: SAFE               | Leaves:  75607 | Clr: 164.063 mm | t_trial: 11.922 s
[1276/3720] 4livingroom_i-am-hungry_b9dfc044_GT.json | label_radius               | Outcome: SAFE               | Leaves:  11218 | Clr: 166.406 mm | t_trial: 11.757 s
[1277/3720] 4livingroom_i-am-hungry_b9dfc044_GT.json | label_radius               | Outcome: SAFE               | Leaves:  11218 | Clr: 168.164 mm | t_trial: 11.755 s
[1278/3720] 4livingroom_i-am-hungry_b9dfc044_GT.json | label_radius               | Outcome: SAFE               | Leaves:  11218 | Clr: 168.359 mm | t_trial: 11.738 s
[1279/3720] 4livingroom_i-am-hungry_b9dfc044_GT.json | combined_quantile_adaptive | Outcome: SAFE               | Leaves:   1738 | Clr: 168.555 mm | t_trial: 11.703 s
[1280/3720] 4livingroom_i-am-hungry_b9dfc044_GT.json | combined_quantile_adaptive | Outcome: SAFE               | Leaves:   1738 | Clr: 165.039 mm | t_trial: 12.399 s

[PLANNED RESTART] Trial count 1280: Triggering planned restart 160...
[PLANNED RESTART] Terminating existing move_group process...
[PLANNED RESTART COMPLETE] New PID: 431479 | Ready in 11.504 s | Initial RSS: 168.18 MB
[1281/3720] 4livingroom_i-am-hungry_b9dfc044_GT.json | combined_quantile_adaptive | Outcome: SAFE               | Leaves:   1738 | Clr: 165.820 mm | t_trial: 12.630 s
[1282/3720] 4livingroom_i-am-hungry_b9dfc044_GT.json | affordance_inherit         | Outcome: SAFE               | Leaves:   8690 | Clr: 164.063 mm | t_trial: 12.283 s
[1283/3720] 4livingroom_i-am-hungry_b9dfc044_GT.json | affordance_inherit         | Outcome: SAFE               | Leaves:   8690 | Clr: 166.406 mm | t_trial: 11.757 s
[1284/3720] 4livingroom_i-am-hungry_b9dfc044_GT.json | affordance_inherit         | Outcome: SAFE               | Leaves:   8690 | Clr: 165.430 mm | t_trial: 11.728 s
[1285/3720] 4livingroom_i-am-hungry_b9dfc044_GT.json | label_inherit              | Outcome: SAFE               | Leaves:   1738 | Clr: 167.969 mm | t_trial: 11.685 s
[1286/3720] 4livingroom_i-am-hungry_b9dfc044_GT.json | label_inherit              | Outcome: SAFE               | Leaves:   1738 | Clr: 165.039 mm | t_trial: 11.804 s
[1287/3720] 4livingroom_i-am-hungry_b9dfc044_GT.json | label_inherit              | Outcome: SAFE               | Leaves:   1738 | Clr: 166.797 mm | t_trial: 11.025 s
[1288/3720] 4livingroom_i-am-hungry_b9dfc044_GT.json | label_only                 | Outcome: SAFE               | Leaves:   1361 | Clr: 165.039 mm | t_trial: 12.164 s

[PLANNED RESTART] Trial count 1288: Triggering planned restart 161...
[PLANNED RESTART] Terminating existing move_group process...
[PLANNED RESTART COMPLETE] New PID: 433449 | Ready in 11.476 s | Initial RSS: 168.31 MB
[1289/3720] 4livingroom_i-am-hungry_b9dfc044_GT.json | label_only                 | Outcome: SAFE               | Leaves:   1361 | Clr: 167.188 mm | t_trial: 12.764 s
[1290/3720] 4livingroom_i-am-hungry_b9dfc044_GT.json | label_only                 | Outcome: SAFE               | Leaves:   1361 | Clr: 166.406 mm | t_trial: 12.613 s
[1291/3720] 4livingroom_i-am-hungry_b9dfc044_GT.json | combined_inherit           | Outcome: SAFE               | Leaves:   1738 | Clr: 165.430 mm | t_trial: 12.198 s
[1292/3720] 4livingroom_i-am-hungry_b9dfc044_GT.json | combined_inherit           | Outcome: SAFE               | Leaves:   1738 | Clr: 168.750 mm | t_trial: 11.707 s
[1293/3720] 4livingroom_i-am-hungry_b9dfc044_GT.json | combined_inherit           | Outcome: SAFE               | Leaves:   1738 | Clr: 166.016 mm | t_trial: 11.722 s
[1294/3720] 4livingroom_i-am-hungry_b9dfc044_GT.json | information_bottleneck     | Outcome: SAFE               | Leaves:  28263 | Clr: 162.695 mm | t_trial: 11.428 s
[1295/3720] 4livingroom_i-am-hungry_b9dfc044_GT.json | information_bottleneck     | Outcome: SAFE               | Leaves:  28263 | Clr: 165.625 mm | t_trial: 11.650 s
[1296/3720] 4livingroom_i-am-hungry_b9dfc044_GT.json | information_bottleneck     | Outcome: SAFE               | Leaves:  28263 | Clr: 165.625 mm | t_trial: 12.302 s

[PLANNED RESTART] Trial count 1296: Triggering planned restart 162...
[PLANNED RESTART] Terminating existing move_group process...
[PLANNED RESTART COMPLETE] New PID: 435433 | Ready in 11.477 s | Initial RSS: 168.66 MB
[1297/3720] 4livingroom_i-want-a-hot-cup-of-tea_GT.json | identity                   | Outcome: SAFE               | Leaves:  75607 | Clr: 117.773 mm | t_trial: 13.030 s
[1298/3720] 4livingroom_i-want-a-hot-cup-of-tea_GT.json | identity                   | Outcome: SAFE               | Leaves:  75607 | Clr: 116.797 mm | t_trial: 12.187 s
[1299/3720] 4livingroom_i-want-a-hot-cup-of-tea_GT.json | identity                   | Outcome: SAFE               | Leaves:  75607 | Clr: 119.336 mm | t_trial: 11.783 s
[1300/3720] 4livingroom_i-want-a-hot-cup-of-tea_GT.json | label_radius               | Outcome: SAFE               | Leaves:  32487 | Clr: 116.016 mm | t_trial: 11.171 s
[1301/3720] 4livingroom_i-want-a-hot-cup-of-tea_GT.json | label_radius               | Outcome: SAFE               | Leaves:  32487 | Clr: 118.555 mm | t_trial: 11.565 s
[1302/3720] 4livingroom_i-want-a-hot-cup-of-tea_GT.json | label_radius               | Outcome: SAFE               | Leaves:  32487 | Clr: 117.969 mm | t_trial: 11.670 s
[1303/3720] 4livingroom_i-want-a-hot-cup-of-tea_GT.json | combined_quantile_adaptive | Outcome: SAFE               | Leaves:    775 | Clr: 116.992 mm | t_trial: 10.951 s
[1304/3720] 4livingroom_i-want-a-hot-cup-of-tea_GT.json | combined_quantile_adaptive | Outcome: SAFE               | Leaves:    775 | Clr: 120.703 mm | t_trial: 11.560 s

[PLANNED RESTART] Trial count 1304: Triggering planned restart 163...
[PLANNED RESTART] Terminating existing move_group process...
[PLANNED RESTART COMPLETE] New PID: 437379 | Ready in 11.496 s | Initial RSS: 168.43 MB
[1305/3720] 4livingroom_i-want-a-hot-cup-of-tea_GT.json | combined_quantile_adaptive | Outcome: SAFE               | Leaves:    775 | Clr: 119.531 mm | t_trial: 13.182 s
[1306/3720] 4livingroom_i-want-a-hot-cup-of-tea_GT.json | affordance_inherit         | Outcome: SAFE               | Leaves:   1738 | Clr: 121.094 mm | t_trial: 11.985 s
[1307/3720] 4livingroom_i-want-a-hot-cup-of-tea_GT.json | affordance_inherit         | Outcome: SAFE               | Leaves:   1738 | Clr: 116.406 mm | t_trial: 12.028 s
[1308/3720] 4livingroom_i-want-a-hot-cup-of-tea_GT.json | affordance_inherit         | Outcome: SAFE               | Leaves:   1738 | Clr: 117.969 mm | t_trial: 11.515 s
[1309/3720] 4livingroom_i-want-a-hot-cup-of-tea_GT.json | label_inherit              | Outcome: SAFE               | Leaves:    775 | Clr: 117.773 mm | t_trial: 11.521 s
[1310/3720] 4livingroom_i-want-a-hot-cup-of-tea_GT.json | label_inherit              | Outcome: SAFE               | Leaves:    775 | Clr: 118.750 mm | t_trial: 11.127 s
[1311/3720] 4livingroom_i-want-a-hot-cup-of-tea_GT.json | label_inherit              | Outcome: SAFE               | Leaves:    775 | Clr: 116.211 mm | t_trial: 10.937 s
[1312/3720] 4livingroom_i-want-a-hot-cup-of-tea_GT.json | label_only                 | Outcome: SAFE               | Leaves:    775 | Clr: 119.727 mm | t_trial: 12.197 s

[PLANNED RESTART] Trial count 1312: Triggering planned restart 164...
[PLANNED RESTART] Terminating existing move_group process...
[PLANNED RESTART COMPLETE] New PID: 439311 | Ready in 11.457 s | Initial RSS: 168.77 MB
[1313/3720] 4livingroom_i-want-a-hot-cup-of-tea_GT.json | label_only                 | Outcome: SAFE               | Leaves:    775 | Clr: 120.117 mm | t_trial: 12.683 s
[1314/3720] 4livingroom_i-want-a-hot-cup-of-tea_GT.json | label_only                 | Outcome: SAFE               | Leaves:    775 | Clr: 121.094 mm | t_trial: 11.595 s
[1315/3720] 4livingroom_i-want-a-hot-cup-of-tea_GT.json | combined_inherit           | Outcome: SAFE               | Leaves:    775 | Clr: 115.430 mm | t_trial: 12.098 s
[1316/3720] 4livingroom_i-want-a-hot-cup-of-tea_GT.json | combined_inherit           | Outcome: SAFE               | Leaves:    775 | Clr: 116.406 mm | t_trial: 11.665 s
[1317/3720] 4livingroom_i-want-a-hot-cup-of-tea_GT.json | combined_inherit           | Outcome: SAFE               | Leaves:    775 | Clr: 120.703 mm | t_trial: 11.011 s
[1318/3720] 4livingroom_i-want-a-hot-cup-of-tea_GT.json | information_bottleneck     | Outcome: SAFE               | Leaves:   2513 | Clr: 118.945 mm | t_trial: 11.632 s
[1319/3720] 4livingroom_i-want-a-hot-cup-of-tea_GT.json | information_bottleneck     | Outcome: SAFE               | Leaves:   2513 | Clr: 119.727 mm | t_trial: 10.938 s
[1320/3720] 4livingroom_i-want-a-hot-cup-of-tea_GT.json | information_bottleneck     | Outcome: SAFE               | Leaves:   2513 | Clr: 119.336 mm | t_trial: 12.064 s

[PLANNED RESTART] Trial count 1320: Triggering planned restart 165...
[PLANNED RESTART] Terminating existing move_group process...
[PLANNED RESTART COMPLETE] New PID: 441257 | Ready in 11.565 s | Initial RSS: 168.50 MB
[1321/3720] 4livingroom_someone-is-knocking-at-the-door_GT.json | identity                   | Outcome: SAFE               | Leaves:  75607 | Clr: 45.508 mm | t_trial: 12.906 s
[1322/3720] 4livingroom_someone-is-knocking-at-the-door_GT.json | identity                   | Outcome: SAFE               | Leaves:  75607 | Clr: 49.219 mm | t_trial: 12.212 s
[1323/3720] 4livingroom_someone-is-knocking-at-the-door_GT.json | identity                   | Outcome: SAFE               | Leaves:  75607 | Clr: 45.313 mm | t_trial: 12.195 s
[1324/3720] 4livingroom_someone-is-knocking-at-the-door_GT.json | label_radius               | Outcome: SAFE               | Leaves:  22495 | Clr: 49.414 mm | t_trial: 11.381 s
[1325/3720] 4livingroom_someone-is-knocking-at-the-door_GT.json | label_radius               | Outcome: SAFE               | Leaves:  22495 | Clr: 45.898 mm | t_trial: 11.529 s
[1326/3720] 4livingroom_someone-is-knocking-at-the-door_GT.json | label_radius               | Outcome: SAFE               | Leaves:  22495 | Clr: 47.656 mm | t_trial: 11.024 s
[1327/3720] 4livingroom_someone-is-knocking-at-the-door_GT.json | combined_quantile_adaptive | Outcome: SAFE               | Leaves:  21343 | Clr: 48.828 mm | t_trial: 11.289 s
[1328/3720] 4livingroom_someone-is-knocking-at-the-door_GT.json | combined_quantile_adaptive | Outcome: SAFE               | Leaves:  21343 | Clr: 44.141 mm | t_trial: 11.422 s

[PLANNED RESTART] Trial count 1328: Triggering planned restart 166...
[PLANNED RESTART] Terminating existing move_group process...
[PLANNED RESTART COMPLETE] New PID: 443193 | Ready in 11.470 s | Initial RSS: 168.24 MB
[1329/3720] 4livingroom_someone-is-knocking-at-the-door_GT.json | combined_quantile_adaptive | Outcome: SAFE               | Leaves:  21343 | Clr: 48.047 mm | t_trial: 12.738 s
[1330/3720] 4livingroom_someone-is-knocking-at-the-door_GT.json | affordance_inherit         | Outcome: SAFE               | Leaves:  15374 | Clr: 44.727 mm | t_trial: 12.002 s
[1331/3720] 4livingroom_someone-is-knocking-at-the-door_GT.json | affordance_inherit         | Outcome: SAFE               | Leaves:  15374 | Clr: 46.680 mm | t_trial: 11.926 s
[1332/3720] 4livingroom_someone-is-knocking-at-the-door_GT.json | affordance_inherit         | Outcome: SAFE               | Leaves:  15374 | Clr: 48.633 mm | t_trial: 11.007 s
[1333/3720] 4livingroom_someone-is-knocking-at-the-door_GT.json | label_inherit              | Outcome: SAFE               | Leaves:  21343 | Clr: 46.680 mm | t_trial: 11.396 s
[1334/3720] 4livingroom_someone-is-knocking-at-the-door_GT.json | label_inherit              | Outcome: SAFE               | Leaves:  21343 | Clr: 48.438 mm | t_trial: 11.048 s
[1335/3720] 4livingroom_someone-is-knocking-at-the-door_GT.json | label_inherit              | Outcome: SAFE               | Leaves:  21343 | Clr: 50.000 mm | t_trial: 11.303 s
[1336/3720] 4livingroom_someone-is-knocking-at-the-door_GT.json | label_only                 | Outcome: SAFE               | Leaves:  21269 | Clr: 50.586 mm | t_trial: 11.816 s

[PLANNED RESTART] Trial count 1336: Triggering planned restart 167...
[PLANNED RESTART] Terminating existing move_group process...
[PLANNED RESTART COMPLETE] New PID: 445124 | Ready in 11.501 s | Initial RSS: 168.90 MB
[1337/3720] 4livingroom_someone-is-knocking-at-the-door_GT.json | label_only                 | Outcome: SAFE               | Leaves:  21269 | Clr: 47.070 mm | t_trial: 11.985 s
[1338/3720] 4livingroom_someone-is-knocking-at-the-door_GT.json | label_only                 | Outcome: SAFE               | Leaves:  21269 | Clr: 47.266 mm | t_trial: 11.937 s
[1339/3720] 4livingroom_someone-is-knocking-at-the-door_GT.json | combined_inherit           | Outcome: SAFE               | Leaves:  21343 | Clr: 50.391 mm | t_trial: 12.114 s
[1340/3720] 4livingroom_someone-is-knocking-at-the-door_GT.json | combined_inherit           | Outcome: SAFE               | Leaves:  21343 | Clr: 48.047 mm | t_trial: 11.519 s
[1341/3720] 4livingroom_someone-is-knocking-at-the-door_GT.json | combined_inherit           | Outcome: SAFE               | Leaves:  21343 | Clr: 48.438 mm | t_trial: 10.932 s
[1342/3720] 4livingroom_someone-is-knocking-at-the-door_GT.json | information_bottleneck     | Outcome: SAFE               | Leaves:  21343 | Clr: 50.195 mm | t_trial: 11.079 s
[1343/3720] 4livingroom_someone-is-knocking-at-the-door_GT.json | information_bottleneck     | Outcome: SAFE               | Leaves:  21343 | Clr: 42.383 mm | t_trial: 10.831 s
[1344/3720] 4livingroom_someone-is-knocking-at-the-door_GT.json | information_bottleneck     | Outcome: SAFE               | Leaves:  21343 | Clr: 46.289 mm | t_trial: 11.866 s

[PLANNED RESTART] Trial count 1344: Triggering planned restart 168...
[PLANNED RESTART] Terminating existing move_group process...
[PLANNED RESTART COMPLETE] New PID: 447035 | Ready in 11.469 s | Initial RSS: 168.01 MB
[1345/3720] 5kitchen_open-the-door_GT.json      | identity                   | Outcome: SAFE               | Leaves:  81798 | Clr: 109.180 mm | t_trial: 13.668 s
[1346/3720] 5kitchen_open-the-door_GT.json      | identity                   | Outcome: SAFE               | Leaves:  81798 | Clr: 108.398 mm | t_trial: 12.638 s
[1347/3720] 5kitchen_open-the-door_GT.json      | identity                   | Outcome: SAFE               | Leaves:  81798 | Clr: 106.055 mm | t_trial: 12.506 s
[1348/3720] 5kitchen_open-the-door_GT.json      | label_radius               | Outcome: SAFE               | Leaves:  23321 | Clr: 108.008 mm | t_trial: 11.361 s
[1349/3720] 5kitchen_open-the-door_GT.json      | label_radius               | Outcome: SAFE               | Leaves:  23321 | Clr: 107.422 mm | t_trial: 11.814 s
[1350/3720] 5kitchen_open-the-door_GT.json      | label_radius               | Outcome: SAFE               | Leaves:  23321 | Clr: 105.859 mm | t_trial: 11.295 s
[1351/3720] 5kitchen_open-the-door_GT.json      | combined_quantile_adaptive | Outcome: SAFE               | Leaves:  23321 | Clr: 107.031 mm | t_trial: 11.722 s
[1352/3720] 5kitchen_open-the-door_GT.json      | combined_quantile_adaptive | Outcome: SAFE               | Leaves:  23321 | Clr: 107.422 mm | t_trial: 11.617 s

[PLANNED RESTART] Trial count 1352: Triggering planned restart 169...
[PLANNED RESTART] Terminating existing move_group process...
[PLANNED RESTART COMPLETE] New PID: 449018 | Ready in 11.498 s | Initial RSS: 168.52 MB
[1353/3720] 5kitchen_open-the-door_GT.json      | combined_quantile_adaptive | Outcome: SAFE               | Leaves:  23321 | Clr: 107.422 mm | t_trial: 12.720 s
[1354/3720] 5kitchen_open-the-door_GT.json      | affordance_inherit         | Outcome: SAFE               | Leaves:  49492 | Clr: 109.766 mm | t_trial: 11.948 s
[1355/3720] 5kitchen_open-the-door_GT.json      | affordance_inherit         | Outcome: SAFE               | Leaves:  49492 | Clr: 107.227 mm | t_trial: 12.447 s
[1356/3720] 5kitchen_open-the-door_GT.json      | affordance_inherit         | Outcome: SAFE               | Leaves:  49492 | Clr: 105.469 mm | t_trial: 11.854 s
[1357/3720] 5kitchen_open-the-door_GT.json      | label_inherit              | Outcome: SAFE               | Leaves:  23321 | Clr: 106.055 mm | t_trial: 11.787 s
[1358/3720] 5kitchen_open-the-door_GT.json      | label_inherit              | Outcome: SAFE               | Leaves:  23321 | Clr: 106.836 mm | t_trial: 11.857 s
[1359/3720] 5kitchen_open-the-door_GT.json      | label_inherit              | Outcome: SAFE               | Leaves:  23321 | Clr: 107.031 mm | t_trial: 11.739 s
[1360/3720] 5kitchen_open-the-door_GT.json      | label_only                 | Outcome: SAFE               | Leaves:  23294 | Clr: 105.273 mm | t_trial: 11.596 s

[PLANNED RESTART] Trial count 1360: Triggering planned restart 170...
[PLANNED RESTART] Terminating existing move_group process...
[PLANNED RESTART COMPLETE] New PID: 450990 | Ready in 11.476 s | Initial RSS: 168.16 MB
[1361/3720] 5kitchen_open-the-door_GT.json      | label_only                 | Outcome: SAFE               | Leaves:  23294 | Clr: 105.664 mm | t_trial: 13.109 s
[1362/3720] 5kitchen_open-the-door_GT.json      | label_only                 | Outcome: SAFE               | Leaves:  23294 | Clr: 109.375 mm | t_trial: 12.629 s
[1363/3720] 5kitchen_open-the-door_GT.json      | combined_inherit           | Outcome: SAFE               | Leaves:  72813 | Clr: 105.664 mm | t_trial: 12.001 s
[1364/3720] 5kitchen_open-the-door_GT.json      | combined_inherit           | Outcome: SAFE               | Leaves:  72813 | Clr: 109.180 mm | t_trial: 11.837 s
[1365/3720] 5kitchen_open-the-door_GT.json      | combined_inherit           | Outcome: SAFE               | Leaves:  72813 | Clr: 107.812 mm | t_trial: 11.391 s
[1366/3720] 5kitchen_open-the-door_GT.json      | information_bottleneck     | Outcome: SAFE               | Leaves:  76759 | Clr: 110.156 mm | t_trial: 12.061 s
[1367/3720] 5kitchen_open-the-door_GT.json      | information_bottleneck     | Outcome: SAFE               | Leaves:  76759 | Clr: 104.883 mm | t_trial: 11.318 s
[1368/3720] 5kitchen_open-the-door_GT.json      | information_bottleneck     | Outcome: SAFE               | Leaves:  76759 | Clr: 109.766 mm | t_trial: 12.717 s

[PLANNED RESTART] Trial count 1368: Triggering planned restart 171...
[PLANNED RESTART] Terminating existing move_group process...
[PLANNED RESTART COMPLETE] New PID: 453000 | Ready in 11.471 s | Initial RSS: 168.57 MB
[1369/3720] 5kitchen_open-the-kitchen-cabinet_552ff359_GT.json | identity                   | Outcome: SAFE               | Leaves:  81798 | Clr: 142.578 mm | t_trial: 13.339 s
[1370/3720] 5kitchen_open-the-kitchen-cabinet_552ff359_GT.json | identity                   | Outcome: SAFE               | Leaves:  81798 | Clr: 148.242 mm | t_trial: 12.494 s
[1371/3720] 5kitchen_open-the-kitchen-cabinet_552ff359_GT.json | identity                   | Outcome: SAFE               | Leaves:  81798 | Clr: 142.578 mm | t_trial: 12.138 s
[1372/3720] 5kitchen_open-the-kitchen-cabinet_552ff359_GT.json | label_radius               | Outcome: SAFE               | Leaves:  50510 | Clr: 144.141 mm | t_trial: 11.861 s
[1373/3720] 5kitchen_open-the-kitchen-cabinet_552ff359_GT.json | label_radius               | Outcome: SAFE               | Leaves:  50510 | Clr: 142.383 mm | t_trial: 11.987 s
[1374/3720] 5kitchen_open-the-kitchen-cabinet_552ff359_GT.json | label_radius               | Outcome: SAFE               | Leaves:  50510 | Clr: 142.773 mm | t_trial: 11.871 s
[1375/3720] 5kitchen_open-the-kitchen-cabinet_552ff359_GT.json | combined_quantile_adaptive | Outcome: SAFE               | Leaves:  36910 | Clr: 144.727 mm | t_trial: 11.844 s
[1376/3720] 5kitchen_open-the-kitchen-cabinet_552ff359_GT.json | combined_quantile_adaptive | Outcome: SAFE               | Leaves:  36910 | Clr: 147.656 mm | t_trial: 12.224 s

[PLANNED RESTART] Trial count 1376: Triggering planned restart 172...
[PLANNED RESTART] Terminating existing move_group process...
[PLANNED RESTART COMPLETE] New PID: 455000 | Ready in 11.512 s | Initial RSS: 168.25 MB
[1377/3720] 5kitchen_open-the-kitchen-cabinet_552ff359_GT.json | combined_quantile_adaptive | Outcome: SAFE               | Leaves:  36910 | Clr: 144.141 mm | t_trial: 13.536 s
[1378/3720] 5kitchen_open-the-kitchen-cabinet_552ff359_GT.json | affordance_inherit         | Outcome: SAFE               | Leaves:   3884 | Clr: 142.383 mm | t_trial: 12.526 s
[1379/3720] 5kitchen_open-the-kitchen-cabinet_552ff359_GT.json | affordance_inherit         | Outcome: SAFE               | Leaves:   3884 | Clr: 143.359 mm | t_trial: 12.331 s
[1380/3720] 5kitchen_open-the-kitchen-cabinet_552ff359_GT.json | affordance_inherit         | Outcome: SAFE               | Leaves:   3884 | Clr: 145.703 mm | t_trial: 11.688 s
[1381/3720] 5kitchen_open-the-kitchen-cabinet_552ff359_GT.json | label_inherit              | Outcome: SAFE               | Leaves:  39297 | Clr: 143.164 mm | t_trial: 12.005 s
[1382/3720] 5kitchen_open-the-kitchen-cabinet_552ff359_GT.json | label_inherit              | Outcome: SAFE               | Leaves:  39297 | Clr: 147.070 mm | t_trial: 11.998 s
[1383/3720] 5kitchen_open-the-kitchen-cabinet_552ff359_GT.json | label_inherit              | Outcome: SAFE               | Leaves:  39297 | Clr: 142.578 mm | t_trial: 11.314 s
[1384/3720] 5kitchen_open-the-kitchen-cabinet_552ff359_GT.json | label_only                 | Outcome: SAFE               | Leaves:  38821 | Clr: 147.070 mm | t_trial: 12.060 s

[PLANNED RESTART] Trial count 1384: Triggering planned restart 173...
[PLANNED RESTART] Terminating existing move_group process...
[PLANNED RESTART COMPLETE] New PID: 457012 | Ready in 11.666 s | Initial RSS: 168.52 MB
[1385/3720] 5kitchen_open-the-kitchen-cabinet_552ff359_GT.json | label_only                 | Outcome: SAFE               | Leaves:  38821 | Clr: 147.852 mm | t_trial: 13.036 s
[1386/3720] 5kitchen_open-the-kitchen-cabinet_552ff359_GT.json | label_only                 | Outcome: SAFE               | Leaves:  38821 | Clr: 146.680 mm | t_trial: 12.471 s
[1387/3720] 5kitchen_open-the-kitchen-cabinet_552ff359_GT.json | combined_inherit           | Outcome: SAFE               | Leaves:  39297 | Clr: 143.555 mm | t_trial: 12.543 s
[1388/3720] 5kitchen_open-the-kitchen-cabinet_552ff359_GT.json | combined_inherit           | Outcome: SAFE               | Leaves:  39297 | Clr: 145.898 mm | t_trial: 12.023 s
[1389/3720] 5kitchen_open-the-kitchen-cabinet_552ff359_GT.json | combined_inherit           | Outcome: SAFE               | Leaves:  39297 | Clr: 143.555 mm | t_trial: 11.898 s
[1390/3720] 5kitchen_open-the-kitchen-cabinet_552ff359_GT.json | information_bottleneck     | Outcome: SAFE               | Leaves:  48142 | Clr: 144.531 mm | t_trial: 12.016 s
[1391/3720] 5kitchen_open-the-kitchen-cabinet_552ff359_GT.json | information_bottleneck     | Outcome: SAFE               | Leaves:  48142 | Clr: 142.969 mm | t_trial: 11.859 s
[1392/3720] 5kitchen_open-the-kitchen-cabinet_552ff359_GT.json | information_bottleneck     | Outcome: SAFE               | Leaves:  48142 | Clr: 147.656 mm | t_trial: 12.164 s

[PLANNED RESTART] Trial count 1392: Triggering planned restart 174...
[PLANNED RESTART] Terminating existing move_group process...
[PLANNED RESTART COMPLETE] New PID: 459015 | Ready in 11.464 s | Initial RSS: 168.71 MB
[1393/3720] 5kitchen_open-the-kitchen-cabinet_bcc11fea_GT.json | identity                   | Outcome: SAFE               | Leaves:  81798 | Clr: 116.211 mm | t_trial: 13.327 s
[1394/3720] 5kitchen_open-the-kitchen-cabinet_bcc11fea_GT.json | identity                   | Outcome: SAFE               | Leaves:  81798 | Clr: 114.648 mm | t_trial: 12.158 s
[1395/3720] 5kitchen_open-the-kitchen-cabinet_bcc11fea_GT.json | identity                   | Outcome: SAFE               | Leaves:  81798 | Clr: 112.891 mm | t_trial: 12.273 s
[1396/3720] 5kitchen_open-the-kitchen-cabinet_bcc11fea_GT.json | label_radius               | Outcome: SAFE               | Leaves:  50510 | Clr: 113.281 mm | t_trial: 11.613 s
[1397/3720] 5kitchen_open-the-kitchen-cabinet_bcc11fea_GT.json | label_radius               | Outcome: SAFE               | Leaves:  50510 | Clr: 116.602 mm | t_trial: 11.101 s
[1398/3720] 5kitchen_open-the-kitchen-cabinet_bcc11fea_GT.json | label_radius               | Outcome: SAFE               | Leaves:  50510 | Clr: 118.555 mm | t_trial: 11.775 s
[1399/3720] 5kitchen_open-the-kitchen-cabinet_bcc11fea_GT.json | combined_quantile_adaptive | Outcome: SAFE               | Leaves:  36910 | Clr: 117.578 mm | t_trial: 11.052 s
[1400/3720] 5kitchen_open-the-kitchen-cabinet_bcc11fea_GT.json | combined_quantile_adaptive | Outcome: SAFE               | Leaves:  36910 | Clr: 119.922 mm | t_trial: 12.182 s

[PLANNED RESTART] Trial count 1400: Triggering planned restart 175...
[PLANNED RESTART] Terminating existing move_group process...
[PLANNED RESTART COMPLETE] New PID: 460976 | Ready in 11.497 s | Initial RSS: 168.89 MB
[1401/3720] 5kitchen_open-the-kitchen-cabinet_bcc11fea_GT.json | combined_quantile_adaptive | Outcome: SAFE               | Leaves:  36910 | Clr: 117.578 mm | t_trial: 12.760 s
[1402/3720] 5kitchen_open-the-kitchen-cabinet_bcc11fea_GT.json | affordance_inherit         | Outcome: SAFE               | Leaves:   3884 | Clr: 120.312 mm | t_trial: 12.290 s
[1403/3720] 5kitchen_open-the-kitchen-cabinet_bcc11fea_GT.json | affordance_inherit         | Outcome: SAFE               | Leaves:   3884 | Clr: 116.211 mm | t_trial: 12.069 s
[1404/3720] 5kitchen_open-the-kitchen-cabinet_bcc11fea_GT.json | affordance_inherit         | Outcome: SAFE               | Leaves:   3884 | Clr: 115.234 mm | t_trial: 11.495 s
[1405/3720] 5kitchen_open-the-kitchen-cabinet_bcc11fea_GT.json | label_inherit              | Outcome: SAFE               | Leaves:  39297 | Clr: 120.703 mm | t_trial: 11.727 s
[1406/3720] 5kitchen_open-the-kitchen-cabinet_bcc11fea_GT.json | label_inherit              | Outcome: SAFE               | Leaves:  39297 | Clr: 120.312 mm | t_trial: 11.735 s
[1407/3720] 5kitchen_open-the-kitchen-cabinet_bcc11fea_GT.json | label_inherit              | Outcome: SAFE               | Leaves:  39297 | Clr: 116.797 mm | t_trial: 11.613 s
[1408/3720] 5kitchen_open-the-kitchen-cabinet_bcc11fea_GT.json | label_only                 | Outcome: SAFE               | Leaves:  38821 | Clr: 118.555 mm | t_trial: 11.938 s

[PLANNED RESTART] Trial count 1408: Triggering planned restart 176...
[PLANNED RESTART] Terminating existing move_group process...
[PLANNED RESTART COMPLETE] New PID: 462954 | Ready in 11.469 s | Initial RSS: 168.99 MB
[1409/3720] 5kitchen_open-the-kitchen-cabinet_bcc11fea_GT.json | label_only                 | Outcome: SAFE               | Leaves:  38821 | Clr: 112.305 mm | t_trial: 12.997 s
[1410/3720] 5kitchen_open-the-kitchen-cabinet_bcc11fea_GT.json | label_only                 | Outcome: SAFE               | Leaves:  38821 | Clr: 116.016 mm | t_trial: 12.054 s
[1411/3720] 5kitchen_open-the-kitchen-cabinet_bcc11fea_GT.json | combined_inherit           | Outcome: SAFE               | Leaves:  39297 | Clr: 118.164 mm | t_trial: 12.068 s
[1412/3720] 5kitchen_open-the-kitchen-cabinet_bcc11fea_GT.json | combined_inherit           | Outcome: SAFE               | Leaves:  39297 | Clr: 115.820 mm | t_trial: 11.113 s
[1413/3720] 5kitchen_open-the-kitchen-cabinet_bcc11fea_GT.json | combined_inherit           | Outcome: SAFE               | Leaves:  39297 | Clr: 115.625 mm | t_trial: 11.575 s
[1414/3720] 5kitchen_open-the-kitchen-cabinet_bcc11fea_GT.json | information_bottleneck     | Outcome: SAFE               | Leaves:  48142 | Clr: 116.602 mm | t_trial: 11.825 s
[1415/3720] 5kitchen_open-the-kitchen-cabinet_bcc11fea_GT.json | information_bottleneck     | Outcome: SAFE               | Leaves:  48142 | Clr: 114.648 mm | t_trial: 11.583 s
[1416/3720] 5kitchen_open-the-kitchen-cabinet_bcc11fea_GT.json | information_bottleneck     | Outcome: SAFE               | Leaves:  48142 | Clr: 114.844 mm | t_trial: 11.828 s

[PLANNED RESTART] Trial count 1416: Triggering planned restart 177...
[PLANNED RESTART] Terminating existing move_group process...
[PLANNED RESTART COMPLETE] New PID: 464913 | Ready in 11.495 s | Initial RSS: 168.38 MB
[1417/3720] 5kitchen_open-the-oven_GT.json      | identity                   | Outcome: SAFE               | Leaves:  81798 | Clr: 129.688 mm | t_trial: 13.120 s
[1418/3720] 5kitchen_open-the-oven_GT.json      | identity                   | Outcome: SAFE               | Leaves:  81798 | Clr: 133.789 mm | t_trial: 11.889 s
[1419/3720] 5kitchen_open-the-oven_GT.json      | identity                   | Outcome: SAFE               | Leaves:  81798 | Clr: 131.250 mm | t_trial: 12.021 s
[1420/3720] 5kitchen_open-the-oven_GT.json      | label_radius               | Outcome: SAFE               | Leaves:   8897 | Clr: 133.594 mm | t_trial: 11.578 s
[1421/3720] 5kitchen_open-the-oven_GT.json      | label_radius               | Outcome: SAFE               | Leaves:   8897 | Clr: 130.273 mm | t_trial: 11.724 s
[1422/3720] 5kitchen_open-the-oven_GT.json      | label_radius               | Outcome: SAFE               | Leaves:   8897 | Clr: 130.078 mm | t_trial: 11.129 s
[1423/3720] 5kitchen_open-the-oven_GT.json      | combined_quantile_adaptive | Outcome: SAFE               | Leaves:   3884 | Clr: 129.883 mm | t_trial: 11.392 s
[1424/3720] 5kitchen_open-the-oven_GT.json      | combined_quantile_adaptive | Outcome: SAFE               | Leaves:   3884 | Clr: 131.250 mm | t_trial: 12.030 s

[PLANNED RESTART] Trial count 1424: Triggering planned restart 178...
[PLANNED RESTART] Terminating existing move_group process...
[PLANNED RESTART COMPLETE] New PID: 466876 | Ready in 11.476 s | Initial RSS: 168.93 MB
[1425/3720] 5kitchen_open-the-oven_GT.json      | combined_quantile_adaptive | Outcome: SAFE               | Leaves:   3884 | Clr: 130.859 mm | t_trial: 13.064 s
[1426/3720] 5kitchen_open-the-oven_GT.json      | affordance_inherit         | Outcome: SAFE               | Leaves:   3884 | Clr: 129.688 mm | t_trial: 12.226 s
[1427/3720] 5kitchen_open-the-oven_GT.json      | affordance_inherit         | Outcome: SAFE               | Leaves:   3884 | Clr: 134.375 mm | t_trial: 11.484 s
[1428/3720] 5kitchen_open-the-oven_GT.json      | affordance_inherit         | Outcome: SAFE               | Leaves:   3884 | Clr: 130.273 mm | t_trial: 11.768 s
[1429/3720] 5kitchen_open-the-oven_GT.json      | label_inherit              | Outcome: SAFE               | Leaves:   5854 | Clr: 134.375 mm | t_trial: 11.632 s
[1430/3720] 5kitchen_open-the-oven_GT.json      | label_inherit              | Outcome: SAFE               | Leaves:   5854 | Clr: 131.055 mm | t_trial: 11.730 s
[1431/3720] 5kitchen_open-the-oven_GT.json      | label_inherit              | Outcome: SAFE               | Leaves:   5854 | Clr: 128.711 mm | t_trial: 11.703 s
[1432/3720] 5kitchen_open-the-oven_GT.json      | label_only                 | Outcome: SAFE               | Leaves:   5512 | Clr: 127.734 mm | t_trial: 12.610 s

[PLANNED RESTART] Trial count 1432: Triggering planned restart 179...
[PLANNED RESTART] Terminating existing move_group process...
[PLANNED RESTART COMPLETE] New PID: 468846 | Ready in 11.470 s | Initial RSS: 168.56 MB
[1433/3720] 5kitchen_open-the-oven_GT.json      | label_only                 | Outcome: SAFE               | Leaves:   5512 | Clr: 132.031 mm | t_trial: 12.882 s
[1434/3720] 5kitchen_open-the-oven_GT.json      | label_only                 | Outcome: SAFE               | Leaves:   5512 | Clr: 132.422 mm | t_trial: 12.318 s
[1435/3720] 5kitchen_open-the-oven_GT.json      | combined_inherit           | Outcome: SAFE               | Leaves:   5854 | Clr: 131.641 mm | t_trial: 12.226 s
[1436/3720] 5kitchen_open-the-oven_GT.json      | combined_inherit           | Outcome: SAFE               | Leaves:   5854 | Clr: 132.227 mm | t_trial: 11.656 s
[1437/3720] 5kitchen_open-the-oven_GT.json      | combined_inherit           | Outcome: SAFE               | Leaves:   5854 | Clr: 127.148 mm | t_trial: 11.510 s
[1438/3720] 5kitchen_open-the-oven_GT.json      | information_bottleneck     | Outcome: SAFE               | Leaves:   5854 | Clr: 128.516 mm | t_trial: 11.699 s
[1439/3720] 5kitchen_open-the-oven_GT.json      | information_bottleneck     | Outcome: SAFE               | Leaves:   5854 | Clr: 130.469 mm | t_trial: 11.594 s
[1440/3720] 5kitchen_open-the-oven_GT.json      | information_bottleneck     | Outcome: SAFE               | Leaves:   5854 | Clr: 132.227 mm | t_trial: 12.240 s

[PLANNED RESTART] Trial count 1440: Triggering planned restart 180...
[PLANNED RESTART] Terminating existing move_group process...
[PLANNED RESTART COMPLETE] New PID: 470823 | Ready in 11.497 s | Initial RSS: 168.38 MB
[1441/3720] 5kitchen_open-the-window_GT.json    | identity                   | Outcome: SAFE               | Leaves:  81798 | Clr: 92.969 mm | t_trial: 13.563 s
[1442/3720] 5kitchen_open-the-window_GT.json    | identity                   | Outcome: SAFE               | Leaves:  81798 | Clr: 91.797 mm | t_trial: 12.200 s
[1443/3720] 5kitchen_open-the-window_GT.json    | identity                   | Outcome: SAFE               | Leaves:  81798 | Clr: 95.312 mm | t_trial: 12.226 s
[1444/3720] 5kitchen_open-the-window_GT.json    | label_radius               | Outcome: SAFE               | Leaves:  27490 | Clr: 91.406 mm | t_trial: 11.478 s
[1445/3720] 5kitchen_open-the-window_GT.json    | label_radius               | Outcome: SAFE               | Leaves:  27490 | Clr: 91.602 mm | t_trial: 11.613 s
[1446/3720] 5kitchen_open-the-window_GT.json    | label_radius               | Outcome: SAFE               | Leaves:  27490 | Clr: 93.555 mm | t_trial: 11.603 s
[1447/3720] 5kitchen_open-the-window_GT.json    | combined_quantile_adaptive | Outcome: SAFE               | Leaves:   4142 | Clr: 94.531 mm | t_trial: 11.394 s
[1448/3720] 5kitchen_open-the-window_GT.json    | combined_quantile_adaptive | Outcome: SAFE               | Leaves:   4142 | Clr: 91.992 mm | t_trial: 12.024 s

[PLANNED RESTART] Trial count 1448: Triggering planned restart 181...
[PLANNED RESTART] Terminating existing move_group process...
[PLANNED RESTART COMPLETE] New PID: 472805 | Ready in 11.467 s | Initial RSS: 168.97 MB
[1449/3720] 5kitchen_open-the-window_GT.json    | combined_quantile_adaptive | Outcome: SAFE               | Leaves:   4142 | Clr: 93.555 mm | t_trial: 12.527 s
[1450/3720] 5kitchen_open-the-window_GT.json    | affordance_inherit         | Outcome: BELIEF_PLAN_FAILED | Leaves:   3884 | Clr: N/A       | t_trial: 0.464 s
[1451/3720] 5kitchen_open-the-window_GT.json    | affordance_inherit         | Outcome: BELIEF_PLAN_FAILED | Leaves:   3884 | Clr: N/A       | t_trial: 0.054 s
[1452/3720] 5kitchen_open-the-window_GT.json    | affordance_inherit         | Outcome: BELIEF_PLAN_FAILED | Leaves:   3884 | Clr: N/A       | t_trial: 0.057 s
[1453/3720] 5kitchen_open-the-window_GT.json    | label_inherit              | Outcome: SAFE               | Leaves:  27463 | Clr: 91.211 mm | t_trial: 11.726 s
[1454/3720] 5kitchen_open-the-window_GT.json    | label_inherit              | Outcome: SAFE               | Leaves:  27463 | Clr: 93.750 mm | t_trial: 12.149 s
[1455/3720] 5kitchen_open-the-window_GT.json    | label_inherit              | Outcome: SAFE               | Leaves:  27463 | Clr: 91.211 mm | t_trial: 11.598 s
[1456/3720] 5kitchen_open-the-window_GT.json    | label_only                 | Outcome: SAFE               | Leaves:  27357 | Clr: 95.703 mm | t_trial: 11.561 s

[PLANNED RESTART] Trial count 1456: Triggering planned restart 182...
[PLANNED RESTART] Terminating existing move_group process...
[PLANNED RESTART COMPLETE] New PID: 474150 | Ready in 11.490 s | Initial RSS: 168.76 MB
[1457/3720] 5kitchen_open-the-window_GT.json    | label_only                 | Outcome: SAFE               | Leaves:  27357 | Clr: 94.336 mm | t_trial: 12.497 s
[1458/3720] 5kitchen_open-the-window_GT.json    | label_only                 | Outcome: SAFE               | Leaves:  27357 | Clr: 93.945 mm | t_trial: 12.169 s
[1459/3720] 5kitchen_open-the-window_GT.json    | combined_inherit           | Outcome: SAFE               | Leaves:  27463 | Clr: 93.750 mm | t_trial: 12.097 s
[1460/3720] 5kitchen_open-the-window_GT.json    | combined_inherit           | Outcome: SAFE               | Leaves:  27463 | Clr: 94.531 mm | t_trial: 11.567 s
[1461/3720] 5kitchen_open-the-window_GT.json    | combined_inherit           | Outcome: SAFE               | Leaves:  27463 | Clr: 91.602 mm | t_trial: 11.054 s
[1462/3720] 5kitchen_open-the-window_GT.json    | information_bottleneck     | Outcome: BELIEF_PLAN_FAILED | Leaves:      0 | Clr: N/A       | t_trial: 0.031 s
[1463/3720] 5kitchen_open-the-window_GT.json    | information_bottleneck     | Outcome: BELIEF_PLAN_FAILED | Leaves:      0 | Clr: N/A       | t_trial: 0.024 s
[1464/3720] 5kitchen_open-the-window_GT.json    | information_bottleneck     | Outcome: BELIEF_PLAN_FAILED | Leaves:      0 | Clr: N/A       | t_trial: 0.031 s

[PLANNED RESTART] Trial count 1464: Triggering planned restart 183...
[PLANNED RESTART] Terminating existing move_group process...
[PLANNED RESTART COMPLETE] New PID: 475495 | Ready in 10.965 s | Initial RSS: 167.99 MB
[1465/3720] 5kitchen_i-am-hungry_2_GT.json      | identity                   | Outcome: SAFE               | Leaves:  81798 | Clr: 131.641 mm | t_trial: 13.051 s
[1466/3720] 5kitchen_i-am-hungry_2_GT.json      | identity                   | Outcome: SAFE               | Leaves:  81798 | Clr: 133.398 mm | t_trial: 12.284 s
[1467/3720] 5kitchen_i-am-hungry_2_GT.json      | identity                   | Outcome: SAFE               | Leaves:  81798 | Clr: 129.297 mm | t_trial: 12.364 s
[1468/3720] 5kitchen_i-am-hungry_2_GT.json      | label_radius               | Outcome: SAFE               | Leaves:   3983 | Clr: 131.445 mm | t_trial: 11.543 s
[1469/3720] 5kitchen_i-am-hungry_2_GT.json      | label_radius               | Outcome: SAFE               | Leaves:   3983 | Clr: 134.766 mm | t_trial: 11.175 s
[1470/3720] 5kitchen_i-am-hungry_2_GT.json      | label_radius               | Outcome: SAFE               | Leaves:   3983 | Clr: 131.836 mm | t_trial: 11.601 s
[1471/3720] 5kitchen_i-am-hungry_2_GT.json      | combined_quantile_adaptive | Outcome: SAFE               | Leaves:   3884 | Clr: 131.250 mm | t_trial: 11.578 s
[1472/3720] 5kitchen_i-am-hungry_2_GT.json      | combined_quantile_adaptive | Outcome: SAFE               | Leaves:   3884 | Clr: 134.180 mm | t_trial: 11.596 s

[PLANNED RESTART] Trial count 1472: Triggering planned restart 184...
[PLANNED RESTART] Terminating existing move_group process...
[PLANNED RESTART COMPLETE] New PID: 477451 | Ready in 11.465 s | Initial RSS: 168.48 MB
[1473/3720] 5kitchen_i-am-hungry_2_GT.json      | combined_quantile_adaptive | Outcome: SAFE               | Leaves:   3884 | Clr: 132.227 mm | t_trial: 12.912 s
[1474/3720] 5kitchen_i-am-hungry_2_GT.json      | affordance_inherit         | Outcome: SAFE               | Leaves:    486 | Clr: 130.469 mm | t_trial: 12.444 s
[1475/3720] 5kitchen_i-am-hungry_2_GT.json      | affordance_inherit         | Outcome: SAFE               | Leaves:    486 | Clr: 128.906 mm | t_trial: 12.213 s
[1476/3720] 5kitchen_i-am-hungry_2_GT.json      | affordance_inherit         | Outcome: SAFE               | Leaves:    486 | Clr: 131.250 mm | t_trial: 11.697 s
[1477/3720] 5kitchen_i-am-hungry_2_GT.json      | label_inherit              | Outcome: SAFE               | Leaves:   3884 | Clr: 128.711 mm | t_trial: 11.228 s
[1478/3720] 5kitchen_i-am-hungry_2_GT.json      | label_inherit              | Outcome: SAFE               | Leaves:   3884 | Clr: 134.570 mm | t_trial: 11.776 s
[1479/3720] 5kitchen_i-am-hungry_2_GT.json      | label_inherit              | Outcome: SAFE               | Leaves:   3884 | Clr: 134.375 mm | t_trial: 11.582 s
[1480/3720] 5kitchen_i-am-hungry_2_GT.json      | label_only                 | Outcome: SAFE               | Leaves:   3568 | Clr: 130.664 mm | t_trial: 11.921 s

[PLANNED RESTART] Trial count 1480: Triggering planned restart 185...
[PLANNED RESTART] Terminating existing move_group process...
[PLANNED RESTART COMPLETE] New PID: 479425 | Ready in 11.474 s | Initial RSS: 168.43 MB
[1481/3720] 5kitchen_i-am-hungry_2_GT.json      | label_only                 | Outcome: SAFE               | Leaves:   3568 | Clr: 128.906 mm | t_trial: 12.983 s
[1482/3720] 5kitchen_i-am-hungry_2_GT.json      | label_only                 | Outcome: SAFE               | Leaves:   3568 | Clr: 131.055 mm | t_trial: 12.247 s
[1483/3720] 5kitchen_i-am-hungry_2_GT.json      | combined_inherit           | Outcome: SAFE               | Leaves:   3884 | Clr: 129.688 mm | t_trial: 12.124 s
[1484/3720] 5kitchen_i-am-hungry_2_GT.json      | combined_inherit           | Outcome: SAFE               | Leaves:   3884 | Clr: 134.180 mm | t_trial: 11.662 s
[1485/3720] 5kitchen_i-am-hungry_2_GT.json      | combined_inherit           | Outcome: SAFE               | Leaves:   3884 | Clr: 128.711 mm | t_trial: 11.587 s
[1486/3720] 5kitchen_i-am-hungry_2_GT.json      | information_bottleneck     | Outcome: SAFE               | Leaves:  36366 | Clr: 132.422 mm | t_trial: 11.878 s
[1487/3720] 5kitchen_i-am-hungry_2_GT.json      | information_bottleneck     | Outcome: SAFE               | Leaves:  36366 | Clr: 131.250 mm | t_trial: 11.252 s
[1488/3720] 5kitchen_i-am-hungry_2_GT.json      | information_bottleneck     | Outcome: SAFE               | Leaves:  36366 | Clr: 131.641 mm | t_trial: 12.431 s

[PLANNED RESTART] Trial count 1488: Triggering planned restart 186...
[PLANNED RESTART] Terminating existing move_group process...
[PLANNED RESTART COMPLETE] New PID: 481412 | Ready in 11.494 s | Initial RSS: 168.14 MB
[1489/3720] 5kitchen_i-am-hungry_3_GT.json      | identity                   | Outcome: SAFE               | Leaves:  81798 | Clr: 130.859 mm | t_trial: 13.078 s
[1490/3720] 5kitchen_i-am-hungry_3_GT.json      | identity                   | Outcome: SAFE               | Leaves:  81798 | Clr: 131.445 mm | t_trial: 12.453 s
[1491/3720] 5kitchen_i-am-hungry_3_GT.json      | identity                   | Outcome: SAFE               | Leaves:  81798 | Clr: 131.836 mm | t_trial: 12.399 s
[1492/3720] 5kitchen_i-am-hungry_3_GT.json      | label_radius               | Outcome: SAFE               | Leaves:   3983 | Clr: 131.445 mm | t_trial: 11.179 s
[1493/3720] 5kitchen_i-am-hungry_3_GT.json      | label_radius               | Outcome: SAFE               | Leaves:   3983 | Clr: 131.445 mm | t_trial: 11.177 s
[1494/3720] 5kitchen_i-am-hungry_3_GT.json      | label_radius               | Outcome: SAFE               | Leaves:   3983 | Clr: 129.102 mm | t_trial: 11.744 s
[1495/3720] 5kitchen_i-am-hungry_3_GT.json      | combined_quantile_adaptive | Outcome: SAFE               | Leaves:   3884 | Clr: 131.250 mm | t_trial: 11.550 s
[1496/3720] 5kitchen_i-am-hungry_3_GT.json      | combined_quantile_adaptive | Outcome: SAFE               | Leaves:   3884 | Clr: 131.445 mm | t_trial: 12.309 s

[PLANNED RESTART] Trial count 1496: Triggering planned restart 187...
[PLANNED RESTART] Terminating existing move_group process...
[PLANNED RESTART COMPLETE] New PID: 483392 | Ready in 11.452 s | Initial RSS: 168.91 MB
[1497/3720] 5kitchen_i-am-hungry_3_GT.json      | combined_quantile_adaptive | Outcome: SAFE               | Leaves:   3884 | Clr: 135.352 mm | t_trial: 13.087 s
[1498/3720] 5kitchen_i-am-hungry_3_GT.json      | affordance_inherit         | Outcome: SAFE               | Leaves:    486 | Clr: 130.859 mm | t_trial: 12.154 s
[1499/3720] 5kitchen_i-am-hungry_3_GT.json      | affordance_inherit         | Outcome: SAFE               | Leaves:    486 | Clr: 133.984 mm | t_trial: 12.165 s
[1500/3720] 5kitchen_i-am-hungry_3_GT.json      | affordance_inherit         | Outcome: SAFE               | Leaves:    486 | Clr: 129.688 mm | t_trial: 11.666 s
[1501/3720] 5kitchen_i-am-hungry_3_GT.json      | label_inherit              | Outcome: SAFE               | Leaves:   3884 | Clr: 131.836 mm | t_trial: 11.627 s
[1502/3720] 5kitchen_i-am-hungry_3_GT.json      | label_inherit              | Outcome: SAFE               | Leaves:   3884 | Clr: 129.883 mm | t_trial: 11.877 s
[1503/3720] 5kitchen_i-am-hungry_3_GT.json      | label_inherit              | Outcome: SAFE               | Leaves:   3884 | Clr: 132.227 mm | t_trial: 12.341 s
[1504/3720] 5kitchen_i-am-hungry_3_GT.json      | label_only                 | Outcome: SAFE               | Leaves:   3568 | Clr: 132.422 mm | t_trial: 11.958 s

[PLANNED RESTART] Trial count 1504: Triggering planned restart 188...
[PLANNED RESTART] Terminating existing move_group process...
[PLANNED RESTART COMPLETE] New PID: 485344 | Ready in 11.470 s | Initial RSS: 168.27 MB
[1505/3720] 5kitchen_i-am-hungry_3_GT.json      | label_only                 | Outcome: SAFE               | Leaves:   3568 | Clr: 130.469 mm | t_trial: 12.574 s
[1506/3720] 5kitchen_i-am-hungry_3_GT.json      | label_only                 | Outcome: SAFE               | Leaves:   3568 | Clr: 130.859 mm | t_trial: 12.652 s
[1507/3720] 5kitchen_i-am-hungry_3_GT.json      | combined_inherit           | Outcome: SAFE               | Leaves:   3884 | Clr: 129.883 mm | t_trial: 12.101 s
[1508/3720] 5kitchen_i-am-hungry_3_GT.json      | combined_inherit           | Outcome: SAFE               | Leaves:   3884 | Clr: 135.352 mm | t_trial: 11.782 s
[1509/3720] 5kitchen_i-am-hungry_3_GT.json      | combined_inherit           | Outcome: SAFE               | Leaves:   3884 | Clr: 135.156 mm | t_trial: 11.619 s
[1510/3720] 5kitchen_i-am-hungry_3_GT.json      | information_bottleneck     | Outcome: SAFE               | Leaves:  36366 | Clr: 131.055 mm | t_trial: 11.864 s
[1511/3720] 5kitchen_i-am-hungry_3_GT.json      | information_bottleneck     | Outcome: SAFE               | Leaves:  36366 | Clr: 133.203 mm | t_trial: 12.188 s
[1512/3720] 5kitchen_i-am-hungry_3_GT.json      | information_bottleneck     | Outcome: SAFE               | Leaves:  36366 | Clr: 132.617 mm | t_trial: 12.099 s

[PLANNED RESTART] Trial count 1512: Triggering planned restart 189...
[PLANNED RESTART] Terminating existing move_group process...
[PLANNED RESTART COMPLETE] New PID: 487358 | Ready in 11.493 s | Initial RSS: 168.96 MB
[1513/3720] 5kitchen_i-am-hungry_552ff359_GT.json | identity                   | Outcome: SAFE               | Leaves:  81798 | Clr: 144.727 mm | t_trial: 13.470 s
[1514/3720] 5kitchen_i-am-hungry_552ff359_GT.json | identity                   | Outcome: SAFE               | Leaves:  81798 | Clr: 146.289 mm | t_trial: 12.415 s
[1515/3720] 5kitchen_i-am-hungry_552ff359_GT.json | identity                   | Outcome: SAFE               | Leaves:  81798 | Clr: 142.578 mm | t_trial: 12.640 s
[1516/3720] 5kitchen_i-am-hungry_552ff359_GT.json | label_radius               | Outcome: SAFE               | Leaves:   3983 | Clr: 145.117 mm | t_trial: 11.695 s
[1517/3720] 5kitchen_i-am-hungry_552ff359_GT.json | label_radius               | Outcome: SAFE               | Leaves:   3983 | Clr: 146.680 mm | t_trial: 11.379 s
[1518/3720] 5kitchen_i-am-hungry_552ff359_GT.json | label_radius               | Outcome: SAFE               | Leaves:   3983 | Clr: 145.703 mm | t_trial: 11.841 s
[1519/3720] 5kitchen_i-am-hungry_552ff359_GT.json | combined_quantile_adaptive | Outcome: SAFE               | Leaves:   3884 | Clr: 147.266 mm | t_trial: 11.631 s
[1520/3720] 5kitchen_i-am-hungry_552ff359_GT.json | combined_quantile_adaptive | Outcome: SAFE               | Leaves:   3884 | Clr: 147.266 mm | t_trial: 11.526 s

[PLANNED RESTART] Trial count 1520: Triggering planned restart 190...
[PLANNED RESTART] Terminating existing move_group process...
[PLANNED RESTART COMPLETE] New PID: 489352 | Ready in 11.472 s | Initial RSS: 168.36 MB
[1521/3720] 5kitchen_i-am-hungry_552ff359_GT.json | combined_quantile_adaptive | Outcome: SAFE               | Leaves:   3884 | Clr: 147.070 mm | t_trial: 13.204 s
[1522/3720] 5kitchen_i-am-hungry_552ff359_GT.json | affordance_inherit         | Outcome: SAFE               | Leaves:    486 | Clr: 143.945 mm | t_trial: 12.837 s
[1523/3720] 5kitchen_i-am-hungry_552ff359_GT.json | affordance_inherit         | Outcome: SAFE               | Leaves:    486 | Clr: 146.680 mm | t_trial: 12.440 s
[1524/3720] 5kitchen_i-am-hungry_552ff359_GT.json | affordance_inherit         | Outcome: SAFE               | Leaves:    486 | Clr: 143.164 mm | t_trial: 11.926 s
[1525/3720] 5kitchen_i-am-hungry_552ff359_GT.json | label_inherit              | Outcome: SAFE               | Leaves:   3884 | Clr: 146.484 mm | t_trial: 11.854 s
[1526/3720] 5kitchen_i-am-hungry_552ff359_GT.json | label_inherit              | Outcome: SAFE               | Leaves:   3884 | Clr: 143.555 mm | t_trial: 11.840 s
[1527/3720] 5kitchen_i-am-hungry_552ff359_GT.json | label_inherit              | Outcome: SAFE               | Leaves:   3884 | Clr: 146.289 mm | t_trial: 11.338 s
[1528/3720] 5kitchen_i-am-hungry_552ff359_GT.json | label_only                 | Outcome: SAFE               | Leaves:   3568 | Clr: 146.875 mm | t_trial: 12.487 s

[PLANNED RESTART] Trial count 1528: Triggering planned restart 191...
[PLANNED RESTART] Terminating existing move_group process...
[PLANNED RESTART COMPLETE] New PID: 491370 | Ready in 11.495 s | Initial RSS: 168.39 MB
[1529/3720] 5kitchen_i-am-hungry_552ff359_GT.json | label_only                 | Outcome: SAFE               | Leaves:   3568 | Clr: 144.727 mm | t_trial: 12.902 s
[1530/3720] 5kitchen_i-am-hungry_552ff359_GT.json | label_only                 | Outcome: SAFE               | Leaves:   3568 | Clr: 143.555 mm | t_trial: 12.445 s
[1531/3720] 5kitchen_i-am-hungry_552ff359_GT.json | combined_inherit           | Outcome: SAFE               | Leaves:   3884 | Clr: 146.680 mm | t_trial: 12.373 s
[1532/3720] 5kitchen_i-am-hungry_552ff359_GT.json | combined_inherit           | Outcome: SAFE               | Leaves:   3884 | Clr: 145.312 mm | t_trial: 11.314 s
[1533/3720] 5kitchen_i-am-hungry_552ff359_GT.json | combined_inherit           | Outcome: SAFE               | Leaves:   3884 | Clr: 147.852 mm | t_trial: 11.852 s
[1534/3720] 5kitchen_i-am-hungry_552ff359_GT.json | information_bottleneck     | Outcome: SAFE               | Leaves:  36366 | Clr: 146.094 mm | t_trial: 11.549 s
[1535/3720] 5kitchen_i-am-hungry_552ff359_GT.json | information_bottleneck     | Outcome: SAFE               | Leaves:  36366 | Clr: 143.359 mm | t_trial: 11.840 s
[1536/3720] 5kitchen_i-am-hungry_552ff359_GT.json | information_bottleneck     | Outcome: SAFE               | Leaves:  36366 | Clr: 146.094 mm | t_trial: 12.292 s

[PLANNED RESTART] Trial count 1536: Triggering planned restart 192...
[PLANNED RESTART] Terminating existing move_group process...
[PLANNED RESTART COMPLETE] New PID: 493351 | Ready in 11.478 s | Initial RSS: 168.21 MB
[1537/3720] 5kitchen_i-am-hungry_bcc11fea_GT.json | identity                   | Outcome: SAFE               | Leaves:  81798 | Clr: 115.430 mm | t_trial: 13.535 s
[1538/3720] 5kitchen_i-am-hungry_bcc11fea_GT.json | identity                   | Outcome: SAFE               | Leaves:  81798 | Clr: 118.555 mm | t_trial: 12.440 s
[1539/3720] 5kitchen_i-am-hungry_bcc11fea_GT.json | identity                   | Outcome: SAFE               | Leaves:  81798 | Clr: 110.742 mm | t_trial: 11.809 s
[1540/3720] 5kitchen_i-am-hungry_bcc11fea_GT.json | label_radius               | Outcome: SAFE               | Leaves:   3983 | Clr: 118.750 mm | t_trial: 11.442 s
[1541/3720] 5kitchen_i-am-hungry_bcc11fea_GT.json | label_radius               | Outcome: SAFE               | Leaves:   3983 | Clr: 114.063 mm | t_trial: 11.546 s
[1542/3720] 5kitchen_i-am-hungry_bcc11fea_GT.json | label_radius               | Outcome: SAFE               | Leaves:   3983 | Clr: 116.602 mm | t_trial: 11.486 s
[1543/3720] 5kitchen_i-am-hungry_bcc11fea_GT.json | combined_quantile_adaptive | Outcome: SAFE               | Leaves:   3884 | Clr: 118.945 mm | t_trial: 11.461 s
[1544/3720] 5kitchen_i-am-hungry_bcc11fea_GT.json | combined_quantile_adaptive | Outcome: SAFE               | Leaves:   3884 | Clr: 116.602 mm | t_trial: 12.444 s

[PLANNED RESTART] Trial count 1544: Triggering planned restart 193...
[PLANNED RESTART] Terminating existing move_group process...
[PLANNED RESTART COMPLETE] New PID: 495303 | Ready in 11.468 s | Initial RSS: 168.32 MB
[1545/3720] 5kitchen_i-am-hungry_bcc11fea_GT.json | combined_quantile_adaptive | Outcome: SAFE               | Leaves:   3884 | Clr: 119.922 mm | t_trial: 12.809 s
[1546/3720] 5kitchen_i-am-hungry_bcc11fea_GT.json | affordance_inherit         | Outcome: SAFE               | Leaves:    486 | Clr: 115.430 mm | t_trial: 12.032 s
[1547/3720] 5kitchen_i-am-hungry_bcc11fea_GT.json | affordance_inherit         | Outcome: SAFE               | Leaves:    486 | Clr: 115.820 mm | t_trial: 12.078 s
[1548/3720] 5kitchen_i-am-hungry_bcc11fea_GT.json | affordance_inherit         | Outcome: SAFE               | Leaves:    486 | Clr: 119.531 mm | t_trial: 11.143 s
[1549/3720] 5kitchen_i-am-hungry_bcc11fea_GT.json | label_inherit              | Outcome: SAFE               | Leaves:   3884 | Clr: 119.727 mm | t_trial: 11.569 s
[1550/3720] 5kitchen_i-am-hungry_bcc11fea_GT.json | label_inherit              | Outcome: SAFE               | Leaves:   3884 | Clr: 120.312 mm | t_trial: 11.116 s
[1551/3720] 5kitchen_i-am-hungry_bcc11fea_GT.json | label_inherit              | Outcome: SAFE               | Leaves:   3884 | Clr: 116.992 mm | t_trial: 11.031 s
[1552/3720] 5kitchen_i-am-hungry_bcc11fea_GT.json | label_only                 | Outcome: SAFE               | Leaves:   3568 | Clr: 112.500 mm | t_trial: 11.623 s

[PLANNED RESTART] Trial count 1552: Triggering planned restart 194...
[PLANNED RESTART] Terminating existing move_group process...
[PLANNED RESTART COMPLETE] New PID: 497240 | Ready in 11.480 s | Initial RSS: 168.69 MB
[1553/3720] 5kitchen_i-am-hungry_bcc11fea_GT.json | label_only                 | Outcome: SAFE               | Leaves:   3568 | Clr: 115.039 mm | t_trial: 12.865 s
[1554/3720] 5kitchen_i-am-hungry_bcc11fea_GT.json | label_only                 | Outcome: SAFE               | Leaves:   3568 | Clr: 119.141 mm | t_trial: 12.269 s
[1555/3720] 5kitchen_i-am-hungry_bcc11fea_GT.json | combined_inherit           | Outcome: SAFE               | Leaves:   3884 | Clr: 111.523 mm | t_trial: 12.020 s
[1556/3720] 5kitchen_i-am-hungry_bcc11fea_GT.json | combined_inherit           | Outcome: SAFE               | Leaves:   3884 | Clr: 118.164 mm | t_trial: 11.558 s
[1557/3720] 5kitchen_i-am-hungry_bcc11fea_GT.json | combined_inherit           | Outcome: SAFE               | Leaves:   3884 | Clr: 115.234 mm | t_trial: 11.472 s
[1558/3720] 5kitchen_i-am-hungry_bcc11fea_GT.json | information_bottleneck     | Outcome: SAFE               | Leaves:  36366 | Clr: 118.359 mm | t_trial: 11.771 s
[1559/3720] 5kitchen_i-am-hungry_bcc11fea_GT.json | information_bottleneck     | Outcome: SAFE               | Leaves:  36366 | Clr: 118.164 mm | t_trial: 11.054 s
[1560/3720] 5kitchen_i-am-hungry_bcc11fea_GT.json | information_bottleneck     | Outcome: SAFE               | Leaves:  36366 | Clr: 119.727 mm | t_trial: 12.092 s

[PLANNED RESTART] Trial count 1560: Triggering planned restart 195...
[PLANNED RESTART] Terminating existing move_group process...
[PLANNED RESTART COMPLETE] New PID: 499217 | Ready in 11.452 s | Initial RSS: 168.21 MB
[1561/3720] 5kitchen_someone-is-knocking-at-the-door_GT.json | identity                   | Outcome: SAFE               | Leaves:  81798 | Clr: 108.594 mm | t_trial: 13.506 s
[1562/3720] 5kitchen_someone-is-knocking-at-the-door_GT.json | identity                   | Outcome: SAFE               | Leaves:  81798 | Clr: 108.984 mm | t_trial: 12.297 s
[1563/3720] 5kitchen_someone-is-knocking-at-the-door_GT.json | identity                   | Outcome: SAFE               | Leaves:  81798 | Clr: 107.422 mm | t_trial: 11.952 s
[1564/3720] 5kitchen_someone-is-knocking-at-the-door_GT.json | label_radius               | Outcome: SAFE               | Leaves:  23321 | Clr: 107.617 mm | t_trial: 11.849 s
[1565/3720] 5kitchen_someone-is-knocking-at-the-door_GT.json | label_radius               | Outcome: SAFE               | Leaves:  23321 | Clr: 107.812 mm | t_trial: 11.308 s
[1566/3720] 5kitchen_someone-is-knocking-at-the-door_GT.json | label_radius               | Outcome: SAFE               | Leaves:  23321 | Clr: 107.617 mm | t_trial: 11.424 s
[1567/3720] 5kitchen_someone-is-knocking-at-the-door_GT.json | combined_quantile_adaptive | Outcome: SAFE               | Leaves:  23321 | Clr: 104.883 mm | t_trial: 11.753 s
[1568/3720] 5kitchen_someone-is-knocking-at-the-door_GT.json | combined_quantile_adaptive | Outcome: SAFE               | Leaves:  23321 | Clr: 107.031 mm | t_trial: 11.690 s

[PLANNED RESTART] Trial count 1568: Triggering planned restart 196...
[PLANNED RESTART] Terminating existing move_group process...
[PLANNED RESTART COMPLETE] New PID: 501186 | Ready in 11.500 s | Initial RSS: 168.57 MB
[1569/3720] 5kitchen_someone-is-knocking-at-the-door_GT.json | combined_quantile_adaptive | Outcome: SAFE               | Leaves:  23321 | Clr: 106.055 mm | t_trial: 12.634 s
[1570/3720] 5kitchen_someone-is-knocking-at-the-door_GT.json | affordance_inherit         | Outcome: SAFE               | Leaves:   3884 | Clr: 107.227 mm | t_trial: 12.786 s
[1571/3720] 5kitchen_someone-is-knocking-at-the-door_GT.json | affordance_inherit         | Outcome: SAFE               | Leaves:   3884 | Clr: 108.398 mm | t_trial: 12.318 s
[1572/3720] 5kitchen_someone-is-knocking-at-the-door_GT.json | affordance_inherit         | Outcome: SAFE               | Leaves:   3884 | Clr: 107.422 mm | t_trial: 11.179 s
[1573/3720] 5kitchen_someone-is-knocking-at-the-door_GT.json | label_inherit              | Outcome: SAFE               | Leaves:  23321 | Clr: 106.641 mm | t_trial: 11.801 s
[1574/3720] 5kitchen_someone-is-knocking-at-the-door_GT.json | label_inherit              | Outcome: SAFE               | Leaves:  23321 | Clr: 108.008 mm | t_trial: 11.391 s
[1575/3720] 5kitchen_someone-is-knocking-at-the-door_GT.json | label_inherit              | Outcome: SAFE               | Leaves:  23321 | Clr: 105.469 mm | t_trial: 11.250 s
[1576/3720] 5kitchen_someone-is-knocking-at-the-door_GT.json | label_only                 | Outcome: SAFE               | Leaves:  23294 | Clr: 108.594 mm | t_trial: 12.693 s

[PLANNED RESTART] Trial count 1576: Triggering planned restart 197...
[PLANNED RESTART] Terminating existing move_group process...
[PLANNED RESTART COMPLETE] New PID: 503179 | Ready in 11.472 s | Initial RSS: 168.68 MB
[1577/3720] 5kitchen_someone-is-knocking-at-the-door_GT.json | label_only                 | Outcome: SAFE               | Leaves:  23294 | Clr: 105.078 mm | t_trial: 13.328 s
[1578/3720] 5kitchen_someone-is-knocking-at-the-door_GT.json | label_only                 | Outcome: SAFE               | Leaves:  23294 | Clr: 108.789 mm | t_trial: 12.309 s
[1579/3720] 5kitchen_someone-is-knocking-at-the-door_GT.json | combined_inherit           | Outcome: SAFE               | Leaves:  23321 | Clr: 108.203 mm | t_trial: 11.835 s
[1580/3720] 5kitchen_someone-is-knocking-at-the-door_GT.json | combined_inherit           | Outcome: SAFE               | Leaves:  23321 | Clr: 109.961 mm | t_trial: 11.911 s
[1581/3720] 5kitchen_someone-is-knocking-at-the-door_GT.json | combined_inherit           | Outcome: SAFE               | Leaves:  23321 | Clr: 108.789 mm | t_trial: 11.714 s
[1582/3720] 5kitchen_someone-is-knocking-at-the-door_GT.json | information_bottleneck     | Outcome: SAFE               | Leaves:  23321 | Clr: 107.227 mm | t_trial: 11.973 s
[1583/3720] 5kitchen_someone-is-knocking-at-the-door_GT.json | information_bottleneck     | Outcome: SAFE               | Leaves:  23321 | Clr: 108.594 mm | t_trial: 12.212 s
[1584/3720] 5kitchen_someone-is-knocking-at-the-door_GT.json | information_bottleneck     | Outcome: SAFE               | Leaves:  23321 | Clr: 108.594 mm | t_trial: 11.779 s

[PLANNED RESTART] Trial count 1584: Triggering planned restart 198...
[PLANNED RESTART] Terminating existing move_group process...
[PLANNED RESTART COMPLETE] New PID: 505150 | Ready in 11.473 s | Initial RSS: 168.66 MB
[1585/3720] 5kitchen_there-is-smoke-in-the-room_GT.json | identity                   | Outcome: SAFE               | Leaves:  81798 | Clr: 93.750 mm | t_trial: 13.457 s
[1586/3720] 5kitchen_there-is-smoke-in-the-room_GT.json | identity                   | Outcome: SAFE               | Leaves:  81798 | Clr: 93.359 mm | t_trial: 12.535 s
[1587/3720] 5kitchen_there-is-smoke-in-the-room_GT.json | identity                   | Outcome: SAFE               | Leaves:  81798 | Clr: 89.844 mm | t_trial: 11.710 s
[1588/3720] 5kitchen_there-is-smoke-in-the-room_GT.json | label_radius               | Outcome: SAFE               | Leaves:   4169 | Clr: 93.164 mm | t_trial: 11.452 s
[1589/3720] 5kitchen_there-is-smoke-in-the-room_GT.json | label_radius               | Outcome: SAFE               | Leaves:   4169 | Clr: 94.531 mm | t_trial: 11.545 s
[1590/3720] 5kitchen_there-is-smoke-in-the-room_GT.json | label_radius               | Outcome: SAFE               | Leaves:   4169 | Clr: 92.578 mm | t_trial: 11.424 s
[1591/3720] 5kitchen_there-is-smoke-in-the-room_GT.json | combined_quantile_adaptive | Outcome: SAFE               | Leaves:  12989 | Clr: 95.312 mm | t_trial: 11.483 s
[1592/3720] 5kitchen_there-is-smoke-in-the-room_GT.json | combined_quantile_adaptive | Outcome: SAFE               | Leaves:  12989 | Clr: 94.141 mm | t_trial: 11.940 s

[PLANNED RESTART] Trial count 1592: Triggering planned restart 199...
[PLANNED RESTART] Terminating existing move_group process...
[PLANNED RESTART COMPLETE] New PID: 507115 | Ready in 11.477 s | Initial RSS: 168.22 MB
[1593/3720] 5kitchen_there-is-smoke-in-the-room_GT.json | combined_quantile_adaptive | Outcome: SAFE               | Leaves:  12989 | Clr: 91.016 mm | t_trial: 12.755 s
[1594/3720] 5kitchen_there-is-smoke-in-the-room_GT.json | affordance_inherit         | Outcome: SAFE               | Leaves:   3884 | Clr: 91.016 mm | t_trial: 11.559 s
[1595/3720] 5kitchen_there-is-smoke-in-the-room_GT.json | affordance_inherit         | Outcome: SAFE               | Leaves:   3884 | Clr: 92.969 mm | t_trial: 12.017 s
[1596/3720] 5kitchen_there-is-smoke-in-the-room_GT.json | affordance_inherit         | Outcome: SAFE               | Leaves:   3884 | Clr: 90.430 mm | t_trial: 11.505 s
[1597/3720] 5kitchen_there-is-smoke-in-the-room_GT.json | label_inherit              | Outcome: SAFE               | Leaves:   4142 | Clr: 91.992 mm | t_trial: 11.479 s
[1598/3720] 5kitchen_there-is-smoke-in-the-room_GT.json | label_inherit              | Outcome: SAFE               | Leaves:   4142 | Clr: 92.773 mm | t_trial: 11.640 s
[1599/3720] 5kitchen_there-is-smoke-in-the-room_GT.json | label_inherit              | Outcome: SAFE               | Leaves:   4142 | Clr: 92.969 mm | t_trial: 11.721 s
[1600/3720] 5kitchen_there-is-smoke-in-the-room_GT.json | label_only                 | Outcome: SAFE               | Leaves:   4063 | Clr: 92.383 mm | t_trial: 11.373 s

[PLANNED RESTART] Trial count 1600: Triggering planned restart 200...
[PLANNED RESTART] Terminating existing move_group process...
[PLANNED RESTART COMPLETE] New PID: 509066 | Ready in 12.095 s | Initial RSS: 168.37 MB
[1601/3720] 5kitchen_there-is-smoke-in-the-room_GT.json | label_only                 | Outcome: SAFE               | Leaves:   4063 | Clr: 94.531 mm | t_trial: 12.853 s
[1602/3720] 5kitchen_there-is-smoke-in-the-room_GT.json | label_only                 | Outcome: SAFE               | Leaves:   4063 | Clr: 93.555 mm | t_trial: 12.203 s
[1603/3720] 5kitchen_there-is-smoke-in-the-room_GT.json | combined_inherit           | Outcome: SAFE               | Leaves:   4142 | Clr: 92.188 mm | t_trial: 11.951 s
[1604/3720] 5kitchen_there-is-smoke-in-the-room_GT.json | combined_inherit           | Outcome: SAFE               | Leaves:   4142 | Clr: 90.430 mm | t_trial: 11.514 s
[1605/3720] 5kitchen_there-is-smoke-in-the-room_GT.json | combined_inherit           | Outcome: SAFE               | Leaves:   4142 | Clr: 90.820 mm | t_trial: 11.036 s
[1606/3720] 5kitchen_there-is-smoke-in-the-room_GT.json | information_bottleneck     | Outcome: SAFE               | Leaves:  12829 | Clr: 92.969 mm | t_trial: 11.614 s
[1607/3720] 5kitchen_there-is-smoke-in-the-room_GT.json | information_bottleneck     | Outcome: SAFE               | Leaves:  12829 | Clr: 93.359 mm | t_trial: 11.442 s
[1608/3720] 5kitchen_there-is-smoke-in-the-room_GT.json | information_bottleneck     | Outcome: SAFE               | Leaves:  12829 | Clr: 92.773 mm | t_trial: 11.604 s

[PLANNED RESTART] Trial count 1608: Triggering planned restart 201...
[PLANNED RESTART] Terminating existing move_group process...
[PLANNED RESTART COMPLETE] New PID: 511037 | Ready in 11.501 s | Initial RSS: 168.20 MB
[1609/3720] 6kitchen_adjust-the-radiator-temperature_GT.json | identity                   | Outcome: SAFE               | Leaves:  94017 | Clr: 155.859 mm | t_trial: 13.638 s
[1610/3720] 6kitchen_adjust-the-radiator-temperature_GT.json | identity                   | Outcome: SAFE               | Leaves:  94017 | Clr: 155.859 mm | t_trial: 12.436 s
[1611/3720] 6kitchen_adjust-the-radiator-temperature_GT.json | identity                   | Outcome: SAFE               | Leaves:  94017 | Clr: 155.859 mm | t_trial: 12.480 s
[1612/3720] 6kitchen_adjust-the-radiator-temperature_GT.json | label_radius               | Outcome: SAFE               | Leaves:   2945 | Clr: 155.859 mm | t_trial: 11.259 s
[1613/3720] 6kitchen_adjust-the-radiator-temperature_GT.json | label_radius               | Outcome: SAFE               | Leaves:   2945 | Clr: 155.859 mm | t_trial: 11.751 s
[1614/3720] 6kitchen_adjust-the-radiator-temperature_GT.json | label_radius               | Outcome: SAFE               | Leaves:   2945 | Clr: 155.859 mm | t_trial: 11.670 s
[1615/3720] 6kitchen_adjust-the-radiator-temperature_GT.json | combined_quantile_adaptive | Outcome: SAFE               | Leaves:   1751 | Clr: 155.859 mm | t_trial: 11.162 s
[1616/3720] 6kitchen_adjust-the-radiator-temperature_GT.json | combined_quantile_adaptive | Outcome: SAFE               | Leaves:   1751 | Clr: 155.859 mm | t_trial: 12.122 s

[PLANNED RESTART] Trial count 1616: Triggering planned restart 202...
[PLANNED RESTART] Terminating existing move_group process...
[PLANNED RESTART COMPLETE] New PID: 513014 | Ready in 11.478 s | Initial RSS: 168.91 MB
[1617/3720] 6kitchen_adjust-the-radiator-temperature_GT.json | combined_quantile_adaptive | Outcome: SAFE               | Leaves:   1751 | Clr: 155.859 mm | t_trial: 12.944 s
[1618/3720] 6kitchen_adjust-the-radiator-temperature_GT.json | affordance_inherit         | Outcome: SAFE               | Leaves:   6463 | Clr: 155.859 mm | t_trial: 12.834 s
[1619/3720] 6kitchen_adjust-the-radiator-temperature_GT.json | affordance_inherit         | Outcome: SAFE               | Leaves:   6463 | Clr: 155.859 mm | t_trial: 12.184 s
[1620/3720] 6kitchen_adjust-the-radiator-temperature_GT.json | affordance_inherit         | Outcome: SAFE               | Leaves:   6463 | Clr: 155.859 mm | t_trial: 11.778 s
[1621/3720] 6kitchen_adjust-the-radiator-temperature_GT.json | label_inherit              | Outcome: SAFE               | Leaves:   1751 | Clr: 155.859 mm | t_trial: 11.302 s
[1622/3720] 6kitchen_adjust-the-radiator-temperature_GT.json | label_inherit              | Outcome: SAFE               | Leaves:   1751 | Clr: 155.859 mm | t_trial: 11.381 s
[1623/3720] 6kitchen_adjust-the-radiator-temperature_GT.json | label_inherit              | Outcome: SAFE               | Leaves:   1751 | Clr: 155.859 mm | t_trial: 11.144 s
[1624/3720] 6kitchen_adjust-the-radiator-temperature_GT.json | label_only                 | Outcome: SAFE               | Leaves:   1681 | Clr: 155.859 mm | t_trial: 11.911 s

[PLANNED RESTART] Trial count 1624: Triggering planned restart 203...
[PLANNED RESTART] Terminating existing move_group process...
[PLANNED RESTART COMPLETE] New PID: 514970 | Ready in 11.641 s | Initial RSS: 168.39 MB
[1625/3720] 6kitchen_adjust-the-radiator-temperature_GT.json | label_only                 | Outcome: SAFE               | Leaves:   1681 | Clr: 155.859 mm | t_trial: 12.611 s
[1626/3720] 6kitchen_adjust-the-radiator-temperature_GT.json | label_only                 | Outcome: SAFE               | Leaves:   1681 | Clr: 155.859 mm | t_trial: 12.369 s
[1627/3720] 6kitchen_adjust-the-radiator-temperature_GT.json | combined_inherit           | Outcome: SAFE               | Leaves:   6463 | Clr: 155.859 mm | t_trial: 12.203 s
[1628/3720] 6kitchen_adjust-the-radiator-temperature_GT.json | combined_inherit           | Outcome: SAFE               | Leaves:   6463 | Clr: 155.859 mm | t_trial: 11.748 s
[1629/3720] 6kitchen_adjust-the-radiator-temperature_GT.json | combined_inherit           | Outcome: SAFE               | Leaves:   6463 | Clr: 155.859 mm | t_trial: 11.299 s
[1630/3720] 6kitchen_adjust-the-radiator-temperature_GT.json | information_bottleneck     | Outcome: SAFE               | Leaves:   1751 | Clr: 155.859 mm | t_trial: 11.236 s
[1631/3720] 6kitchen_adjust-the-radiator-temperature_GT.json | information_bottleneck     | Outcome: SAFE               | Leaves:   1751 | Clr: 155.859 mm | t_trial: 11.572 s
[1632/3720] 6kitchen_adjust-the-radiator-temperature_GT.json | information_bottleneck     | Outcome: SAFE               | Leaves:   1751 | Clr: 155.859 mm | t_trial: 11.782 s

[PLANNED RESTART] Trial count 1632: Triggering planned restart 204...
[PLANNED RESTART] Terminating existing move_group process...
[PLANNED RESTART COMPLETE] New PID: 516928 | Ready in 11.476 s | Initial RSS: 168.48 MB
[1633/3720] 6kitchen_open-the-cabinet_GT.json   | identity                   | Outcome: SAFE               | Leaves:  94017 | Clr: 161.914 mm | t_trial: 13.461 s
[1634/3720] 6kitchen_open-the-cabinet_GT.json   | identity                   | Outcome: SAFE               | Leaves:  94017 | Clr: 161.914 mm | t_trial: 12.597 s
[1635/3720] 6kitchen_open-the-cabinet_GT.json   | identity                   | Outcome: SAFE               | Leaves:  94017 | Clr: 161.914 mm | t_trial: 12.702 s
[1636/3720] 6kitchen_open-the-cabinet_GT.json   | label_radius               | Outcome: SAFE               | Leaves:  80066 | Clr: 161.914 mm | t_trial: 11.948 s
[1637/3720] 6kitchen_open-the-cabinet_GT.json   | label_radius               | Outcome: SAFE               | Leaves:  80066 | Clr: 161.914 mm | t_trial: 11.957 s
[1638/3720] 6kitchen_open-the-cabinet_GT.json   | label_radius               | Outcome: SAFE               | Leaves:  80066 | Clr: 161.914 mm | t_trial: 12.036 s
[1639/3720] 6kitchen_open-the-cabinet_GT.json   | combined_quantile_adaptive | Outcome: SAFE               | Leaves:  10880 | Clr: 161.914 mm | t_trial: 11.778 s
[1640/3720] 6kitchen_open-the-cabinet_GT.json   | combined_quantile_adaptive | Outcome: SAFE               | Leaves:  10880 | Clr: 161.914 mm | t_trial: 11.814 s

[PLANNED RESTART] Trial count 1640: Triggering planned restart 205...
[PLANNED RESTART] Terminating existing move_group process...
[PLANNED RESTART COMPLETE] New PID: 518956 | Ready in 11.464 s | Initial RSS: 168.90 MB
[1641/3720] 6kitchen_open-the-cabinet_GT.json   | combined_quantile_adaptive | Outcome: SAFE               | Leaves:  10880 | Clr: 161.914 mm | t_trial: 13.346 s
[1642/3720] 6kitchen_open-the-cabinet_GT.json   | affordance_inherit         | Outcome: SAFE               | Leaves:   6327 | Clr: 161.914 mm | t_trial: 12.376 s
[1643/3720] 6kitchen_open-the-cabinet_GT.json   | affordance_inherit         | Outcome: SAFE               | Leaves:   6327 | Clr: 161.914 mm | t_trial: 12.304 s
[1644/3720] 6kitchen_open-the-cabinet_GT.json   | affordance_inherit         | Outcome: SAFE               | Leaves:   6327 | Clr: 161.914 mm | t_trial: 11.960 s
[1645/3720] 6kitchen_open-the-cabinet_GT.json   | label_inherit              | Outcome: SAFE               | Leaves:  58495 | Clr: 161.914 mm | t_trial: 11.874 s
[1646/3720] 6kitchen_open-the-cabinet_GT.json   | label_inherit              | Outcome: SAFE               | Leaves:  58495 | Clr: 161.914 mm | t_trial: 12.041 s
[1647/3720] 6kitchen_open-the-cabinet_GT.json   | label_inherit              | Outcome: SAFE               | Leaves:  58495 | Clr: 161.914 mm | t_trial: 12.305 s
[1648/3720] 6kitchen_open-the-cabinet_GT.json   | label_only                 | Outcome: SAFE               | Leaves:  58090 | Clr: 161.914 mm | t_trial: 12.530 s

[PLANNED RESTART] Trial count 1648: Triggering planned restart 206...
[PLANNED RESTART] Terminating existing move_group process...
[PLANNED RESTART COMPLETE] New PID: 520991 | Ready in 11.540 s | Initial RSS: 168.59 MB
[1649/3720] 6kitchen_open-the-cabinet_GT.json   | label_only                 | Outcome: SAFE               | Leaves:  58090 | Clr: 161.914 mm | t_trial: 13.092 s
[1650/3720] 6kitchen_open-the-cabinet_GT.json   | label_only                 | Outcome: SAFE               | Leaves:  58090 | Clr: 161.914 mm | t_trial: 12.629 s
[1651/3720] 6kitchen_open-the-cabinet_GT.json   | combined_inherit           | Outcome: SAFE               | Leaves:  58495 | Clr: 161.914 mm | t_trial: 12.484 s
[1652/3720] 6kitchen_open-the-cabinet_GT.json   | combined_inherit           | Outcome: SAFE               | Leaves:  58495 | Clr: 161.914 mm | t_trial: 11.955 s
[1653/3720] 6kitchen_open-the-cabinet_GT.json   | combined_inherit           | Outcome: SAFE               | Leaves:  58495 | Clr: 161.914 mm | t_trial: 11.315 s
[1654/3720] 6kitchen_open-the-cabinet_GT.json   | information_bottleneck     | Outcome: SAFE               | Leaves:  69754 | Clr: 161.914 mm | t_trial: 12.113 s
[1655/3720] 6kitchen_open-the-cabinet_GT.json   | information_bottleneck     | Outcome: SAFE               | Leaves:  69754 | Clr: 161.914 mm | t_trial: 11.952 s
[1656/3720] 6kitchen_open-the-cabinet_GT.json   | information_bottleneck     | Outcome: SAFE               | Leaves:  69754 | Clr: 161.914 mm | t_trial: 12.616 s

[PLANNED RESTART] Trial count 1656: Triggering planned restart 207...
[PLANNED RESTART] Terminating existing move_group process...
[PLANNED RESTART COMPLETE] New PID: 522999 | Ready in 11.495 s | Initial RSS: 168.03 MB
[1657/3720] 6kitchen_open-the-dishwasher_GT.json | identity                   | Outcome: SAFE               | Leaves:  94017 | Clr: 161.523 mm | t_trial: 13.492 s
[1658/3720] 6kitchen_open-the-dishwasher_GT.json | identity                   | Outcome: SAFE               | Leaves:  94017 | Clr: 157.227 mm | t_trial: 12.241 s
[1659/3720] 6kitchen_open-the-dishwasher_GT.json | identity                   | Outcome: SAFE               | Leaves:  94017 | Clr: 156.445 mm | t_trial: 12.517 s
[1660/3720] 6kitchen_open-the-dishwasher_GT.json | label_radius               | Outcome: SAFE               | Leaves:  12629 | Clr: 161.719 mm | t_trial: 11.604 s
[1661/3720] 6kitchen_open-the-dishwasher_GT.json | label_radius               | Outcome: SAFE               | Leaves:  12629 | Clr: 161.328 mm | t_trial: 11.839 s
[1662/3720] 6kitchen_open-the-dishwasher_GT.json | label_radius               | Outcome: SAFE               | Leaves:  12629 | Clr: 160.352 mm | t_trial: 11.780 s
[1663/3720] 6kitchen_open-the-dishwasher_GT.json | combined_quantile_adaptive | Outcome: SAFE               | Leaves:   5493 | Clr: 159.961 mm | t_trial: 11.608 s
[1664/3720] 6kitchen_open-the-dishwasher_GT.json | combined_quantile_adaptive | Outcome: SAFE               | Leaves:   5493 | Clr: 160.742 mm | t_trial: 12.134 s

[PLANNED RESTART] Trial count 1664: Triggering planned restart 208...
[PLANNED RESTART] Terminating existing move_group process...
[PLANNED RESTART COMPLETE] New PID: 524981 | Ready in 11.465 s | Initial RSS: 168.54 MB
[1665/3720] 6kitchen_open-the-dishwasher_GT.json | combined_quantile_adaptive | Outcome: SAFE               | Leaves:   5493 | Clr: 159.961 mm | t_trial: 13.106 s
[1666/3720] 6kitchen_open-the-dishwasher_GT.json | affordance_inherit         | Outcome: SAFE               | Leaves:   5493 | Clr: 157.813 mm | t_trial: 12.081 s
[1667/3720] 6kitchen_open-the-dishwasher_GT.json | affordance_inherit         | Outcome: SAFE               | Leaves:   5493 | Clr: 160.938 mm | t_trial: 12.136 s
[1668/3720] 6kitchen_open-the-dishwasher_GT.json | affordance_inherit         | Outcome: SAFE               | Leaves:   5493 | Clr: 160.742 mm | t_trial: 11.642 s
[1669/3720] 6kitchen_open-the-dishwasher_GT.json | label_inherit              | Outcome: SAFE               | Leaves:   5493 | Clr: 160.938 mm | t_trial: 11.585 s
[1670/3720] 6kitchen_open-the-dishwasher_GT.json | label_inherit              | Outcome: SAFE               | Leaves:   5493 | Clr: 159.570 mm | t_trial: 11.848 s
[1671/3720] 6kitchen_open-the-dishwasher_GT.json | label_inherit              | Outcome: SAFE               | Leaves:   5493 | Clr: 159.570 mm | t_trial: 11.564 s
[1672/3720] 6kitchen_open-the-dishwasher_GT.json | label_only                 | Outcome: SAFE               | Leaves:   5493 | Clr: 159.180 mm | t_trial: 11.751 s

[PLANNED RESTART] Trial count 1672: Triggering planned restart 209...
[PLANNED RESTART] Terminating existing move_group process...
[PLANNED RESTART COMPLETE] New PID: 526953 | Ready in 11.489 s | Initial RSS: 168.14 MB
[1673/3720] 6kitchen_open-the-dishwasher_GT.json | label_only                 | Outcome: SAFE               | Leaves:   5493 | Clr: 161.914 mm | t_trial: 13.047 s
[1674/3720] 6kitchen_open-the-dishwasher_GT.json | label_only                 | Outcome: SAFE               | Leaves:   5493 | Clr: 161.328 mm | t_trial: 12.426 s
[1675/3720] 6kitchen_open-the-dishwasher_GT.json | combined_inherit           | Outcome: SAFE               | Leaves:   5493 | Clr: 161.719 mm | t_trial: 12.130 s
[1676/3720] 6kitchen_open-the-dishwasher_GT.json | combined_inherit           | Outcome: SAFE               | Leaves:   5493 | Clr: 159.961 mm | t_trial: 11.653 s
[1677/3720] 6kitchen_open-the-dishwasher_GT.json | combined_inherit           | Outcome: SAFE               | Leaves:   5493 | Clr: 158.984 mm | t_trial: 11.645 s
[1678/3720] 6kitchen_open-the-dishwasher_GT.json | information_bottleneck     | Outcome: SAFE               | Leaves:   5493 | Clr: 161.523 mm | t_trial: 11.802 s
[1679/3720] 6kitchen_open-the-dishwasher_GT.json | information_bottleneck     | Outcome: SAFE               | Leaves:   5493 | Clr: 158.594 mm | t_trial: 11.347 s
[1680/3720] 6kitchen_open-the-dishwasher_GT.json | information_bottleneck     | Outcome: SAFE               | Leaves:   5493 | Clr: 158.203 mm | t_trial: 11.786 s

[PLANNED RESTART] Trial count 1680: Triggering planned restart 210...
[PLANNED RESTART] Terminating existing move_group process...
[PLANNED RESTART COMPLETE] New PID: 528938 | Ready in 11.475 s | Initial RSS: 168.83 MB
[1681/3720] 6kitchen_open-the-door_GT.json      | identity                   | Outcome: SAFE               | Leaves:  94017 | Clr: 181.836 mm | t_trial: 16.162 s
[1682/3720] 6kitchen_open-the-door_GT.json      | identity                   | Outcome: SAFE               | Leaves:  94017 | Clr: 181.836 mm | t_trial: 15.074 s
[1683/3720] 6kitchen_open-the-door_GT.json      | identity                   | Outcome: SAFE               | Leaves:  94017 | Clr: 181.641 mm | t_trial: 14.741 s
[1684/3720] 6kitchen_open-the-door_GT.json      | label_radius               | Outcome: SAFE               | Leaves:  10897 | Clr: 180.859 mm | t_trial: 14.992 s
[1685/3720] 6kitchen_open-the-door_GT.json      | label_radius               | Outcome: SAFE               | Leaves:  10897 | Clr: 181.836 mm | t_trial: 13.582 s
[1686/3720] 6kitchen_open-the-door_GT.json      | label_radius               | Outcome: SAFE               | Leaves:  10897 | Clr: 181.641 mm | t_trial: 13.987 s
[1687/3720] 6kitchen_open-the-door_GT.json      | combined_quantile_adaptive | Outcome: SAFE               | Leaves:  10897 | Clr: 181.836 mm | t_trial: 13.933 s
[1688/3720] 6kitchen_open-the-door_GT.json      | combined_quantile_adaptive | Outcome: SAFE               | Leaves:  10897 | Clr: 181.836 mm | t_trial: 15.115 s

[PLANNED RESTART] Trial count 1688: Triggering planned restart 211...
[PLANNED RESTART] Terminating existing move_group process...
[PLANNED RESTART COMPLETE] New PID: 531281 | Ready in 11.501 s | Initial RSS: 168.46 MB
[1689/3720] 6kitchen_open-the-door_GT.json      | combined_quantile_adaptive | Outcome: SAFE               | Leaves:  10897 | Clr: 180.859 mm | t_trial: 16.927 s
[1690/3720] 6kitchen_open-the-door_GT.json      | affordance_inherit         | Outcome: SAFE               | Leaves:  72307 | Clr: 181.836 mm | t_trial: 14.576 s
[1691/3720] 6kitchen_open-the-door_GT.json      | affordance_inherit         | Outcome: SAFE               | Leaves:  72307 | Clr: 180.469 mm | t_trial: 16.108 s
[1692/3720] 6kitchen_open-the-door_GT.json      | affordance_inherit         | Outcome: SAFE               | Leaves:  72307 | Clr: 181.836 mm | t_trial: 14.293 s
[1693/3720] 6kitchen_open-the-door_GT.json      | label_inherit              | Outcome: SAFE               | Leaves:  10897 | Clr: 180.469 mm | t_trial: 15.515 s
[1694/3720] 6kitchen_open-the-door_GT.json      | label_inherit              | Outcome: SAFE               | Leaves:  10897 | Clr: 181.836 mm | t_trial: 14.174 s
[1695/3720] 6kitchen_open-the-door_GT.json      | label_inherit              | Outcome: SAFE               | Leaves:  10897 | Clr: 181.445 mm | t_trial: 14.532 s
[1696/3720] 6kitchen_open-the-door_GT.json      | label_only                 | Outcome: SAFE               | Leaves:  10855 | Clr: 181.836 mm | t_trial: 14.850 s

[PLANNED RESTART] Trial count 1696: Triggering planned restart 212...
[PLANNED RESTART] Terminating existing move_group process...
[PLANNED RESTART COMPLETE] New PID: 533687 | Ready in 11.470 s | Initial RSS: 168.30 MB
[1697/3720] 6kitchen_open-the-door_GT.json      | label_only                 | Outcome: SAFE               | Leaves:  10855 | Clr: 181.445 mm | t_trial: 15.115 s
[1698/3720] 6kitchen_open-the-door_GT.json      | label_only                 | Outcome: SAFE               | Leaves:  10855 | Clr: 180.273 mm | t_trial: 16.017 s
[1699/3720] 6kitchen_open-the-door_GT.json      | combined_inherit           | Outcome: SAFE               | Leaves:  83204 | Clr: 181.836 mm | t_trial: 14.748 s
[1700/3720] 6kitchen_open-the-door_GT.json      | combined_inherit           | Outcome: SAFE               | Leaves:  83204 | Clr: 179.102 mm | t_trial: 15.679 s
[1701/3720] 6kitchen_open-the-door_GT.json      | combined_inherit           | Outcome: SAFE               | Leaves:  83204 | Clr: 181.836 mm | t_trial: 13.685 s
[1702/3720] 6kitchen_open-the-door_GT.json      | information_bottleneck     | Outcome: SAFE               | Leaves:  83122 | Clr: 180.859 mm | t_trial: 15.941 s
[1703/3720] 6kitchen_open-the-door_GT.json      | information_bottleneck     | Outcome: SAFE               | Leaves:  83122 | Clr: 181.836 mm | t_trial: 14.212 s
[1704/3720] 6kitchen_open-the-door_GT.json      | information_bottleneck     | Outcome: SAFE               | Leaves:  83122 | Clr: 181.836 mm | t_trial: 14.600 s

[PLANNED RESTART] Trial count 1704: Triggering planned restart 213...
[PLANNED RESTART] Terminating existing move_group process...
[PLANNED RESTART COMPLETE] New PID: 536098 | Ready in 11.491 s | Initial RSS: 168.27 MB
[1705/3720] 6kitchen_open-the-fridge_GT.json    | identity                   | Outcome: SAFE               | Leaves:  94017 | Clr: 119.531 mm | t_trial: 13.337 s
[1706/3720] 6kitchen_open-the-fridge_GT.json    | identity                   | Outcome: SAFE               | Leaves:  94017 | Clr: 120.508 mm | t_trial: 12.493 s
[1707/3720] 6kitchen_open-the-fridge_GT.json    | identity                   | Outcome: SAFE               | Leaves:  94017 | Clr: 121.094 mm | t_trial: 12.517 s
[1708/3720] 6kitchen_open-the-fridge_GT.json    | label_radius               | Outcome: SAFE               | Leaves:  25527 | Clr: 121.680 mm | t_trial: 11.154 s
[1709/3720] 6kitchen_open-the-fridge_GT.json    | label_radius               | Outcome: SAFE               | Leaves:  25527 | Clr: 120.508 mm | t_trial: 11.801 s
[1710/3720] 6kitchen_open-the-fridge_GT.json    | label_radius               | Outcome: SAFE               | Leaves:  25527 | Clr: 118.359 mm | t_trial: 11.740 s
[1711/3720] 6kitchen_open-the-fridge_GT.json    | combined_quantile_adaptive | Outcome: SAFE               | Leaves:   9414 | Clr: 121.289 mm | t_trial: 11.683 s
[1712/3720] 6kitchen_open-the-fridge_GT.json    | combined_quantile_adaptive | Outcome: SAFE               | Leaves:   9414 | Clr: 119.922 mm | t_trial: 11.360 s

[PLANNED RESTART] Trial count 1712: Triggering planned restart 214...
[PLANNED RESTART] Terminating existing move_group process...
[PLANNED RESTART COMPLETE] New PID: 538055 | Ready in 11.468 s | Initial RSS: 168.29 MB
[1713/3720] 6kitchen_open-the-fridge_GT.json    | combined_quantile_adaptive | Outcome: SAFE               | Leaves:   9414 | Clr: 120.508 mm | t_trial: 13.163 s
[1714/3720] 6kitchen_open-the-fridge_GT.json    | affordance_inherit         | Outcome: SAFE               | Leaves:  10880 | Clr: 117.969 mm | t_trial: 12.176 s
[1715/3720] 6kitchen_open-the-fridge_GT.json    | affordance_inherit         | Outcome: SAFE               | Leaves:  10880 | Clr: 118.555 mm | t_trial: 12.313 s
[1716/3720] 6kitchen_open-the-fridge_GT.json    | affordance_inherit         | Outcome: SAFE               | Leaves:  10880 | Clr: 120.703 mm | t_trial: 11.713 s
[1717/3720] 6kitchen_open-the-fridge_GT.json    | label_inherit              | Outcome: SAFE               | Leaves:   9414 | Clr: 120.898 mm | t_trial: 11.730 s
[1718/3720] 6kitchen_open-the-fridge_GT.json    | label_inherit              | Outcome: SAFE               | Leaves:   9414 | Clr: 119.727 mm | t_trial: 11.742 s
[1719/3720] 6kitchen_open-the-fridge_GT.json    | label_inherit              | Outcome: SAFE               | Leaves:   9414 | Clr: 119.727 mm | t_trial: 11.208 s
[1720/3720] 6kitchen_open-the-fridge_GT.json    | label_only                 | Outcome: SAFE               | Leaves:   9217 | Clr: 121.289 mm | t_trial: 11.655 s

[PLANNED RESTART] Trial count 1720: Triggering planned restart 215...
[PLANNED RESTART] Terminating existing move_group process...
[PLANNED RESTART COMPLETE] New PID: 540039 | Ready in 11.494 s | Initial RSS: 168.60 MB
[1721/3720] 6kitchen_open-the-fridge_GT.json    | label_only                 | Outcome: SAFE               | Leaves:   9217 | Clr: 117.383 mm | t_trial: 12.665 s
[1722/3720] 6kitchen_open-the-fridge_GT.json    | label_only                 | Outcome: SAFE               | Leaves:   9217 | Clr: 120.898 mm | t_trial: 12.469 s
[1723/3720] 6kitchen_open-the-fridge_GT.json    | combined_inherit           | Outcome: SAFE               | Leaves:   9414 | Clr: 120.508 mm | t_trial: 11.751 s
[1724/3720] 6kitchen_open-the-fridge_GT.json    | combined_inherit           | Outcome: SAFE               | Leaves:   9414 | Clr: 118.555 mm | t_trial: 11.615 s
[1725/3720] 6kitchen_open-the-fridge_GT.json    | combined_inherit           | Outcome: SAFE               | Leaves:   9414 | Clr: 120.312 mm | t_trial: 11.685 s
[1726/3720] 6kitchen_open-the-fridge_GT.json    | information_bottleneck     | Outcome: SAFE               | Leaves:      0 | Clr: 119.922 mm | t_trial: 11.919 s
[1727/3720] 6kitchen_open-the-fridge_GT.json    | information_bottleneck     | Outcome: SAFE               | Leaves:      0 | Clr: 118.945 mm | t_trial: 11.641 s
[1728/3720] 6kitchen_open-the-fridge_GT.json    | information_bottleneck     | Outcome: SAFE               | Leaves:      0 | Clr: 119.531 mm | t_trial: 11.537 s

[PLANNED RESTART] Trial count 1728: Triggering planned restart 216...
[PLANNED RESTART] Terminating existing move_group process...
[PLANNED RESTART COMPLETE] New PID: 542010 | Ready in 11.636 s | Initial RSS: 168.78 MB
[1729/3720] 6kitchen_open-the-kitchen-cabinet_200ff035_GT.json | identity                   | Outcome: SAFE               | Leaves:  94017 | Clr: 189.062 mm | t_trial: 13.460 s
[1730/3720] 6kitchen_open-the-kitchen-cabinet_200ff035_GT.json | identity                   | Outcome: SAFE               | Leaves:  94017 | Clr: 189.062 mm | t_trial: 12.387 s
[1731/3720] 6kitchen_open-the-kitchen-cabinet_200ff035_GT.json | identity                   | Outcome: SAFE               | Leaves:  94017 | Clr: 191.602 mm | t_trial: 12.532 s
[1732/3720] 6kitchen_open-the-kitchen-cabinet_200ff035_GT.json | label_radius               | Outcome: SAFE               | Leaves:  80066 | Clr: 186.523 mm | t_trial: 11.465 s
[1733/3720] 6kitchen_open-the-kitchen-cabinet_200ff035_GT.json | label_radius               | Outcome: SAFE               | Leaves:  80066 | Clr: 192.188 mm | t_trial: 12.028 s
[1734/3720] 6kitchen_open-the-kitchen-cabinet_200ff035_GT.json | label_radius               | Outcome: SAFE               | Leaves:  80066 | Clr: 189.258 mm | t_trial: 12.120 s
[1735/3720] 6kitchen_open-the-kitchen-cabinet_200ff035_GT.json | combined_quantile_adaptive | Outcome: BELIEF_PLAN_FAILED | Leaves:  58495 | Clr: N/A       | t_trial: 0.225 s
[1736/3720] 6kitchen_open-the-kitchen-cabinet_200ff035_GT.json | combined_quantile_adaptive | Outcome: BELIEF_PLAN_FAILED | Leaves:  58495 | Clr: N/A       | t_trial: 0.221 s

[PLANNED RESTART] Trial count 1736: Triggering planned restart 217...
[PLANNED RESTART] Terminating existing move_group process...
[PLANNED RESTART COMPLETE] New PID: 543599 | Ready in 11.466 s | Initial RSS: 168.07 MB
[1737/3720] 6kitchen_open-the-kitchen-cabinet_200ff035_GT.json | combined_quantile_adaptive | Outcome: BELIEF_PLAN_FAILED | Leaves:  58495 | Clr: N/A       | t_trial: 0.234 s
[1738/3720] 6kitchen_open-the-kitchen-cabinet_200ff035_GT.json | affordance_inherit         | Outcome: BELIEF_PLAN_FAILED | Leaves:   6327 | Clr: N/A       | t_trial: 0.060 s
[1739/3720] 6kitchen_open-the-kitchen-cabinet_200ff035_GT.json | affordance_inherit         | Outcome: BELIEF_PLAN_FAILED | Leaves:   6327 | Clr: N/A       | t_trial: 0.062 s
[1740/3720] 6kitchen_open-the-kitchen-cabinet_200ff035_GT.json | affordance_inherit         | Outcome: BELIEF_PLAN_FAILED | Leaves:   6327 | Clr: N/A       | t_trial: 0.072 s
[1741/3720] 6kitchen_open-the-kitchen-cabinet_200ff035_GT.json | label_inherit              | Outcome: BELIEF_PLAN_FAILED | Leaves:  60790 | Clr: N/A       | t_trial: 0.233 s
[1742/3720] 6kitchen_open-the-kitchen-cabinet_200ff035_GT.json | label_inherit              | Outcome: BELIEF_PLAN_FAILED | Leaves:  60790 | Clr: N/A       | t_trial: 0.231 s
[1743/3720] 6kitchen_open-the-kitchen-cabinet_200ff035_GT.json | label_inherit              | Outcome: BELIEF_PLAN_FAILED | Leaves:  60790 | Clr: N/A       | t_trial: 0.242 s
[1744/3720] 6kitchen_open-the-kitchen-cabinet_200ff035_GT.json | label_only                 | Outcome: BELIEF_PLAN_FAILED | Leaves:  60081 | Clr: N/A       | t_trial: 0.236 s

[PLANNED RESTART] Trial count 1744: Triggering planned restart 218...
[PLANNED RESTART] Terminating existing move_group process...
[PLANNED RESTART COMPLETE] New PID: 543929 | Ready in 11.495 s | Initial RSS: 168.38 MB
[1745/3720] 6kitchen_open-the-kitchen-cabinet_200ff035_GT.json | label_only                 | Outcome: BELIEF_PLAN_FAILED | Leaves:  60081 | Clr: N/A       | t_trial: 0.230 s
[1746/3720] 6kitchen_open-the-kitchen-cabinet_200ff035_GT.json | label_only                 | Outcome: BELIEF_PLAN_FAILED | Leaves:  60081 | Clr: N/A       | t_trial: 0.228 s
[1747/3720] 6kitchen_open-the-kitchen-cabinet_200ff035_GT.json | combined_inherit           | Outcome: BELIEF_PLAN_FAILED | Leaves:  60790 | Clr: N/A       | t_trial: 0.224 s
[1748/3720] 6kitchen_open-the-kitchen-cabinet_200ff035_GT.json | combined_inherit           | Outcome: BELIEF_PLAN_FAILED | Leaves:  60790 | Clr: N/A       | t_trial: 0.229 s
[1749/3720] 6kitchen_open-the-kitchen-cabinet_200ff035_GT.json | combined_inherit           | Outcome: BELIEF_PLAN_FAILED | Leaves:  60790 | Clr: N/A       | t_trial: 0.226 s
[1750/3720] 6kitchen_open-the-kitchen-cabinet_200ff035_GT.json | information_bottleneck     | Outcome: SAFE               | Leaves:  69964 | Clr: 188.672 mm | t_trial: 12.727 s
[1751/3720] 6kitchen_open-the-kitchen-cabinet_200ff035_GT.json | information_bottleneck     | Outcome: SAFE               | Leaves:  69964 | Clr: 191.797 mm | t_trial: 12.388 s
[1752/3720] 6kitchen_open-the-kitchen-cabinet_200ff035_GT.json | information_bottleneck     | Outcome: SAFE               | Leaves:  69964 | Clr: 191.992 mm | t_trial: 12.477 s

[PLANNED RESTART] Trial count 1752: Triggering planned restart 219...
[PLANNED RESTART] Terminating existing move_group process...
[PLANNED RESTART COMPLETE] New PID: 544930 | Ready in 11.466 s | Initial RSS: 168.58 MB
[1753/3720] 6kitchen_open-the-kitchen-cabinet_42e9cf6d_GT.json | identity                   | Outcome: SAFE               | Leaves:  94017 | Clr: 133.008 mm | t_trial: 13.218 s
[1754/3720] 6kitchen_open-the-kitchen-cabinet_42e9cf6d_GT.json | identity                   | Outcome: SAFE               | Leaves:  94017 | Clr: 139.062 mm | t_trial: 12.323 s
[1755/3720] 6kitchen_open-the-kitchen-cabinet_42e9cf6d_GT.json | identity                   | Outcome: SAFE               | Leaves:  94017 | Clr: 139.844 mm | t_trial: 12.506 s
[1756/3720] 6kitchen_open-the-kitchen-cabinet_42e9cf6d_GT.json | label_radius               | Outcome: SAFE               | Leaves:  80066 | Clr: 139.062 mm | t_trial: 11.855 s
[1757/3720] 6kitchen_open-the-kitchen-cabinet_42e9cf6d_GT.json | label_radius               | Outcome: SAFE               | Leaves:  80066 | Clr: 132.227 mm | t_trial: 11.422 s
[1758/3720] 6kitchen_open-the-kitchen-cabinet_42e9cf6d_GT.json | label_radius               | Outcome: SAFE               | Leaves:  80066 | Clr: 133.594 mm | t_trial: 11.958 s
[1759/3720] 6kitchen_open-the-kitchen-cabinet_42e9cf6d_GT.json | combined_quantile_adaptive | Outcome: SAFE               | Leaves:  58495 | Clr: 139.062 mm | t_trial: 11.276 s
[1760/3720] 6kitchen_open-the-kitchen-cabinet_42e9cf6d_GT.json | combined_quantile_adaptive | Outcome: SAFE               | Leaves:  58495 | Clr: 139.453 mm | t_trial: 12.482 s

[PLANNED RESTART] Trial count 1760: Triggering planned restart 220...
[PLANNED RESTART] Terminating existing move_group process...
[PLANNED RESTART COMPLETE] New PID: 546899 | Ready in 11.479 s | Initial RSS: 169.02 MB
[1761/3720] 6kitchen_open-the-kitchen-cabinet_42e9cf6d_GT.json | combined_quantile_adaptive | Outcome: SAFE               | Leaves:  58495 | Clr: 133.203 mm | t_trial: 13.076 s
[1762/3720] 6kitchen_open-the-kitchen-cabinet_42e9cf6d_GT.json | affordance_inherit         | Outcome: SAFE               | Leaves:   6327 | Clr: 140.039 mm | t_trial: 12.340 s
[1763/3720] 6kitchen_open-the-kitchen-cabinet_42e9cf6d_GT.json | affordance_inherit         | Outcome: SAFE               | Leaves:   6327 | Clr: 134.961 mm | t_trial: 11.620 s
[1764/3720] 6kitchen_open-the-kitchen-cabinet_42e9cf6d_GT.json | affordance_inherit         | Outcome: SAFE               | Leaves:   6327 | Clr: 137.695 mm | t_trial: 11.706 s
[1765/3720] 6kitchen_open-the-kitchen-cabinet_42e9cf6d_GT.json | label_inherit              | Outcome: SAFE               | Leaves:  60790 | Clr: 140.430 mm | t_trial: 11.869 s
[1766/3720] 6kitchen_open-the-kitchen-cabinet_42e9cf6d_GT.json | label_inherit              | Outcome: SAFE               | Leaves:  60790 | Clr: 138.867 mm | t_trial: 11.882 s
[1767/3720] 6kitchen_open-the-kitchen-cabinet_42e9cf6d_GT.json | label_inherit              | Outcome: SAFE               | Leaves:  60790 | Clr: 136.328 mm | t_trial: 11.314 s
[1768/3720] 6kitchen_open-the-kitchen-cabinet_42e9cf6d_GT.json | label_only                 | Outcome: SAFE               | Leaves:  60081 | Clr: 140.820 mm | t_trial: 11.670 s

[PLANNED RESTART] Trial count 1768: Triggering planned restart 221...
[PLANNED RESTART] Terminating existing move_group process...
[PLANNED RESTART COMPLETE] New PID: 548879 | Ready in 11.491 s | Initial RSS: 168.33 MB
[1769/3720] 6kitchen_open-the-kitchen-cabinet_42e9cf6d_GT.json | label_only                 | Outcome: SAFE               | Leaves:  60081 | Clr: 137.500 mm | t_trial: 12.905 s
[1770/3720] 6kitchen_open-the-kitchen-cabinet_42e9cf6d_GT.json | label_only                 | Outcome: SAFE               | Leaves:  60081 | Clr: 141.016 mm | t_trial: 12.670 s
[1771/3720] 6kitchen_open-the-kitchen-cabinet_42e9cf6d_GT.json | combined_inherit           | Outcome: SAFE               | Leaves:  60790 | Clr: 138.672 mm | t_trial: 12.463 s
[1772/3720] 6kitchen_open-the-kitchen-cabinet_42e9cf6d_GT.json | combined_inherit           | Outcome: SAFE               | Leaves:  60790 | Clr: 134.766 mm | t_trial: 11.788 s
[1773/3720] 6kitchen_open-the-kitchen-cabinet_42e9cf6d_GT.json | combined_inherit           | Outcome: SAFE               | Leaves:  60790 | Clr: 138.281 mm | t_trial: 11.803 s
[1774/3720] 6kitchen_open-the-kitchen-cabinet_42e9cf6d_GT.json | information_bottleneck     | Outcome: SAFE               | Leaves:  69964 | Clr: 141.602 mm | t_trial: 11.984 s
[1775/3720] 6kitchen_open-the-kitchen-cabinet_42e9cf6d_GT.json | information_bottleneck     | Outcome: SAFE               | Leaves:  69964 | Clr: 134.961 mm | t_trial: 11.737 s
[1776/3720] 6kitchen_open-the-kitchen-cabinet_42e9cf6d_GT.json | information_bottleneck     | Outcome: SAFE               | Leaves:  69964 | Clr: 139.844 mm | t_trial: 12.050 s

[PLANNED RESTART] Trial count 1776: Triggering planned restart 222...
[PLANNED RESTART] Terminating existing move_group process...
[PLANNED RESTART COMPLETE] New PID: 550889 | Ready in 11.462 s | Initial RSS: 168.32 MB
[1777/3720] 6kitchen_open-the-kitchen-cabinet_927ceae7_GT.json | identity                   | Outcome: SAFE               | Leaves:  94017 | Clr: 149.414 mm | t_trial: 13.705 s
[1778/3720] 6kitchen_open-the-kitchen-cabinet_927ceae7_GT.json | identity                   | Outcome: SAFE               | Leaves:  94017 | Clr: 150.391 mm | t_trial: 12.376 s
[1779/3720] 6kitchen_open-the-kitchen-cabinet_927ceae7_GT.json | identity                   | Outcome: SAFE               | Leaves:  94017 | Clr: 151.758 mm | t_trial: 12.561 s
[1780/3720] 6kitchen_open-the-kitchen-cabinet_927ceae7_GT.json | label_radius               | Outcome: SAFE               | Leaves:  80066 | Clr: 151.758 mm | t_trial: 11.343 s
[1781/3720] 6kitchen_open-the-kitchen-cabinet_927ceae7_GT.json | label_radius               | Outcome: SAFE               | Leaves:  80066 | Clr: 148.047 mm | t_trial: 11.941 s
[1782/3720] 6kitchen_open-the-kitchen-cabinet_927ceae7_GT.json | label_radius               | Outcome: SAFE               | Leaves:  80066 | Clr: 150.391 mm | t_trial: 11.980 s
[1783/3720] 6kitchen_open-the-kitchen-cabinet_927ceae7_GT.json | combined_quantile_adaptive | Outcome: SAFE               | Leaves:  58495 | Clr: 151.953 mm | t_trial: 12.087 s
[1784/3720] 6kitchen_open-the-kitchen-cabinet_927ceae7_GT.json | combined_quantile_adaptive | Outcome: SAFE               | Leaves:  58495 | Clr: 148.047 mm | t_trial: 12.110 s

[PLANNED RESTART] Trial count 1784: Triggering planned restart 223...
[PLANNED RESTART] Terminating existing move_group process...
[PLANNED RESTART COMPLETE] New PID: 552892 | Ready in 11.504 s | Initial RSS: 168.49 MB
[1785/3720] 6kitchen_open-the-kitchen-cabinet_927ceae7_GT.json | combined_quantile_adaptive | Outcome: SAFE               | Leaves:  58495 | Clr: 150.586 mm | t_trial: 13.465 s
[1786/3720] 6kitchen_open-the-kitchen-cabinet_927ceae7_GT.json | affordance_inherit         | Outcome: SAFE               | Leaves:   6327 | Clr: 150.391 mm | t_trial: 12.899 s
[1787/3720] 6kitchen_open-the-kitchen-cabinet_927ceae7_GT.json | affordance_inherit         | Outcome: SAFE               | Leaves:   6327 | Clr: 149.805 mm | t_trial: 11.643 s
[1788/3720] 6kitchen_open-the-kitchen-cabinet_927ceae7_GT.json | affordance_inherit         | Outcome: SAFE               | Leaves:   6327 | Clr: 150.781 mm | t_trial: 11.776 s
[1789/3720] 6kitchen_open-the-kitchen-cabinet_927ceae7_GT.json | label_inherit              | Outcome: SAFE               | Leaves:  60790 | Clr: 151.172 mm | t_trial: 11.905 s
[1790/3720] 6kitchen_open-the-kitchen-cabinet_927ceae7_GT.json | label_inherit              | Outcome: SAFE               | Leaves:  60790 | Clr: 149.414 mm | t_trial: 11.918 s
[1791/3720] 6kitchen_open-the-kitchen-cabinet_927ceae7_GT.json | label_inherit              | Outcome: SAFE               | Leaves:  60790 | Clr: 150.781 mm | t_trial: 11.358 s
[1792/3720] 6kitchen_open-the-kitchen-cabinet_927ceae7_GT.json | label_only                 | Outcome: SAFE               | Leaves:  60081 | Clr: 150.000 mm | t_trial: 12.836 s

[PLANNED RESTART] Trial count 1792: Triggering planned restart 224...
[PLANNED RESTART] Terminating existing move_group process...
[PLANNED RESTART COMPLETE] New PID: 554908 | Ready in 11.498 s | Initial RSS: 168.09 MB
[1793/3720] 6kitchen_open-the-kitchen-cabinet_927ceae7_GT.json | label_only                 | Outcome: SAFE               | Leaves:  60081 | Clr: 150.586 mm | t_trial: 13.049 s
[1794/3720] 6kitchen_open-the-kitchen-cabinet_927ceae7_GT.json | label_only                 | Outcome: SAFE               | Leaves:  60081 | Clr: 149.219 mm | t_trial: 12.257 s
[1795/3720] 6kitchen_open-the-kitchen-cabinet_927ceae7_GT.json | combined_inherit           | Outcome: SAFE               | Leaves:  60790 | Clr: 151.563 mm | t_trial: 12.570 s
[1796/3720] 6kitchen_open-the-kitchen-cabinet_927ceae7_GT.json | combined_inherit           | Outcome: SAFE               | Leaves:  60790 | Clr: 148.633 mm | t_trial: 11.829 s
[1797/3720] 6kitchen_open-the-kitchen-cabinet_927ceae7_GT.json | combined_inherit           | Outcome: SAFE               | Leaves:  60790 | Clr: 148.828 mm | t_trial: 11.939 s
[1798/3720] 6kitchen_open-the-kitchen-cabinet_927ceae7_GT.json | information_bottleneck     | Outcome: SAFE               | Leaves:  69964 | Clr: 150.000 mm | t_trial: 11.436 s
[1799/3720] 6kitchen_open-the-kitchen-cabinet_927ceae7_GT.json | information_bottleneck     | Outcome: SAFE               | Leaves:  69964 | Clr: 148.438 mm | t_trial: 11.282 s
[1800/3720] 6kitchen_open-the-kitchen-cabinet_927ceae7_GT.json | information_bottleneck     | Outcome: SAFE               | Leaves:  69964 | Clr: 152.148 mm | t_trial: 12.081 s

[PLANNED RESTART] Trial count 1800: Triggering planned restart 225...
[PLANNED RESTART] Terminating existing move_group process...
[PLANNED RESTART COMPLETE] New PID: 556871 | Ready in 11.456 s | Initial RSS: 168.34 MB
[1801/3720] 6kitchen_open-the-kitchen-cabinet_9335a7cb_GT.json | identity                   | Outcome: SAFE               | Leaves:  94017 | Clr: 158.008 mm | t_trial: 14.117 s
[1802/3720] 6kitchen_open-the-kitchen-cabinet_9335a7cb_GT.json | identity                   | Outcome: SAFE               | Leaves:  94017 | Clr: 157.813 mm | t_trial: 12.730 s
[1803/3720] 6kitchen_open-the-kitchen-cabinet_9335a7cb_GT.json | identity                   | Outcome: SAFE               | Leaves:  94017 | Clr: 157.813 mm | t_trial: 12.637 s
[1804/3720] 6kitchen_open-the-kitchen-cabinet_9335a7cb_GT.json | label_radius               | Outcome: SAFE               | Leaves:  80066 | Clr: 157.813 mm | t_trial: 12.182 s
[1805/3720] 6kitchen_open-the-kitchen-cabinet_9335a7cb_GT.json | label_radius               | Outcome: SAFE               | Leaves:  80066 | Clr: 158.008 mm | t_trial: 12.345 s
[1806/3720] 6kitchen_open-the-kitchen-cabinet_9335a7cb_GT.json | label_radius               | Outcome: SAFE               | Leaves:  80066 | Clr: 158.008 mm | t_trial: 11.839 s
[1807/3720] 6kitchen_open-the-kitchen-cabinet_9335a7cb_GT.json | combined_quantile_adaptive | Outcome: SAFE               | Leaves:  58495 | Clr: 158.008 mm | t_trial: 12.143 s
[1808/3720] 6kitchen_open-the-kitchen-cabinet_9335a7cb_GT.json | combined_quantile_adaptive | Outcome: SAFE               | Leaves:  58495 | Clr: 158.008 mm | t_trial: 12.975 s

[PLANNED RESTART] Trial count 1808: Triggering planned restart 226...
[PLANNED RESTART] Terminating existing move_group process...
[PLANNED RESTART COMPLETE] New PID: 558935 | Ready in 11.467 s | Initial RSS: 168.47 MB
[1809/3720] 6kitchen_open-the-kitchen-cabinet_9335a7cb_GT.json | combined_quantile_adaptive | Outcome: SAFE               | Leaves:  58495 | Clr: 158.008 mm | t_trial: 13.192 s
[1810/3720] 6kitchen_open-the-kitchen-cabinet_9335a7cb_GT.json | affordance_inherit         | Outcome: SAFE               | Leaves:   6327 | Clr: 158.008 mm | t_trial: 12.866 s
[1811/3720] 6kitchen_open-the-kitchen-cabinet_9335a7cb_GT.json | affordance_inherit         | Outcome: SAFE               | Leaves:   6327 | Clr: 158.008 mm | t_trial: 12.628 s
[1812/3720] 6kitchen_open-the-kitchen-cabinet_9335a7cb_GT.json | affordance_inherit         | Outcome: SAFE               | Leaves:   6327 | Clr: 157.813 mm | t_trial: 12.046 s
[1813/3720] 6kitchen_open-the-kitchen-cabinet_9335a7cb_GT.json | label_inherit              | Outcome: SAFE               | Leaves:  60790 | Clr: 158.008 mm | t_trial: 12.176 s
[1814/3720] 6kitchen_open-the-kitchen-cabinet_9335a7cb_GT.json | label_inherit              | Outcome: SAFE               | Leaves:  60790 | Clr: 158.008 mm | t_trial: 12.317 s
[1815/3720] 6kitchen_open-the-kitchen-cabinet_9335a7cb_GT.json | label_inherit              | Outcome: SAFE               | Leaves:  60790 | Clr: 157.813 mm | t_trial: 11.625 s
[1816/3720] 6kitchen_open-the-kitchen-cabinet_9335a7cb_GT.json | label_only                 | Outcome: SAFE               | Leaves:  60081 | Clr: 158.008 mm | t_trial: 12.767 s

[PLANNED RESTART] Trial count 1816: Triggering planned restart 227...
[PLANNED RESTART] Terminating existing move_group process...
[PLANNED RESTART COMPLETE] New PID: 560987 | Ready in 11.494 s | Initial RSS: 168.33 MB
[1817/3720] 6kitchen_open-the-kitchen-cabinet_9335a7cb_GT.json | label_only                 | Outcome: SAFE               | Leaves:  60081 | Clr: 158.008 mm | t_trial: 13.565 s
[1818/3720] 6kitchen_open-the-kitchen-cabinet_9335a7cb_GT.json | label_only                 | Outcome: SAFE               | Leaves:  60081 | Clr: 158.008 mm | t_trial: 12.706 s
[1819/3720] 6kitchen_open-the-kitchen-cabinet_9335a7cb_GT.json | combined_inherit           | Outcome: SAFE               | Leaves:  60790 | Clr: 157.813 mm | t_trial: 12.659 s
[1820/3720] 6kitchen_open-the-kitchen-cabinet_9335a7cb_GT.json | combined_inherit           | Outcome: SAFE               | Leaves:  60790 | Clr: 157.813 mm | t_trial: 11.583 s
[1821/3720] 6kitchen_open-the-kitchen-cabinet_9335a7cb_GT.json | combined_inherit           | Outcome: SAFE               | Leaves:  60790 | Clr: 157.813 mm | t_trial: 12.262 s
[1822/3720] 6kitchen_open-the-kitchen-cabinet_9335a7cb_GT.json | information_bottleneck     | Outcome: SAFE               | Leaves:  69964 | Clr: 158.008 mm | t_trial: 12.284 s
[1823/3720] 6kitchen_open-the-kitchen-cabinet_9335a7cb_GT.json | information_bottleneck     | Outcome: SAFE               | Leaves:  69964 | Clr: 157.813 mm | t_trial: 12.152 s
[1824/3720] 6kitchen_open-the-kitchen-cabinet_9335a7cb_GT.json | information_bottleneck     | Outcome: SAFE               | Leaves:  69964 | Clr: 157.813 mm | t_trial: 12.406 s

[PLANNED RESTART] Trial count 1824: Triggering planned restart 228...
[PLANNED RESTART] Terminating existing move_group process...
[PLANNED RESTART COMPLETE] New PID: 563034 | Ready in 11.469 s | Initial RSS: 168.62 MB
[1825/3720] 6kitchen_open-the-kitchen-cabinet_bd1e147b_GT.json | identity                   | Outcome: SAFE               | Leaves:  94017 | Clr: 100.781 mm | t_trial: 13.746 s
[1826/3720] 6kitchen_open-the-kitchen-cabinet_bd1e147b_GT.json | identity                   | Outcome: SAFE               | Leaves:  94017 | Clr: 101.172 mm | t_trial: 12.491 s
[1827/3720] 6kitchen_open-the-kitchen-cabinet_bd1e147b_GT.json | identity                   | Outcome: SAFE               | Leaves:  94017 | Clr: 101.172 mm | t_trial: 12.575 s
[1828/3720] 6kitchen_open-the-kitchen-cabinet_bd1e147b_GT.json | label_radius               | Outcome: SAFE               | Leaves:  80066 | Clr: 102.539 mm | t_trial: 11.881 s
[1829/3720] 6kitchen_open-the-kitchen-cabinet_bd1e147b_GT.json | label_radius               | Outcome: SAFE               | Leaves:  80066 | Clr: 104.102 mm | t_trial: 11.504 s
[1830/3720] 6kitchen_open-the-kitchen-cabinet_bd1e147b_GT.json | label_radius               | Outcome: SAFE               | Leaves:  80066 | Clr: 105.664 mm | t_trial: 11.999 s
[1831/3720] 6kitchen_open-the-kitchen-cabinet_bd1e147b_GT.json | combined_quantile_adaptive | Outcome: SAFE               | Leaves:  58495 | Clr: 103.320 mm | t_trial: 11.821 s
[1832/3720] 6kitchen_open-the-kitchen-cabinet_bd1e147b_GT.json | combined_quantile_adaptive | Outcome: SAFE               | Leaves:  58495 | Clr: 105.469 mm | t_trial: 12.601 s

[PLANNED RESTART] Trial count 1832: Triggering planned restart 229...
[PLANNED RESTART] Terminating existing move_group process...
[PLANNED RESTART COMPLETE] New PID: 565040 | Ready in 11.472 s | Initial RSS: 168.45 MB
[1833/3720] 6kitchen_open-the-kitchen-cabinet_bd1e147b_GT.json | combined_quantile_adaptive | Outcome: SAFE               | Leaves:  58495 | Clr: 103.516 mm | t_trial: 12.865 s
[1834/3720] 6kitchen_open-the-kitchen-cabinet_bd1e147b_GT.json | affordance_inherit         | Outcome: SAFE               | Leaves:   6327 | Clr: 102.344 mm | t_trial: 11.907 s
[1835/3720] 6kitchen_open-the-kitchen-cabinet_bd1e147b_GT.json | affordance_inherit         | Outcome: SAFE               | Leaves:   6327 | Clr: 100.391 mm | t_trial: 12.313 s
[1836/3720] 6kitchen_open-the-kitchen-cabinet_bd1e147b_GT.json | affordance_inherit         | Outcome: SAFE               | Leaves:   6327 | Clr: 103.125 mm | t_trial: 11.302 s
[1837/3720] 6kitchen_open-the-kitchen-cabinet_bd1e147b_GT.json | label_inherit              | Outcome: SAFE               | Leaves:  60790 | Clr: 103.711 mm | t_trial: 11.925 s
[1838/3720] 6kitchen_open-the-kitchen-cabinet_bd1e147b_GT.json | label_inherit              | Outcome: SAFE               | Leaves:  60790 | Clr: 104.297 mm | t_trial: 12.022 s
[1839/3720] 6kitchen_open-the-kitchen-cabinet_bd1e147b_GT.json | label_inherit              | Outcome: SAFE               | Leaves:  60790 | Clr: 101.367 mm | t_trial: 11.357 s
[1840/3720] 6kitchen_open-the-kitchen-cabinet_bd1e147b_GT.json | label_only                 | Outcome: SAFE               | Leaves:  60081 | Clr: 101.562 mm | t_trial: 12.204 s

[PLANNED RESTART] Trial count 1840: Triggering planned restart 230...
[PLANNED RESTART] Terminating existing move_group process...
[PLANNED RESTART COMPLETE] New PID: 567024 | Ready in 11.501 s | Initial RSS: 168.23 MB
[1841/3720] 6kitchen_open-the-kitchen-cabinet_bd1e147b_GT.json | label_only                 | Outcome: SAFE               | Leaves:  60081 | Clr: 100.195 mm | t_trial: 13.353 s
[1842/3720] 6kitchen_open-the-kitchen-cabinet_bd1e147b_GT.json | label_only                 | Outcome: SAFE               | Leaves:  60081 | Clr: 100.391 mm | t_trial: 12.488 s
[1843/3720] 6kitchen_open-the-kitchen-cabinet_bd1e147b_GT.json | combined_inherit           | Outcome: SAFE               | Leaves:  60790 | Clr: 100.977 mm | t_trial: 12.503 s
[1844/3720] 6kitchen_open-the-kitchen-cabinet_bd1e147b_GT.json | combined_inherit           | Outcome: SAFE               | Leaves:  60790 | Clr: 101.758 mm | t_trial: 11.466 s
[1845/3720] 6kitchen_open-the-kitchen-cabinet_bd1e147b_GT.json | combined_inherit           | Outcome: SAFE               | Leaves:  60790 | Clr: 103.516 mm | t_trial: 12.017 s
[1846/3720] 6kitchen_open-the-kitchen-cabinet_bd1e147b_GT.json | information_bottleneck     | Outcome: SAFE               | Leaves:  69964 | Clr: 103.320 mm | t_trial: 11.579 s
[1847/3720] 6kitchen_open-the-kitchen-cabinet_bd1e147b_GT.json | information_bottleneck     | Outcome: SAFE               | Leaves:  69964 | Clr: 103.711 mm | t_trial: 11.946 s
[1848/3720] 6kitchen_open-the-kitchen-cabinet_bd1e147b_GT.json | information_bottleneck     | Outcome: SAFE               | Leaves:  69964 | Clr: 103.711 mm | t_trial: 12.788 s

[PLANNED RESTART] Trial count 1848: Triggering planned restart 231...
[PLANNED RESTART] Terminating existing move_group process...
[PLANNED RESTART COMPLETE] New PID: 569050 | Ready in 11.477 s | Initial RSS: 168.07 MB
[1849/3720] 6kitchen_open-the-kitchen-cabinet_c5d91ced_GT.json | identity                   | Outcome: SAFE               | Leaves:  94017 | Clr: 157.813 mm | t_trial: 13.218 s
[1850/3720] 6kitchen_open-the-kitchen-cabinet_c5d91ced_GT.json | identity                   | Outcome: SAFE               | Leaves:  94017 | Clr: 158.203 mm | t_trial: 12.287 s
[1851/3720] 6kitchen_open-the-kitchen-cabinet_c5d91ced_GT.json | identity                   | Outcome: SAFE               | Leaves:  94017 | Clr: 156.641 mm | t_trial: 12.605 s
[1852/3720] 6kitchen_open-the-kitchen-cabinet_c5d91ced_GT.json | label_radius               | Outcome: SAFE               | Leaves:  80066 | Clr: 158.594 mm | t_trial: 11.328 s
[1853/3720] 6kitchen_open-the-kitchen-cabinet_c5d91ced_GT.json | label_radius               | Outcome: SAFE               | Leaves:  80066 | Clr: 158.789 mm | t_trial: 11.988 s
[1854/3720] 6kitchen_open-the-kitchen-cabinet_c5d91ced_GT.json | label_radius               | Outcome: SAFE               | Leaves:  80066 | Clr: 158.008 mm | t_trial: 11.473 s
[1855/3720] 6kitchen_open-the-kitchen-cabinet_c5d91ced_GT.json | combined_quantile_adaptive | Outcome: SAFE               | Leaves:  58495 | Clr: 158.594 mm | t_trial: 11.783 s
[1856/3720] 6kitchen_open-the-kitchen-cabinet_c5d91ced_GT.json | combined_quantile_adaptive | Outcome: SAFE               | Leaves:  58495 | Clr: 156.250 mm | t_trial: 12.230 s

[PLANNED RESTART] Trial count 1856: Triggering planned restart 232...
[PLANNED RESTART] Terminating existing move_group process...
[PLANNED RESTART COMPLETE] New PID: 571012 | Ready in 11.472 s | Initial RSS: 168.35 MB
[1857/3720] 6kitchen_open-the-kitchen-cabinet_c5d91ced_GT.json | combined_quantile_adaptive | Outcome: SAFE               | Leaves:  58495 | Clr: 158.594 mm | t_trial: 13.172 s
[1858/3720] 6kitchen_open-the-kitchen-cabinet_c5d91ced_GT.json | affordance_inherit         | Outcome: SAFE               | Leaves:   6327 | Clr: 158.008 mm | t_trial: 11.801 s
[1859/3720] 6kitchen_open-the-kitchen-cabinet_c5d91ced_GT.json | affordance_inherit         | Outcome: SAFE               | Leaves:   6327 | Clr: 158.398 mm | t_trial: 12.217 s
[1860/3720] 6kitchen_open-the-kitchen-cabinet_c5d91ced_GT.json | affordance_inherit         | Outcome: SAFE               | Leaves:   6327 | Clr: 156.445 mm | t_trial: 11.168 s
[1861/3720] 6kitchen_open-the-kitchen-cabinet_c5d91ced_GT.json | label_inherit              | Outcome: SAFE               | Leaves:  60790 | Clr: 158.203 mm | t_trial: 11.325 s
[1862/3720] 6kitchen_open-the-kitchen-cabinet_c5d91ced_GT.json | label_inherit              | Outcome: SAFE               | Leaves:  60790 | Clr: 156.445 mm | t_trial: 11.992 s
[1863/3720] 6kitchen_open-the-kitchen-cabinet_c5d91ced_GT.json | label_inherit              | Outcome: SAFE               | Leaves:  60790 | Clr: 158.789 mm | t_trial: 11.859 s
[1864/3720] 6kitchen_open-the-kitchen-cabinet_c5d91ced_GT.json | label_only                 | Outcome: SAFE               | Leaves:  60081 | Clr: 156.445 mm | t_trial: 12.458 s

[PLANNED RESTART] Trial count 1864: Triggering planned restart 233...
[PLANNED RESTART] Terminating existing move_group process...
[PLANNED RESTART COMPLETE] New PID: 572998 | Ready in 11.494 s | Initial RSS: 168.46 MB
[1865/3720] 6kitchen_open-the-kitchen-cabinet_c5d91ced_GT.json | label_only                 | Outcome: SAFE               | Leaves:  60081 | Clr: 157.422 mm | t_trial: 12.910 s
[1866/3720] 6kitchen_open-the-kitchen-cabinet_c5d91ced_GT.json | label_only                 | Outcome: SAFE               | Leaves:  60081 | Clr: 158.203 mm | t_trial: 11.799 s
[1867/3720] 6kitchen_open-the-kitchen-cabinet_c5d91ced_GT.json | combined_inherit           | Outcome: SAFE               | Leaves:  60790 | Clr: 158.398 mm | t_trial: 12.566 s
[1868/3720] 6kitchen_open-the-kitchen-cabinet_c5d91ced_GT.json | combined_inherit           | Outcome: SAFE               | Leaves:  60790 | Clr: 156.641 mm | t_trial: 11.810 s
[1869/3720] 6kitchen_open-the-kitchen-cabinet_c5d91ced_GT.json | combined_inherit           | Outcome: SAFE               | Leaves:  60790 | Clr: 159.766 mm | t_trial: 11.369 s
[1870/3720] 6kitchen_open-the-kitchen-cabinet_c5d91ced_GT.json | information_bottleneck     | Outcome: SAFE               | Leaves:  69964 | Clr: 157.813 mm | t_trial: 11.868 s
[1871/3720] 6kitchen_open-the-kitchen-cabinet_c5d91ced_GT.json | information_bottleneck     | Outcome: SAFE               | Leaves:  69964 | Clr: 158.984 mm | t_trial: 11.283 s
[1872/3720] 6kitchen_open-the-kitchen-cabinet_c5d91ced_GT.json | information_bottleneck     | Outcome: SAFE               | Leaves:  69964 | Clr: 155.664 mm | t_trial: 12.130 s

[PLANNED RESTART] Trial count 1872: Triggering planned restart 234...
[PLANNED RESTART] Terminating existing move_group process...
[PLANNED RESTART COMPLETE] New PID: 574975 | Ready in 11.465 s | Initial RSS: 168.57 MB
[1873/3720] 6kitchen_open-the-kitchen-cabinet_e5429f83_GT.json | identity                   | Outcome: SAFE               | Leaves:  94017 | Clr: 185.547 mm | t_trial: 13.873 s
[1874/3720] 6kitchen_open-the-kitchen-cabinet_e5429f83_GT.json | identity                   | Outcome: SAFE               | Leaves:  94017 | Clr: 186.328 mm | t_trial: 12.385 s
[1875/3720] 6kitchen_open-the-kitchen-cabinet_e5429f83_GT.json | identity                   | Outcome: SAFE               | Leaves:  94017 | Clr: 184.375 mm | t_trial: 12.618 s
[1876/3720] 6kitchen_open-the-kitchen-cabinet_e5429f83_GT.json | label_radius               | Outcome: SAFE               | Leaves:  80066 | Clr: 186.523 mm | t_trial: 11.999 s
[1877/3720] 6kitchen_open-the-kitchen-cabinet_e5429f83_GT.json | label_radius               | Outcome: SAFE               | Leaves:  80066 | Clr: 186.719 mm | t_trial: 12.005 s
[1878/3720] 6kitchen_open-the-kitchen-cabinet_e5429f83_GT.json | label_radius               | Outcome: SAFE               | Leaves:  80066 | Clr: 184.766 mm | t_trial: 11.622 s
[1879/3720] 6kitchen_open-the-kitchen-cabinet_e5429f83_GT.json | combined_quantile_adaptive | Outcome: SAFE               | Leaves:  58495 | Clr: 186.914 mm | t_trial: 11.927 s
[1880/3720] 6kitchen_open-the-kitchen-cabinet_e5429f83_GT.json | combined_quantile_adaptive | Outcome: SAFE               | Leaves:  58495 | Clr: 184.570 mm | t_trial: 12.010 s

[PLANNED RESTART] Trial count 1880: Triggering planned restart 235...
[PLANNED RESTART] Terminating existing move_group process...
[PLANNED RESTART COMPLETE] New PID: 576987 | Ready in 11.498 s | Initial RSS: 168.80 MB
[1881/3720] 6kitchen_open-the-kitchen-cabinet_e5429f83_GT.json | combined_quantile_adaptive | Outcome: SAFE               | Leaves:  58495 | Clr: 183.789 mm | t_trial: 13.105 s
[1882/3720] 6kitchen_open-the-kitchen-cabinet_e5429f83_GT.json | affordance_inherit         | Outcome: SAFE               | Leaves:   6327 | Clr: 182.031 mm | t_trial: 12.029 s
[1883/3720] 6kitchen_open-the-kitchen-cabinet_e5429f83_GT.json | affordance_inherit         | Outcome: SAFE               | Leaves:   6327 | Clr: 183.789 mm | t_trial: 12.150 s
[1884/3720] 6kitchen_open-the-kitchen-cabinet_e5429f83_GT.json | affordance_inherit         | Outcome: SAFE               | Leaves:   6327 | Clr: 183.789 mm | t_trial: 11.302 s
[1885/3720] 6kitchen_open-the-kitchen-cabinet_e5429f83_GT.json | label_inherit              | Outcome: SAFE               | Leaves:  60790 | Clr: 185.547 mm | t_trial: 11.487 s
[1886/3720] 6kitchen_open-the-kitchen-cabinet_e5429f83_GT.json | label_inherit              | Outcome: SAFE               | Leaves:  60790 | Clr: 181.836 mm | t_trial: 12.020 s
[1887/3720] 6kitchen_open-the-kitchen-cabinet_e5429f83_GT.json | label_inherit              | Outcome: SAFE               | Leaves:  60790 | Clr: 185.742 mm | t_trial: 11.995 s
[1888/3720] 6kitchen_open-the-kitchen-cabinet_e5429f83_GT.json | label_only                 | Outcome: SAFE               | Leaves:  60081 | Clr: 184.961 mm | t_trial: 12.308 s

[PLANNED RESTART] Trial count 1888: Triggering planned restart 236...
[PLANNED RESTART] Terminating existing move_group process...
[PLANNED RESTART COMPLETE] New PID: 578974 | Ready in 11.463 s | Initial RSS: 168.17 MB
[1889/3720] 6kitchen_open-the-kitchen-cabinet_e5429f83_GT.json | label_only                 | Outcome: SAFE               | Leaves:  60081 | Clr: 181.445 mm | t_trial: 13.289 s
[1890/3720] 6kitchen_open-the-kitchen-cabinet_e5429f83_GT.json | label_only                 | Outcome: SAFE               | Leaves:  60081 | Clr: 186.523 mm | t_trial: 12.301 s
[1891/3720] 6kitchen_open-the-kitchen-cabinet_e5429f83_GT.json | combined_inherit           | Outcome: SAFE               | Leaves:  60790 | Clr: 184.570 mm | t_trial: 12.508 s
[1892/3720] 6kitchen_open-the-kitchen-cabinet_e5429f83_GT.json | combined_inherit           | Outcome: SAFE               | Leaves:  60790 | Clr: 185.742 mm | t_trial: 11.397 s
[1893/3720] 6kitchen_open-the-kitchen-cabinet_e5429f83_GT.json | combined_inherit           | Outcome: SAFE               | Leaves:  60790 | Clr: 186.523 mm | t_trial: 11.948 s
[1894/3720] 6kitchen_open-the-kitchen-cabinet_e5429f83_GT.json | information_bottleneck     | Outcome: SAFE               | Leaves:  69964 | Clr: 186.133 mm | t_trial: 11.501 s
[1895/3720] 6kitchen_open-the-kitchen-cabinet_e5429f83_GT.json | information_bottleneck     | Outcome: SAFE               | Leaves:  69964 | Clr: 181.836 mm | t_trial: 11.913 s
[1896/3720] 6kitchen_open-the-kitchen-cabinet_e5429f83_GT.json | information_bottleneck     | Outcome: SAFE               | Leaves:  69964 | Clr: 186.328 mm | t_trial: 12.631 s

[PLANNED RESTART] Trial count 1896: Triggering planned restart 237...
[PLANNED RESTART] Terminating existing move_group process...
[PLANNED RESTART COMPLETE] New PID: 580991 | Ready in 11.472 s | Initial RSS: 168.54 MB
[1897/3720] 6kitchen_open-the-oven_GT.json      | identity                   | Outcome: SAFE               | Leaves:  94017 | Clr: 164.453 mm | t_trial: 13.779 s
[1898/3720] 6kitchen_open-the-oven_GT.json      | identity                   | Outcome: SAFE               | Leaves:  94017 | Clr: 164.453 mm | t_trial: 12.641 s
[1899/3720] 6kitchen_open-the-oven_GT.json      | identity                   | Outcome: SAFE               | Leaves:  94017 | Clr: 162.500 mm | t_trial: 12.432 s
[1900/3720] 6kitchen_open-the-oven_GT.json      | label_radius               | Outcome: SAFE               | Leaves:  13903 | Clr: 164.844 mm | t_trial: 11.800 s
[1901/3720] 6kitchen_open-the-oven_GT.json      | label_radius               | Outcome: SAFE               | Leaves:  13903 | Clr: 166.016 mm | t_trial: 11.763 s
[1902/3720] 6kitchen_open-the-oven_GT.json      | label_radius               | Outcome: SAFE               | Leaves:  13903 | Clr: 166.016 mm | t_trial: 11.763 s
[1903/3720] 6kitchen_open-the-oven_GT.json      | combined_quantile_adaptive | Outcome: SAFE               | Leaves:   4712 | Clr: 165.820 mm | t_trial: 11.206 s
[1904/3720] 6kitchen_open-the-oven_GT.json      | combined_quantile_adaptive | Outcome: SAFE               | Leaves:   4712 | Clr: 165.625 mm | t_trial: 12.591 s

[PLANNED RESTART] Trial count 1904: Triggering planned restart 238...
[PLANNED RESTART] Terminating existing move_group process...
[PLANNED RESTART COMPLETE] New PID: 582981 | Ready in 11.510 s | Initial RSS: 168.51 MB
[1905/3720] 6kitchen_open-the-oven_GT.json      | combined_quantile_adaptive | Outcome: SAFE               | Leaves:   4712 | Clr: 166.992 mm | t_trial: 12.759 s
[1906/3720] 6kitchen_open-the-oven_GT.json      | affordance_inherit         | Outcome: SAFE               | Leaves:   4712 | Clr: 164.648 mm | t_trial: 12.318 s
[1907/3720] 6kitchen_open-the-oven_GT.json      | affordance_inherit         | Outcome: SAFE               | Leaves:   4712 | Clr: 166.016 mm | t_trial: 12.252 s
[1908/3720] 6kitchen_open-the-oven_GT.json      | affordance_inherit         | Outcome: SAFE               | Leaves:   4712 | Clr: 167.773 mm | t_trial: 11.712 s
[1909/3720] 6kitchen_open-the-oven_GT.json      | label_inherit              | Outcome: SAFE               | Leaves:   4712 | Clr: 166.406 mm | t_trial: 11.754 s
[1910/3720] 6kitchen_open-the-oven_GT.json      | label_inherit              | Outcome: SAFE               | Leaves:   4712 | Clr: 167.578 mm | t_trial: 11.383 s
[1911/3720] 6kitchen_open-the-oven_GT.json      | label_inherit              | Outcome: SAFE               | Leaves:   4712 | Clr: 168.164 mm | t_trial: 11.708 s
[1912/3720] 6kitchen_open-the-oven_GT.json      | label_only                 | Outcome: SAFE               | Leaves:   4446 | Clr: 165.625 mm | t_trial: 12.193 s

[PLANNED RESTART] Trial count 1912: Triggering planned restart 239...
[PLANNED RESTART] Terminating existing move_group process...
[PLANNED RESTART COMPLETE] New PID: 584968 | Ready in 11.475 s | Initial RSS: 168.38 MB
[1913/3720] 6kitchen_open-the-oven_GT.json      | label_only                 | Outcome: SAFE               | Leaves:   4446 | Clr: 166.992 mm | t_trial: 13.087 s
[1914/3720] 6kitchen_open-the-oven_GT.json      | label_only                 | Outcome: SAFE               | Leaves:   4446 | Clr: 167.188 mm | t_trial: 12.479 s
[1915/3720] 6kitchen_open-the-oven_GT.json      | combined_inherit           | Outcome: SAFE               | Leaves:   4712 | Clr: 166.211 mm | t_trial: 11.727 s
[1916/3720] 6kitchen_open-the-oven_GT.json      | combined_inherit           | Outcome: SAFE               | Leaves:   4712 | Clr: 167.188 mm | t_trial: 11.742 s
[1917/3720] 6kitchen_open-the-oven_GT.json      | combined_inherit           | Outcome: SAFE               | Leaves:   4712 | Clr: 167.773 mm | t_trial: 11.706 s
[1918/3720] 6kitchen_open-the-oven_GT.json      | information_bottleneck     | Outcome: SAFE               | Leaves:   4712 | Clr: 166.797 mm | t_trial: 11.859 s
[1919/3720] 6kitchen_open-the-oven_GT.json      | information_bottleneck     | Outcome: SAFE               | Leaves:   4712 | Clr: 164.453 mm | t_trial: 11.595 s
[1920/3720] 6kitchen_open-the-oven_GT.json      | information_bottleneck     | Outcome: SAFE               | Leaves:   4712 | Clr: 164.453 mm | t_trial: 12.199 s

[PLANNED RESTART] Trial count 1920: Triggering planned restart 240...
[PLANNED RESTART] Terminating existing move_group process...
[PLANNED RESTART COMPLETE] New PID: 586947 | Ready in 11.483 s | Initial RSS: 168.30 MB
[1921/3720] 6kitchen_i-am-hungry_200ff035_GT.json | identity                   | Outcome: SAFE               | Leaves:  94017 | Clr: 186.719 mm | t_trial: 13.343 s
[1922/3720] 6kitchen_i-am-hungry_200ff035_GT.json | identity                   | Outcome: SAFE               | Leaves:  94017 | Clr: 188.672 mm | t_trial: 12.536 s
[1923/3720] 6kitchen_i-am-hungry_200ff035_GT.json | identity                   | Outcome: SAFE               | Leaves:  94017 | Clr: 191.602 mm | t_trial: 12.615 s
[1924/3720] 6kitchen_i-am-hungry_200ff035_GT.json | label_radius               | Outcome: SAFE               | Leaves:  13903 | Clr: 190.039 mm | t_trial: 11.715 s
[1925/3720] 6kitchen_i-am-hungry_200ff035_GT.json | label_radius               | Outcome: SAFE               | Leaves:  13903 | Clr: 190.234 mm | t_trial: 11.908 s
[1926/3720] 6kitchen_i-am-hungry_200ff035_GT.json | label_radius               | Outcome: SAFE               | Leaves:  13903 | Clr: 190.430 mm | t_trial: 11.819 s
[1927/3720] 6kitchen_i-am-hungry_200ff035_GT.json | combined_quantile_adaptive | Outcome: SAFE               | Leaves:   4712 | Clr: 187.305 mm | t_trial: 11.781 s
[1928/3720] 6kitchen_i-am-hungry_200ff035_GT.json | combined_quantile_adaptive | Outcome: SAFE               | Leaves:   4712 | Clr: 186.523 mm | t_trial: 11.746 s

[PLANNED RESTART] Trial count 1928: Triggering planned restart 241...
[PLANNED RESTART] Terminating existing move_group process...
[PLANNED RESTART COMPLETE] New PID: 588947 | Ready in 11.507 s | Initial RSS: 168.64 MB
[1929/3720] 6kitchen_i-am-hungry_200ff035_GT.json | combined_quantile_adaptive | Outcome: SAFE               | Leaves:   4712 | Clr: 191.602 mm | t_trial: 13.066 s
[1930/3720] 6kitchen_i-am-hungry_200ff035_GT.json | affordance_inherit         | Outcome: SAFE               | Leaves:   5493 | Clr: 190.430 mm | t_trial: 12.547 s
[1931/3720] 6kitchen_i-am-hungry_200ff035_GT.json | affordance_inherit         | Outcome: SAFE               | Leaves:   5493 | Clr: 190.430 mm | t_trial: 11.821 s
[1932/3720] 6kitchen_i-am-hungry_200ff035_GT.json | affordance_inherit         | Outcome: SAFE               | Leaves:   5493 | Clr: 190.820 mm | t_trial: 11.707 s
[1933/3720] 6kitchen_i-am-hungry_200ff035_GT.json | label_inherit              | Outcome: SAFE               | Leaves:   4712 | Clr: 193.359 mm | t_trial: 11.816 s
[1934/3720] 6kitchen_i-am-hungry_200ff035_GT.json | label_inherit              | Outcome: SAFE               | Leaves:   4712 | Clr: 188.281 mm | t_trial: 11.888 s
[1935/3720] 6kitchen_i-am-hungry_200ff035_GT.json | label_inherit              | Outcome: SAFE               | Leaves:   4712 | Clr: 186.133 mm | t_trial: 11.703 s
[1936/3720] 6kitchen_i-am-hungry_200ff035_GT.json | label_only                 | Outcome: SAFE               | Leaves:   4446 | Clr: 189.258 mm | t_trial: 11.683 s

[PLANNED RESTART] Trial count 1936: Triggering planned restart 242...
[PLANNED RESTART] Terminating existing move_group process...
[PLANNED RESTART COMPLETE] New PID: 590928 | Ready in 11.466 s | Initial RSS: 168.77 MB
[1937/3720] 6kitchen_i-am-hungry_200ff035_GT.json | label_only                 | Outcome: SAFE               | Leaves:   4446 | Clr: 190.039 mm | t_trial: 12.821 s
[1938/3720] 6kitchen_i-am-hungry_200ff035_GT.json | label_only                 | Outcome: SAFE               | Leaves:   4446 | Clr: 191.602 mm | t_trial: 12.415 s
[1939/3720] 6kitchen_i-am-hungry_200ff035_GT.json | combined_inherit           | Outcome: SAFE               | Leaves:   4712 | Clr: 191.797 mm | t_trial: 11.810 s
[1940/3720] 6kitchen_i-am-hungry_200ff035_GT.json | combined_inherit           | Outcome: SAFE               | Leaves:   4712 | Clr: 191.602 mm | t_trial: 11.761 s
[1941/3720] 6kitchen_i-am-hungry_200ff035_GT.json | combined_inherit           | Outcome: SAFE               | Leaves:   4712 | Clr: 192.188 mm | t_trial: 11.752 s
[1942/3720] 6kitchen_i-am-hungry_200ff035_GT.json | information_bottleneck     | Outcome: SAFE               | Leaves:  25285 | Clr: 189.844 mm | t_trial: 11.844 s
[1943/3720] 6kitchen_i-am-hungry_200ff035_GT.json | information_bottleneck     | Outcome: SAFE               | Leaves:  25285 | Clr: 191.406 mm | t_trial: 11.812 s
[1944/3720] 6kitchen_i-am-hungry_200ff035_GT.json | information_bottleneck     | Outcome: SAFE               | Leaves:  25285 | Clr: 189.844 mm | t_trial: 12.198 s

[PLANNED RESTART] Trial count 1944: Triggering planned restart 243...
[PLANNED RESTART] Terminating existing move_group process...
[PLANNED RESTART COMPLETE] New PID: 592926 | Ready in 11.504 s | Initial RSS: 168.04 MB
[1945/3720] 6kitchen_i-am-hungry_2_GT.json      | identity                   | Outcome: SAFE               | Leaves:  94017 | Clr: 164.844 mm | t_trial: 13.430 s
[1946/3720] 6kitchen_i-am-hungry_2_GT.json      | identity                   | Outcome: SAFE               | Leaves:  94017 | Clr: 167.383 mm | t_trial: 12.570 s
[1947/3720] 6kitchen_i-am-hungry_2_GT.json      | identity                   | Outcome: SAFE               | Leaves:  94017 | Clr: 165.625 mm | t_trial: 12.424 s
[1948/3720] 6kitchen_i-am-hungry_2_GT.json      | label_radius               | Outcome: SAFE               | Leaves:  13903 | Clr: 166.992 mm | t_trial: 11.798 s
[1949/3720] 6kitchen_i-am-hungry_2_GT.json      | label_radius               | Outcome: SAFE               | Leaves:  13903 | Clr: 165.625 mm | t_trial: 11.238 s
[1950/3720] 6kitchen_i-am-hungry_2_GT.json      | label_radius               | Outcome: SAFE               | Leaves:  13903 | Clr: 163.672 mm | t_trial: 11.318 s
[1951/3720] 6kitchen_i-am-hungry_2_GT.json      | combined_quantile_adaptive | Outcome: SAFE               | Leaves:   4712 | Clr: 168.164 mm | t_trial: 11.753 s
[1952/3720] 6kitchen_i-am-hungry_2_GT.json      | combined_quantile_adaptive | Outcome: SAFE               | Leaves:   4712 | Clr: 165.039 mm | t_trial: 12.204 s

[PLANNED RESTART] Trial count 1952: Triggering planned restart 244...
[PLANNED RESTART] Terminating existing move_group process...
[PLANNED RESTART COMPLETE] New PID: 594910 | Ready in 11.493 s | Initial RSS: 168.22 MB
[1953/3720] 6kitchen_i-am-hungry_2_GT.json      | combined_quantile_adaptive | Outcome: SAFE               | Leaves:   4712 | Clr: 167.578 mm | t_trial: 12.763 s
[1954/3720] 6kitchen_i-am-hungry_2_GT.json      | affordance_inherit         | Outcome: SAFE               | Leaves:   5493 | Clr: 164.063 mm | t_trial: 12.301 s
[1955/3720] 6kitchen_i-am-hungry_2_GT.json      | affordance_inherit         | Outcome: SAFE               | Leaves:   5493 | Clr: 167.969 mm | t_trial: 12.420 s
[1956/3720] 6kitchen_i-am-hungry_2_GT.json      | affordance_inherit         | Outcome: SAFE               | Leaves:   5493 | Clr: 165.430 mm | t_trial: 11.150 s
[1957/3720] 6kitchen_i-am-hungry_2_GT.json      | label_inherit              | Outcome: SAFE               | Leaves:   4712 | Clr: 167.383 mm | t_trial: 11.763 s
[1958/3720] 6kitchen_i-am-hungry_2_GT.json      | label_inherit              | Outcome: SAFE               | Leaves:   4712 | Clr: 164.844 mm | t_trial: 11.328 s
[1959/3720] 6kitchen_i-am-hungry_2_GT.json      | label_inherit              | Outcome: SAFE               | Leaves:   4712 | Clr: 164.453 mm | t_trial: 11.127 s
[1960/3720] 6kitchen_i-am-hungry_2_GT.json      | label_only                 | Outcome: SAFE               | Leaves:   4446 | Clr: 167.969 mm | t_trial: 11.490 s

[PLANNED RESTART] Trial count 1960: Triggering planned restart 245...
[PLANNED RESTART] Terminating existing move_group process...
[PLANNED RESTART COMPLETE] New PID: 596842 | Ready in 11.469 s | Initial RSS: 168.37 MB
[1961/3720] 6kitchen_i-am-hungry_2_GT.json      | label_only                 | Outcome: SAFE               | Leaves:   4446 | Clr: 167.188 mm | t_trial: 12.840 s
[1962/3720] 6kitchen_i-am-hungry_2_GT.json      | label_only                 | Outcome: SAFE               | Leaves:   4446 | Clr: 166.797 mm | t_trial: 12.655 s
[1963/3720] 6kitchen_i-am-hungry_2_GT.json      | combined_inherit           | Outcome: SAFE               | Leaves:   4712 | Clr: 163.086 mm | t_trial: 12.176 s
[1964/3720] 6kitchen_i-am-hungry_2_GT.json      | combined_inherit           | Outcome: SAFE               | Leaves:   4712 | Clr: 164.063 mm | t_trial: 11.258 s
[1965/3720] 6kitchen_i-am-hungry_2_GT.json      | combined_inherit           | Outcome: SAFE               | Leaves:   4712 | Clr: 166.406 mm | t_trial: 11.666 s
[1966/3720] 6kitchen_i-am-hungry_2_GT.json      | information_bottleneck     | Outcome: SAFE               | Leaves:  25285 | Clr: 163.672 mm | t_trial: 11.862 s
[1967/3720] 6kitchen_i-am-hungry_2_GT.json      | information_bottleneck     | Outcome: SAFE               | Leaves:  25285 | Clr: 166.797 mm | t_trial: 11.781 s
[1968/3720] 6kitchen_i-am-hungry_2_GT.json      | information_bottleneck     | Outcome: SAFE               | Leaves:  25285 | Clr: 165.625 mm | t_trial: 11.724 s

[PLANNED RESTART] Trial count 1968: Triggering planned restart 246...
[PLANNED RESTART] Terminating existing move_group process...
[PLANNED RESTART COMPLETE] New PID: 598824 | Ready in 11.504 s | Initial RSS: 168.50 MB
[1969/3720] 6kitchen_i-am-hungry_42e9cf6d_GT.json | identity                   | Outcome: SAFE               | Leaves:  94017 | Clr: 141.211 mm | t_trial: 13.183 s
[1970/3720] 6kitchen_i-am-hungry_42e9cf6d_GT.json | identity                   | Outcome: SAFE               | Leaves:  94017 | Clr: 135.938 mm | t_trial: 12.326 s
[1971/3720] 6kitchen_i-am-hungry_42e9cf6d_GT.json | identity                   | Outcome: SAFE               | Leaves:  94017 | Clr: 132.422 mm | t_trial: 12.364 s
[1972/3720] 6kitchen_i-am-hungry_42e9cf6d_GT.json | label_radius               | Outcome: SAFE               | Leaves:  13903 | Clr: 141.992 mm | t_trial: 11.724 s
[1973/3720] 6kitchen_i-am-hungry_42e9cf6d_GT.json | label_radius               | Outcome: SAFE               | Leaves:  13903 | Clr: 140.234 mm | t_trial: 11.693 s
[1974/3720] 6kitchen_i-am-hungry_42e9cf6d_GT.json | label_radius               | Outcome: SAFE               | Leaves:  13903 | Clr: 135.156 mm | t_trial: 11.743 s
[1975/3720] 6kitchen_i-am-hungry_42e9cf6d_GT.json | combined_quantile_adaptive | Outcome: SAFE               | Leaves:   4712 | Clr: 141.406 mm | t_trial: 11.648 s
[1976/3720] 6kitchen_i-am-hungry_42e9cf6d_GT.json | combined_quantile_adaptive | Outcome: SAFE               | Leaves:   4712 | Clr: 139.648 mm | t_trial: 12.241 s

[PLANNED RESTART] Trial count 1976: Triggering planned restart 247...
[PLANNED RESTART] Terminating existing move_group process...
[PLANNED RESTART COMPLETE] New PID: 600831 | Ready in 11.475 s | Initial RSS: 168.26 MB
[1977/3720] 6kitchen_i-am-hungry_42e9cf6d_GT.json | combined_quantile_adaptive | Outcome: SAFE               | Leaves:   4712 | Clr: 133.789 mm | t_trial: 12.799 s
[1978/3720] 6kitchen_i-am-hungry_42e9cf6d_GT.json | affordance_inherit         | Outcome: SAFE               | Leaves:   5493 | Clr: 138.281 mm | t_trial: 11.839 s
[1979/3720] 6kitchen_i-am-hungry_42e9cf6d_GT.json | affordance_inherit         | Outcome: SAFE               | Leaves:   5493 | Clr: 135.352 mm | t_trial: 12.196 s
[1980/3720] 6kitchen_i-am-hungry_42e9cf6d_GT.json | affordance_inherit         | Outcome: SAFE               | Leaves:   5493 | Clr: 135.938 mm | t_trial: 11.123 s
[1981/3720] 6kitchen_i-am-hungry_42e9cf6d_GT.json | label_inherit              | Outcome: SAFE               | Leaves:   4712 | Clr: 139.453 mm | t_trial: 11.680 s
[1982/3720] 6kitchen_i-am-hungry_42e9cf6d_GT.json | label_inherit              | Outcome: SAFE               | Leaves:   4712 | Clr: 135.938 mm | t_trial: 11.845 s
[1983/3720] 6kitchen_i-am-hungry_42e9cf6d_GT.json | label_inherit              | Outcome: SAFE               | Leaves:   4712 | Clr: 136.914 mm | t_trial: 11.627 s
[1984/3720] 6kitchen_i-am-hungry_42e9cf6d_GT.json | label_only                 | Outcome: SAFE               | Leaves:   4446 | Clr: 134.570 mm | t_trial: 12.331 s

[PLANNED RESTART] Trial count 1984: Triggering planned restart 248...
[PLANNED RESTART] Terminating existing move_group process...
[PLANNED RESTART COMPLETE] New PID: 602790 | Ready in 11.515 s | Initial RSS: 167.93 MB
[1985/3720] 6kitchen_i-am-hungry_42e9cf6d_GT.json | label_only                 | Outcome: SAFE               | Leaves:   4446 | Clr: 137.695 mm | t_trial: 12.611 s
[1986/3720] 6kitchen_i-am-hungry_42e9cf6d_GT.json | label_only                 | Outcome: SAFE               | Leaves:   4446 | Clr: 139.648 mm | t_trial: 12.388 s
[1987/3720] 6kitchen_i-am-hungry_42e9cf6d_GT.json | combined_inherit           | Outcome: SAFE               | Leaves:   4712 | Clr: 140.625 mm | t_trial: 12.234 s
[1988/3720] 6kitchen_i-am-hungry_42e9cf6d_GT.json | combined_inherit           | Outcome: SAFE               | Leaves:   4712 | Clr: 134.766 mm | t_trial: 11.175 s
[1989/3720] 6kitchen_i-am-hungry_42e9cf6d_GT.json | combined_inherit           | Outcome: SAFE               | Leaves:   4712 | Clr: 136.719 mm | t_trial: 11.812 s
[1990/3720] 6kitchen_i-am-hungry_42e9cf6d_GT.json | information_bottleneck     | Outcome: SAFE               | Leaves:  25285 | Clr: 137.500 mm | t_trial: 11.242 s
[1991/3720] 6kitchen_i-am-hungry_42e9cf6d_GT.json | information_bottleneck     | Outcome: SAFE               | Leaves:  25285 | Clr: 138.672 mm | t_trial: 11.719 s
[1992/3720] 6kitchen_i-am-hungry_42e9cf6d_GT.json | information_bottleneck     | Outcome: SAFE               | Leaves:  25285 | Clr: 139.258 mm | t_trial: 11.506 s

[PLANNED RESTART] Trial count 1992: Triggering planned restart 249...
[PLANNED RESTART] Terminating existing move_group process...
[PLANNED RESTART COMPLETE] New PID: 604724 | Ready in 11.455 s | Initial RSS: 168.08 MB
[1993/3720] 6kitchen_i-am-hungry_927ceae7_GT.json | identity                   | Outcome: SAFE               | Leaves:  94017 | Clr: 151.953 mm | t_trial: 13.505 s
[1994/3720] 6kitchen_i-am-hungry_927ceae7_GT.json | identity                   | Outcome: SAFE               | Leaves:  94017 | Clr: 150.391 mm | t_trial: 12.256 s
[1995/3720] 6kitchen_i-am-hungry_927ceae7_GT.json | identity                   | Outcome: SAFE               | Leaves:  94017 | Clr: 150.781 mm | t_trial: 12.503 s
[1996/3720] 6kitchen_i-am-hungry_927ceae7_GT.json | label_radius               | Outcome: SAFE               | Leaves:  13903 | Clr: 150.781 mm | t_trial: 11.666 s
[1997/3720] 6kitchen_i-am-hungry_927ceae7_GT.json | label_radius               | Outcome: SAFE               | Leaves:  13903 | Clr: 147.656 mm | t_trial: 11.708 s
[1998/3720] 6kitchen_i-am-hungry_927ceae7_GT.json | label_radius               | Outcome: SAFE               | Leaves:  13903 | Clr: 152.344 mm | t_trial: 11.296 s
[1999/3720] 6kitchen_i-am-hungry_927ceae7_GT.json | combined_quantile_adaptive | Outcome: SAFE               | Leaves:   4712 | Clr: 149.805 mm | t_trial: 11.097 s
[2000/3720] 6kitchen_i-am-hungry_927ceae7_GT.json | combined_quantile_adaptive | Outcome: SAFE               | Leaves:   4712 | Clr: 152.734 mm | t_trial: 12.417 s

[PLANNED RESTART] Trial count 2000: Triggering planned restart 250...
[PLANNED RESTART] Terminating existing move_group process...
[PLANNED RESTART COMPLETE] New PID: 606716 | Ready in 11.480 s | Initial RSS: 168.31 MB
[2001/3720] 6kitchen_i-am-hungry_927ceae7_GT.json | combined_quantile_adaptive | Outcome: SAFE               | Leaves:   4712 | Clr: 151.953 mm | t_trial: 12.643 s
[2002/3720] 6kitchen_i-am-hungry_927ceae7_GT.json | affordance_inherit         | Outcome: SAFE               | Leaves:   5493 | Clr: 150.391 mm | t_trial: 12.412 s
[2003/3720] 6kitchen_i-am-hungry_927ceae7_GT.json | affordance_inherit         | Outcome: SAFE               | Leaves:   5493 | Clr: 150.977 mm | t_trial: 12.373 s
[2004/3720] 6kitchen_i-am-hungry_927ceae7_GT.json | affordance_inherit         | Outcome: SAFE               | Leaves:   5493 | Clr: 149.805 mm | t_trial: 11.718 s
[2005/3720] 6kitchen_i-am-hungry_927ceae7_GT.json | label_inherit              | Outcome: SAFE               | Leaves:   4712 | Clr: 147.852 mm | t_trial: 11.723 s
[2006/3720] 6kitchen_i-am-hungry_927ceae7_GT.json | label_inherit              | Outcome: SAFE               | Leaves:   4712 | Clr: 152.539 mm | t_trial: 11.755 s
[2007/3720] 6kitchen_i-am-hungry_927ceae7_GT.json | label_inherit              | Outcome: SAFE               | Leaves:   4712 | Clr: 151.172 mm | t_trial: 11.738 s
[2008/3720] 6kitchen_i-am-hungry_927ceae7_GT.json | label_only                 | Outcome: SAFE               | Leaves:   4446 | Clr: 147.656 mm | t_trial: 11.383 s

[PLANNED RESTART] Trial count 2008: Triggering planned restart 251...
[PLANNED RESTART] Terminating existing move_group process...
[PLANNED RESTART COMPLETE] New PID: 608698 | Ready in 11.599 s | Initial RSS: 168.36 MB
[2009/3720] 6kitchen_i-am-hungry_927ceae7_GT.json | label_only                 | Outcome: SAFE               | Leaves:   4446 | Clr: 150.781 mm | t_trial: 12.616 s
[2010/3720] 6kitchen_i-am-hungry_927ceae7_GT.json | label_only                 | Outcome: SAFE               | Leaves:   4446 | Clr: 152.148 mm | t_trial: 12.346 s
[2011/3720] 6kitchen_i-am-hungry_927ceae7_GT.json | combined_inherit           | Outcome: SAFE               | Leaves:   4712 | Clr: 149.609 mm | t_trial: 11.711 s
[2012/3720] 6kitchen_i-am-hungry_927ceae7_GT.json | combined_inherit           | Outcome: SAFE               | Leaves:   4712 | Clr: 151.563 mm | t_trial: 11.662 s
[2013/3720] 6kitchen_i-am-hungry_927ceae7_GT.json | combined_inherit           | Outcome: SAFE               | Leaves:   4712 | Clr: 150.781 mm | t_trial: 11.715 s
[2014/3720] 6kitchen_i-am-hungry_927ceae7_GT.json | information_bottleneck     | Outcome: SAFE               | Leaves:  25285 | Clr: 151.172 mm | t_trial: 11.888 s
[2015/3720] 6kitchen_i-am-hungry_927ceae7_GT.json | information_bottleneck     | Outcome: SAFE               | Leaves:  25285 | Clr: 151.953 mm | t_trial: 11.678 s
[2016/3720] 6kitchen_i-am-hungry_927ceae7_GT.json | information_bottleneck     | Outcome: SAFE               | Leaves:  25285 | Clr: 150.781 mm | t_trial: 12.595 s

[PLANNED RESTART] Trial count 2016: Triggering planned restart 252...
[PLANNED RESTART] Terminating existing move_group process...
[PLANNED RESTART COMPLETE] New PID: 610680 | Ready in 11.472 s | Initial RSS: 168.40 MB
[2017/3720] 6kitchen_i-am-hungry_9335a7cb_GT.json | identity                   | Outcome: SAFE               | Leaves:  94017 | Clr: 157.813 mm | t_trial: 13.523 s
[2018/3720] 6kitchen_i-am-hungry_9335a7cb_GT.json | identity                   | Outcome: SAFE               | Leaves:  94017 | Clr: 158.008 mm | t_trial: 12.842 s
[2019/3720] 6kitchen_i-am-hungry_9335a7cb_GT.json | identity                   | Outcome: SAFE               | Leaves:  94017 | Clr: 158.008 mm | t_trial: 12.866 s
[2020/3720] 6kitchen_i-am-hungry_9335a7cb_GT.json | label_radius               | Outcome: SAFE               | Leaves:  13903 | Clr: 158.008 mm | t_trial: 12.008 s
[2021/3720] 6kitchen_i-am-hungry_9335a7cb_GT.json | label_radius               | Outcome: SAFE               | Leaves:  13903 | Clr: 157.813 mm | t_trial: 11.508 s
[2022/3720] 6kitchen_i-am-hungry_9335a7cb_GT.json | label_radius               | Outcome: SAFE               | Leaves:  13903 | Clr: 158.008 mm | t_trial: 12.259 s
[2023/3720] 6kitchen_i-am-hungry_9335a7cb_GT.json | combined_quantile_adaptive | Outcome: SAFE               | Leaves:   4712 | Clr: 157.813 mm | t_trial: 11.359 s
[2024/3720] 6kitchen_i-am-hungry_9335a7cb_GT.json | combined_quantile_adaptive | Outcome: SAFE               | Leaves:   4712 | Clr: 158.008 mm | t_trial: 12.418 s

[PLANNED RESTART] Trial count 2024: Triggering planned restart 253...
[PLANNED RESTART] Terminating existing move_group process...
[PLANNED RESTART COMPLETE] New PID: 612720 | Ready in 11.473 s | Initial RSS: 168.41 MB
[2025/3720] 6kitchen_i-am-hungry_9335a7cb_GT.json | combined_quantile_adaptive | Outcome: SAFE               | Leaves:   4712 | Clr: 158.008 mm | t_trial: 13.251 s
[2026/3720] 6kitchen_i-am-hungry_9335a7cb_GT.json | affordance_inherit         | Outcome: SAFE               | Leaves:   5493 | Clr: 157.813 mm | t_trial: 12.573 s
[2027/3720] 6kitchen_i-am-hungry_9335a7cb_GT.json | affordance_inherit         | Outcome: SAFE               | Leaves:   5493 | Clr: 157.813 mm | t_trial: 12.492 s
[2028/3720] 6kitchen_i-am-hungry_9335a7cb_GT.json | affordance_inherit         | Outcome: SAFE               | Leaves:   5493 | Clr: 158.008 mm | t_trial: 11.655 s
[2029/3720] 6kitchen_i-am-hungry_9335a7cb_GT.json | label_inherit              | Outcome: SAFE               | Leaves:   4712 | Clr: 157.813 mm | t_trial: 12.065 s
[2030/3720] 6kitchen_i-am-hungry_9335a7cb_GT.json | label_inherit              | Outcome: SAFE               | Leaves:   4712 | Clr: 158.008 mm | t_trial: 12.171 s
[2031/3720] 6kitchen_i-am-hungry_9335a7cb_GT.json | label_inherit              | Outcome: SAFE               | Leaves:   4712 | Clr: 158.008 mm | t_trial: 11.487 s
[2032/3720] 6kitchen_i-am-hungry_9335a7cb_GT.json | label_only                 | Outcome: SAFE               | Leaves:   4446 | Clr: 157.813 mm | t_trial: 12.193 s

[PLANNED RESTART] Trial count 2032: Triggering planned restart 254...
[PLANNED RESTART] Terminating existing move_group process...
[PLANNED RESTART COMPLETE] New PID: 614694 | Ready in 11.511 s | Initial RSS: 168.44 MB
[2033/3720] 6kitchen_i-am-hungry_9335a7cb_GT.json | label_only                 | Outcome: SAFE               | Leaves:   4446 | Clr: 157.813 mm | t_trial: 13.197 s
[2034/3720] 6kitchen_i-am-hungry_9335a7cb_GT.json | label_only                 | Outcome: SAFE               | Leaves:   4446 | Clr: 158.008 mm | t_trial: 12.792 s
[2035/3720] 6kitchen_i-am-hungry_9335a7cb_GT.json | combined_inherit           | Outcome: SAFE               | Leaves:   4712 | Clr: 158.008 mm | t_trial: 12.500 s
[2036/3720] 6kitchen_i-am-hungry_9335a7cb_GT.json | combined_inherit           | Outcome: SAFE               | Leaves:   4712 | Clr: 158.008 mm | t_trial: 12.112 s
[2037/3720] 6kitchen_i-am-hungry_9335a7cb_GT.json | combined_inherit           | Outcome: SAFE               | Leaves:   4712 | Clr: 158.008 mm | t_trial: 12.075 s
[2038/3720] 6kitchen_i-am-hungry_9335a7cb_GT.json | information_bottleneck     | Outcome: SAFE               | Leaves:  25285 | Clr: 158.008 mm | t_trial: 12.274 s
[2039/3720] 6kitchen_i-am-hungry_9335a7cb_GT.json | information_bottleneck     | Outcome: SAFE               | Leaves:  25285 | Clr: 157.813 mm | t_trial: 11.501 s
[2040/3720] 6kitchen_i-am-hungry_9335a7cb_GT.json | information_bottleneck     | Outcome: SAFE               | Leaves:  25285 | Clr: 158.008 mm | t_trial: 12.532 s

[PLANNED RESTART] Trial count 2040: Triggering planned restart 255...
[PLANNED RESTART] Terminating existing move_group process...
[PLANNED RESTART COMPLETE] New PID: 616729 | Ready in 11.472 s | Initial RSS: 168.80 MB
[2041/3720] 6kitchen_i-am-hungry_GT.json        | identity                   | Outcome: SAFE               | Leaves:  94017 | Clr: 120.703 mm | t_trial: 13.281 s
[2042/3720] 6kitchen_i-am-hungry_GT.json        | identity                   | Outcome: SAFE               | Leaves:  94017 | Clr: 121.680 mm | t_trial: 12.351 s
[2043/3720] 6kitchen_i-am-hungry_GT.json        | identity                   | Outcome: SAFE               | Leaves:  94017 | Clr: 118.555 mm | t_trial: 12.576 s
[2044/3720] 6kitchen_i-am-hungry_GT.json        | label_radius               | Outcome: SAFE               | Leaves:  13903 | Clr: 120.312 mm | t_trial: 11.148 s
[2045/3720] 6kitchen_i-am-hungry_GT.json        | label_radius               | Outcome: SAFE               | Leaves:  13903 | Clr: 120.312 mm | t_trial: 11.750 s
[2046/3720] 6kitchen_i-am-hungry_GT.json        | label_radius               | Outcome: SAFE               | Leaves:  13903 | Clr: 120.312 mm | t_trial: 11.322 s
[2047/3720] 6kitchen_i-am-hungry_GT.json        | combined_quantile_adaptive | Outcome: SAFE               | Leaves:   4712 | Clr: 118.945 mm | t_trial: 11.610 s
[2048/3720] 6kitchen_i-am-hungry_GT.json        | combined_quantile_adaptive | Outcome: SAFE               | Leaves:   4712 | Clr: 119.922 mm | t_trial: 11.909 s

[PLANNED RESTART] Trial count 2048: Triggering planned restart 256...
[PLANNED RESTART] Terminating existing move_group process...
[PLANNED RESTART COMPLETE] New PID: 618706 | Ready in 11.466 s | Initial RSS: 168.85 MB
[2049/3720] 6kitchen_i-am-hungry_GT.json        | combined_quantile_adaptive | Outcome: SAFE               | Leaves:   4712 | Clr: 118.555 mm | t_trial: 13.000 s
[2050/3720] 6kitchen_i-am-hungry_GT.json        | affordance_inherit         | Outcome: SAFE               | Leaves:   5493 | Clr: 120.117 mm | t_trial: 12.705 s
[2051/3720] 6kitchen_i-am-hungry_GT.json        | affordance_inherit         | Outcome: SAFE               | Leaves:   5493 | Clr: 119.531 mm | t_trial: 11.637 s
[2052/3720] 6kitchen_i-am-hungry_GT.json        | affordance_inherit         | Outcome: SAFE               | Leaves:   5493 | Clr: 118.750 mm | t_trial: 11.205 s
[2053/3720] 6kitchen_i-am-hungry_GT.json        | label_inherit              | Outcome: SAFE               | Leaves:   4712 | Clr: 118.555 mm | t_trial: 11.766 s
[2054/3720] 6kitchen_i-am-hungry_GT.json        | label_inherit              | Outcome: SAFE               | Leaves:   4712 | Clr: 117.773 mm | t_trial: 11.326 s
[2055/3720] 6kitchen_i-am-hungry_GT.json        | label_inherit              | Outcome: SAFE               | Leaves:   4712 | Clr: 118.750 mm | t_trial: 11.654 s
[2056/3720] 6kitchen_i-am-hungry_GT.json        | label_only                 | Outcome: SAFE               | Leaves:   4446 | Clr: 118.164 mm | t_trial: 12.212 s

[PLANNED RESTART] Trial count 2056: Triggering planned restart 257...
[PLANNED RESTART] Terminating existing move_group process...
[PLANNED RESTART COMPLETE] New PID: 620690 | Ready in 11.468 s | Initial RSS: 168.37 MB
[2057/3720] 6kitchen_i-am-hungry_GT.json        | label_only                 | Outcome: SAFE               | Leaves:   4446 | Clr: 121.484 mm | t_trial: 12.717 s
[2058/3720] 6kitchen_i-am-hungry_GT.json        | label_only                 | Outcome: SAFE               | Leaves:   4446 | Clr: 118.359 mm | t_trial: 12.210 s
[2059/3720] 6kitchen_i-am-hungry_GT.json        | combined_inherit           | Outcome: SAFE               | Leaves:   4712 | Clr: 118.945 mm | t_trial: 12.384 s
[2060/3720] 6kitchen_i-am-hungry_GT.json        | combined_inherit           | Outcome: SAFE               | Leaves:   4712 | Clr: 119.531 mm | t_trial: 11.227 s
[2061/3720] 6kitchen_i-am-hungry_GT.json        | combined_inherit           | Outcome: SAFE               | Leaves:   4712 | Clr: 118.359 mm | t_trial: 11.695 s
[2062/3720] 6kitchen_i-am-hungry_GT.json        | information_bottleneck     | Outcome: SAFE               | Leaves:  25285 | Clr: 116.602 mm | t_trial: 11.400 s
[2063/3720] 6kitchen_i-am-hungry_GT.json        | information_bottleneck     | Outcome: SAFE               | Leaves:  25285 | Clr: 120.508 mm | t_trial: 11.660 s
[2064/3720] 6kitchen_i-am-hungry_GT.json        | information_bottleneck     | Outcome: SAFE               | Leaves:  25285 | Clr: 118.750 mm | t_trial: 11.598 s

[PLANNED RESTART] Trial count 2064: Triggering planned restart 258...
[PLANNED RESTART] Terminating existing move_group process...
[PLANNED RESTART COMPLETE] New PID: 622643 | Ready in 11.481 s | Initial RSS: 168.68 MB
[2065/3720] 6kitchen_i-am-hungry_bd1e147b_GT.json | identity                   | Outcome: SAFE               | Leaves:  94017 | Clr: 102.539 mm | t_trial: 13.452 s
[2066/3720] 6kitchen_i-am-hungry_bd1e147b_GT.json | identity                   | Outcome: SAFE               | Leaves:  94017 | Clr: 99.805 mm | t_trial: 12.640 s
[2067/3720] 6kitchen_i-am-hungry_bd1e147b_GT.json | identity                   | Outcome: SAFE               | Leaves:  94017 | Clr: 105.664 mm | t_trial: 12.477 s
[2068/3720] 6kitchen_i-am-hungry_bd1e147b_GT.json | label_radius               | Outcome: SAFE               | Leaves:  13903 | Clr: 101.953 mm | t_trial: 11.263 s
[2069/3720] 6kitchen_i-am-hungry_bd1e147b_GT.json | label_radius               | Outcome: SAFE               | Leaves:  13903 | Clr: 102.148 mm | t_trial: 11.781 s
[2070/3720] 6kitchen_i-am-hungry_bd1e147b_GT.json | label_radius               | Outcome: SAFE               | Leaves:  13903 | Clr: 101.562 mm | t_trial: 11.829 s
[2071/3720] 6kitchen_i-am-hungry_bd1e147b_GT.json | combined_quantile_adaptive | Outcome: SAFE               | Leaves:   4712 | Clr: 103.711 mm | t_trial: 11.253 s
[2072/3720] 6kitchen_i-am-hungry_bd1e147b_GT.json | combined_quantile_adaptive | Outcome: SAFE               | Leaves:   4712 | Clr: 100.977 mm | t_trial: 11.680 s

[PLANNED RESTART] Trial count 2072: Triggering planned restart 259...
[PLANNED RESTART] Terminating existing move_group process...
[PLANNED RESTART COMPLETE] New PID: 624600 | Ready in 11.624 s | Initial RSS: 168.01 MB
[2073/3720] 6kitchen_i-am-hungry_bd1e147b_GT.json | combined_quantile_adaptive | Outcome: SAFE               | Leaves:   4712 | Clr: 103.125 mm | t_trial: 12.901 s
[2074/3720] 6kitchen_i-am-hungry_bd1e147b_GT.json | affordance_inherit         | Outcome: SAFE               | Leaves:   5493 | Clr: 103.516 mm | t_trial: 12.294 s
[2075/3720] 6kitchen_i-am-hungry_bd1e147b_GT.json | affordance_inherit         | Outcome: SAFE               | Leaves:   5493 | Clr: 101.172 mm | t_trial: 12.277 s
[2076/3720] 6kitchen_i-am-hungry_bd1e147b_GT.json | affordance_inherit         | Outcome: SAFE               | Leaves:   5493 | Clr: 103.320 mm | t_trial: 11.730 s
[2077/3720] 6kitchen_i-am-hungry_bd1e147b_GT.json | label_inherit              | Outcome: SAFE               | Leaves:   4712 | Clr: 102.344 mm | t_trial: 11.772 s
[2078/3720] 6kitchen_i-am-hungry_bd1e147b_GT.json | label_inherit              | Outcome: SAFE               | Leaves:   4712 | Clr: 101.758 mm | t_trial: 11.399 s
[2079/3720] 6kitchen_i-am-hungry_bd1e147b_GT.json | label_inherit              | Outcome: SAFE               | Leaves:   4712 | Clr: 103.125 mm | t_trial: 11.181 s
[2080/3720] 6kitchen_i-am-hungry_bd1e147b_GT.json | label_only                 | Outcome: SAFE               | Leaves:   4446 | Clr: 100.195 mm | t_trial: 11.819 s

[PLANNED RESTART] Trial count 2080: Triggering planned restart 260...
[PLANNED RESTART] Terminating existing move_group process...
[PLANNED RESTART COMPLETE] New PID: 626569 | Ready in 11.472 s | Initial RSS: 168.52 MB
[2081/3720] 6kitchen_i-am-hungry_bd1e147b_GT.json | label_only                 | Outcome: SAFE               | Leaves:   4446 | Clr: 104.492 mm | t_trial: 13.456 s
[2082/3720] 6kitchen_i-am-hungry_bd1e147b_GT.json | label_only                 | Outcome: SAFE               | Leaves:   4446 | Clr: 102.148 mm | t_trial: 12.803 s
[2083/3720] 6kitchen_i-am-hungry_bd1e147b_GT.json | combined_inherit           | Outcome: SAFE               | Leaves:   4712 | Clr: 100.000 mm | t_trial: 12.194 s
[2084/3720] 6kitchen_i-am-hungry_bd1e147b_GT.json | combined_inherit           | Outcome: SAFE               | Leaves:   4712 | Clr: 100.781 mm | t_trial: 11.715 s
[2085/3720] 6kitchen_i-am-hungry_bd1e147b_GT.json | combined_inherit           | Outcome: SAFE               | Leaves:   4712 | Clr: 104.492 mm | t_trial: 11.746 s
[2086/3720] 6kitchen_i-am-hungry_bd1e147b_GT.json | information_bottleneck     | Outcome: SAFE               | Leaves:  25285 | Clr: 102.148 mm | t_trial: 11.965 s
[2087/3720] 6kitchen_i-am-hungry_bd1e147b_GT.json | information_bottleneck     | Outcome: SAFE               | Leaves:  25285 | Clr: 100.977 mm | t_trial: 11.714 s
[2088/3720] 6kitchen_i-am-hungry_bd1e147b_GT.json | information_bottleneck     | Outcome: SAFE               | Leaves:  25285 | Clr: 103.320 mm | t_trial: 12.231 s

[PLANNED RESTART] Trial count 2088: Triggering planned restart 261...
[PLANNED RESTART] Terminating existing move_group process...
[PLANNED RESTART COMPLETE] New PID: 628590 | Ready in 11.468 s | Initial RSS: 168.50 MB
[2089/3720] 6kitchen_i-am-hungry_c5d91ced_GT.json | identity                   | Outcome: SAFE               | Leaves:  94017 | Clr: 158.203 mm | t_trial: 13.377 s
[2090/3720] 6kitchen_i-am-hungry_c5d91ced_GT.json | identity                   | Outcome: SAFE               | Leaves:  94017 | Clr: 158.398 mm | t_trial: 12.358 s
[2091/3720] 6kitchen_i-am-hungry_c5d91ced_GT.json | identity                   | Outcome: SAFE               | Leaves:  94017 | Clr: 158.789 mm | t_trial: 12.561 s
[2092/3720] 6kitchen_i-am-hungry_c5d91ced_GT.json | label_radius               | Outcome: SAFE               | Leaves:  13903 | Clr: 159.180 mm | t_trial: 11.663 s
[2093/3720] 6kitchen_i-am-hungry_c5d91ced_GT.json | label_radius               | Outcome: SAFE               | Leaves:  13903 | Clr: 159.570 mm | t_trial: 11.755 s
[2094/3720] 6kitchen_i-am-hungry_c5d91ced_GT.json | label_radius               | Outcome: SAFE               | Leaves:  13903 | Clr: 156.836 mm | t_trial: 11.188 s
[2095/3720] 6kitchen_i-am-hungry_c5d91ced_GT.json | combined_quantile_adaptive | Outcome: SAFE               | Leaves:   4712 | Clr: 157.617 mm | t_trial: 11.698 s
[2096/3720] 6kitchen_i-am-hungry_c5d91ced_GT.json | combined_quantile_adaptive | Outcome: SAFE               | Leaves:   4712 | Clr: 158.594 mm | t_trial: 11.815 s

[PLANNED RESTART] Trial count 2096: Triggering planned restart 262...
[PLANNED RESTART] Terminating existing move_group process...
[PLANNED RESTART COMPLETE] New PID: 630579 | Ready in 11.516 s | Initial RSS: 168.27 MB
[2097/3720] 6kitchen_i-am-hungry_c5d91ced_GT.json | combined_quantile_adaptive | Outcome: SAFE               | Leaves:   4712 | Clr: 159.375 mm | t_trial: 12.893 s
[2098/3720] 6kitchen_i-am-hungry_c5d91ced_GT.json | affordance_inherit         | Outcome: SAFE               | Leaves:   5493 | Clr: 155.664 mm | t_trial: 12.798 s
[2099/3720] 6kitchen_i-am-hungry_c5d91ced_GT.json | affordance_inherit         | Outcome: SAFE               | Leaves:   5493 | Clr: 156.836 mm | t_trial: 12.253 s
[2100/3720] 6kitchen_i-am-hungry_c5d91ced_GT.json | affordance_inherit         | Outcome: SAFE               | Leaves:   5493 | Clr: 159.570 mm | t_trial: 11.269 s
[2101/3720] 6kitchen_i-am-hungry_c5d91ced_GT.json | label_inherit              | Outcome: SAFE               | Leaves:   4712 | Clr: 157.617 mm | t_trial: 11.704 s
[2102/3720] 6kitchen_i-am-hungry_c5d91ced_GT.json | label_inherit              | Outcome: SAFE               | Leaves:   4712 | Clr: 159.766 mm | t_trial: 11.316 s
[2103/3720] 6kitchen_i-am-hungry_c5d91ced_GT.json | label_inherit              | Outcome: SAFE               | Leaves:   4712 | Clr: 157.031 mm | t_trial: 11.538 s
[2104/3720] 6kitchen_i-am-hungry_c5d91ced_GT.json | label_only                 | Outcome: SAFE               | Leaves:   4446 | Clr: 156.836 mm | t_trial: 12.380 s

[PLANNED RESTART] Trial count 2104: Triggering planned restart 263...
[PLANNED RESTART] Terminating existing move_group process...
[PLANNED RESTART COMPLETE] New PID: 632564 | Ready in 11.469 s | Initial RSS: 168.62 MB
[2105/3720] 6kitchen_i-am-hungry_c5d91ced_GT.json | label_only                 | Outcome: SAFE               | Leaves:   4446 | Clr: 158.398 mm | t_trial: 12.895 s
[2106/3720] 6kitchen_i-am-hungry_c5d91ced_GT.json | label_only                 | Outcome: SAFE               | Leaves:   4446 | Clr: 159.766 mm | t_trial: 11.946 s
[2107/3720] 6kitchen_i-am-hungry_c5d91ced_GT.json | combined_inherit           | Outcome: SAFE               | Leaves:   4712 | Clr: 157.031 mm | t_trial: 12.164 s
[2108/3720] 6kitchen_i-am-hungry_c5d91ced_GT.json | combined_inherit           | Outcome: SAFE               | Leaves:   4712 | Clr: 156.641 mm | t_trial: 11.766 s
[2109/3720] 6kitchen_i-am-hungry_c5d91ced_GT.json | combined_inherit           | Outcome: SAFE               | Leaves:   4712 | Clr: 157.422 mm | t_trial: 11.607 s
[2110/3720] 6kitchen_i-am-hungry_c5d91ced_GT.json | information_bottleneck     | Outcome: SAFE               | Leaves:  25285 | Clr: 157.617 mm | t_trial: 11.814 s
[2111/3720] 6kitchen_i-am-hungry_c5d91ced_GT.json | information_bottleneck     | Outcome: SAFE               | Leaves:  25285 | Clr: 157.617 mm | t_trial: 11.702 s
[2112/3720] 6kitchen_i-am-hungry_c5d91ced_GT.json | information_bottleneck     | Outcome: SAFE               | Leaves:  25285 | Clr: 157.813 mm | t_trial: 12.117 s

[PLANNED RESTART] Trial count 2112: Triggering planned restart 264...
[PLANNED RESTART] Terminating existing move_group process...
[PLANNED RESTART COMPLETE] New PID: 634507 | Ready in 11.587 s | Initial RSS: 168.31 MB
[2113/3720] 6kitchen_i-am-hungry_e5429f83_GT.json | identity                   | Outcome: SAFE               | Leaves:  94017 | Clr: 185.938 mm | t_trial: 13.739 s
[2114/3720] 6kitchen_i-am-hungry_e5429f83_GT.json | identity                   | Outcome: SAFE               | Leaves:  94017 | Clr: 186.328 mm | t_trial: 12.891 s
[2115/3720] 6kitchen_i-am-hungry_e5429f83_GT.json | identity                   | Outcome: SAFE               | Leaves:  94017 | Clr: 182.031 mm | t_trial: 12.086 s
[2116/3720] 6kitchen_i-am-hungry_e5429f83_GT.json | label_radius               | Outcome: SAFE               | Leaves:  13903 | Clr: 185.938 mm | t_trial: 11.279 s
[2117/3720] 6kitchen_i-am-hungry_e5429f83_GT.json | label_radius               | Outcome: SAFE               | Leaves:  13903 | Clr: 185.352 mm | t_trial: 11.911 s
[2118/3720] 6kitchen_i-am-hungry_e5429f83_GT.json | label_radius               | Outcome: SAFE               | Leaves:  13903 | Clr: 186.328 mm | t_trial: 11.258 s
[2119/3720] 6kitchen_i-am-hungry_e5429f83_GT.json | combined_quantile_adaptive | Outcome: SAFE               | Leaves:   4712 | Clr: 182.617 mm | t_trial: 11.765 s
[2120/3720] 6kitchen_i-am-hungry_e5429f83_GT.json | combined_quantile_adaptive | Outcome: SAFE               | Leaves:   4712 | Clr: 184.180 mm | t_trial: 12.631 s

[PLANNED RESTART] Trial count 2120: Triggering planned restart 265...
[PLANNED RESTART] Terminating existing move_group process...
[PLANNED RESTART COMPLETE] New PID: 636518 | Ready in 11.469 s | Initial RSS: 168.21 MB
[2121/3720] 6kitchen_i-am-hungry_e5429f83_GT.json | combined_quantile_adaptive | Outcome: SAFE               | Leaves:   4712 | Clr: 184.570 mm | t_trial: 12.752 s
[2122/3720] 6kitchen_i-am-hungry_e5429f83_GT.json | affordance_inherit         | Outcome: SAFE               | Leaves:   5493 | Clr: 183.984 mm | t_trial: 12.333 s
[2123/3720] 6kitchen_i-am-hungry_e5429f83_GT.json | affordance_inherit         | Outcome: SAFE               | Leaves:   5493 | Clr: 186.914 mm | t_trial: 12.457 s
[2124/3720] 6kitchen_i-am-hungry_e5429f83_GT.json | affordance_inherit         | Outcome: SAFE               | Leaves:   5493 | Clr: 186.328 mm | t_trial: 11.814 s
[2125/3720] 6kitchen_i-am-hungry_e5429f83_GT.json | label_inherit              | Outcome: SAFE               | Leaves:   4712 | Clr: 186.328 mm | t_trial: 11.321 s
[2126/3720] 6kitchen_i-am-hungry_e5429f83_GT.json | label_inherit              | Outcome: SAFE               | Leaves:   4712 | Clr: 183.594 mm | t_trial: 11.942 s
[2127/3720] 6kitchen_i-am-hungry_e5429f83_GT.json | label_inherit              | Outcome: SAFE               | Leaves:   4712 | Clr: 185.938 mm | t_trial: 11.726 s
[2128/3720] 6kitchen_i-am-hungry_e5429f83_GT.json | label_only                 | Outcome: SAFE               | Leaves:   4446 | Clr: 186.914 mm | t_trial: 12.324 s

[PLANNED RESTART] Trial count 2128: Triggering planned restart 266...
[PLANNED RESTART] Terminating existing move_group process...
[PLANNED RESTART COMPLETE] New PID: 638514 | Ready in 11.473 s | Initial RSS: 168.14 MB
[2129/3720] 6kitchen_i-am-hungry_e5429f83_GT.json | label_only                 | Outcome: SAFE               | Leaves:   4446 | Clr: 184.570 mm | t_trial: 13.244 s
[2130/3720] 6kitchen_i-am-hungry_e5429f83_GT.json | label_only                 | Outcome: SAFE               | Leaves:   4446 | Clr: 185.156 mm | t_trial: 12.829 s
[2131/3720] 6kitchen_i-am-hungry_e5429f83_GT.json | combined_inherit           | Outcome: SAFE               | Leaves:   4712 | Clr: 186.523 mm | t_trial: 12.325 s
[2132/3720] 6kitchen_i-am-hungry_e5429f83_GT.json | combined_inherit           | Outcome: SAFE               | Leaves:   4712 | Clr: 186.133 mm | t_trial: 11.902 s
[2133/3720] 6kitchen_i-am-hungry_e5429f83_GT.json | combined_inherit           | Outcome: SAFE               | Leaves:   4712 | Clr: 183.203 mm | t_trial: 11.331 s
[2134/3720] 6kitchen_i-am-hungry_e5429f83_GT.json | information_bottleneck     | Outcome: SAFE               | Leaves:  25285 | Clr: 185.156 mm | t_trial: 11.780 s
[2135/3720] 6kitchen_i-am-hungry_e5429f83_GT.json | information_bottleneck     | Outcome: SAFE               | Leaves:  25285 | Clr: 183.984 mm | t_trial: 11.850 s
[2136/3720] 6kitchen_i-am-hungry_e5429f83_GT.json | information_bottleneck     | Outcome: SAFE               | Leaves:  25285 | Clr: 186.914 mm | t_trial: 12.553 s

[PLANNED RESTART] Trial count 2136: Triggering planned restart 267...
[PLANNED RESTART] Terminating existing move_group process...
[PLANNED RESTART COMPLETE] New PID: 640528 | Ready in 11.541 s | Initial RSS: 168.45 MB
[2137/3720] 6kitchen_i-am-looking-for-storage-items_GT.json | identity                   | Outcome: SAFE               | Leaves:  94017 | Clr: 161.914 mm | t_trial: 13.197 s
[2138/3720] 6kitchen_i-am-looking-for-storage-items_GT.json | identity                   | Outcome: SAFE               | Leaves:  94017 | Clr: 161.914 mm | t_trial: 12.562 s
[2139/3720] 6kitchen_i-am-looking-for-storage-items_GT.json | identity                   | Outcome: SAFE               | Leaves:  94017 | Clr: 161.914 mm | t_trial: 12.748 s
[2140/3720] 6kitchen_i-am-looking-for-storage-items_GT.json | label_radius               | Outcome: SAFE               | Leaves:   5909 | Clr: 161.914 mm | t_trial: 11.692 s
[2141/3720] 6kitchen_i-am-looking-for-storage-items_GT.json | label_radius               | Outcome: SAFE               | Leaves:   5909 | Clr: 161.914 mm | t_trial: 11.868 s
[2142/3720] 6kitchen_i-am-looking-for-storage-items_GT.json | label_radius               | Outcome: SAFE               | Leaves:   5909 | Clr: 161.914 mm | t_trial: 11.746 s
[2143/3720] 6kitchen_i-am-looking-for-storage-items_GT.json | combined_quantile_adaptive | Outcome: SAFE               | Leaves:  56760 | Clr: 161.914 mm | t_trial: 12.151 s
[2144/3720] 6kitchen_i-am-looking-for-storage-items_GT.json | combined_quantile_adaptive | Outcome: SAFE               | Leaves:  56760 | Clr: 161.914 mm | t_trial: 11.986 s

[PLANNED RESTART] Trial count 2144: Triggering planned restart 268...
[PLANNED RESTART] Terminating existing move_group process...
[PLANNED RESTART COMPLETE] New PID: 642545 | Ready in 11.462 s | Initial RSS: 168.56 MB
[2145/3720] 6kitchen_i-am-looking-for-storage-items_GT.json | combined_quantile_adaptive | Outcome: SAFE               | Leaves:  56760 | Clr: 161.914 mm | t_trial: 13.223 s
[2146/3720] 6kitchen_i-am-looking-for-storage-items_GT.json | affordance_inherit         | Outcome: SAFE               | Leaves:   4712 | Clr: 161.914 mm | t_trial: 12.357 s
[2147/3720] 6kitchen_i-am-looking-for-storage-items_GT.json | affordance_inherit         | Outcome: SAFE               | Leaves:   4712 | Clr: 161.914 mm | t_trial: 12.263 s
[2148/3720] 6kitchen_i-am-looking-for-storage-items_GT.json | affordance_inherit         | Outcome: SAFE               | Leaves:   4712 | Clr: 161.914 mm | t_trial: 11.786 s
[2149/3720] 6kitchen_i-am-looking-for-storage-items_GT.json | label_inherit              | Outcome: SAFE               | Leaves:   1493 | Clr: 161.914 mm | t_trial: 11.814 s
[2150/3720] 6kitchen_i-am-looking-for-storage-items_GT.json | label_inherit              | Outcome: SAFE               | Leaves:   1493 | Clr: 161.914 mm | t_trial: 11.833 s
[2151/3720] 6kitchen_i-am-looking-for-storage-items_GT.json | label_inherit              | Outcome: SAFE               | Leaves:   1493 | Clr: 161.914 mm | t_trial: 11.696 s
[2152/3720] 6kitchen_i-am-looking-for-storage-items_GT.json | label_only                 | Outcome: SAFE               | Leaves:   1461 | Clr: 161.914 mm | t_trial: 12.272 s

[PLANNED RESTART] Trial count 2152: Triggering planned restart 269...
[PLANNED RESTART] Terminating existing move_group process...
[PLANNED RESTART COMPLETE] New PID: 644532 | Ready in 11.551 s | Initial RSS: 168.51 MB
[2153/3720] 6kitchen_i-am-looking-for-storage-items_GT.json | label_only                 | Outcome: SAFE               | Leaves:   1461 | Clr: 161.914 mm | t_trial: 12.782 s
[2154/3720] 6kitchen_i-am-looking-for-storage-items_GT.json | label_only                 | Outcome: SAFE               | Leaves:   1461 | Clr: 161.914 mm | t_trial: 12.184 s
[2155/3720] 6kitchen_i-am-looking-for-storage-items_GT.json | combined_inherit           | Outcome: SAFE               | Leaves:   1493 | Clr: 161.914 mm | t_trial: 12.383 s
[2156/3720] 6kitchen_i-am-looking-for-storage-items_GT.json | combined_inherit           | Outcome: SAFE               | Leaves:   1493 | Clr: 161.914 mm | t_trial: 11.907 s
[2157/3720] 6kitchen_i-am-looking-for-storage-items_GT.json | combined_inherit           | Outcome: SAFE               | Leaves:   1493 | Clr: 161.914 mm | t_trial: 11.725 s
[2158/3720] 6kitchen_i-am-looking-for-storage-items_GT.json | information_bottleneck     | Outcome: SAFE               | Leaves:  56233 | Clr: 161.914 mm | t_trial: 11.946 s
[2159/3720] 6kitchen_i-am-looking-for-storage-items_GT.json | information_bottleneck     | Outcome: SAFE               | Leaves:  56233 | Clr: 161.914 mm | t_trial: 12.136 s
[2160/3720] 6kitchen_i-am-looking-for-storage-items_GT.json | information_bottleneck     | Outcome: SAFE               | Leaves:  56233 | Clr: 161.914 mm | t_trial: 12.250 s

[PLANNED RESTART] Trial count 2160: Triggering planned restart 270...
[PLANNED RESTART] Terminating existing move_group process...
[PLANNED RESTART COMPLETE] New PID: 646512 | Ready in 11.509 s | Initial RSS: 168.68 MB
[2161/3720] 6kitchen_i-need-to-clean-the-dirty-dishes_GT.json | identity                   | Outcome: SAFE               | Leaves:  94017 | Clr: 159.570 mm | t_trial: 13.444 s
[2162/3720] 6kitchen_i-need-to-clean-the-dirty-dishes_GT.json | identity                   | Outcome: SAFE               | Leaves:  94017 | Clr: 161.523 mm | t_trial: 12.326 s
[2163/3720] 6kitchen_i-need-to-clean-the-dirty-dishes_GT.json | identity                   | Outcome: SAFE               | Leaves:  94017 | Clr: 160.352 mm | t_trial: 12.510 s
[2164/3720] 6kitchen_i-need-to-clean-the-dirty-dishes_GT.json | label_radius               | Outcome: SAFE               | Leaves:  12246 | Clr: 160.156 mm | t_trial: 11.617 s
[2165/3720] 6kitchen_i-need-to-clean-the-dirty-dishes_GT.json | label_radius               | Outcome: SAFE               | Leaves:  12246 | Clr: 157.031 mm | t_trial: 11.766 s
[2166/3720] 6kitchen_i-need-to-clean-the-dirty-dishes_GT.json | label_radius               | Outcome: SAFE               | Leaves:  12246 | Clr: 158.203 mm | t_trial: 11.653 s
[2167/3720] 6kitchen_i-need-to-clean-the-dirty-dishes_GT.json | combined_quantile_adaptive | Outcome: SAFE               | Leaves:   5493 | Clr: 159.180 mm | t_trial: 11.667 s
[2168/3720] 6kitchen_i-need-to-clean-the-dirty-dishes_GT.json | combined_quantile_adaptive | Outcome: SAFE               | Leaves:   5493 | Clr: 161.328 mm | t_trial: 12.111 s

[PLANNED RESTART] Trial count 2168: Triggering planned restart 271...
[PLANNED RESTART] Terminating existing move_group process...
[PLANNED RESTART COMPLETE] New PID: 648519 | Ready in 11.541 s | Initial RSS: 168.56 MB
[2169/3720] 6kitchen_i-need-to-clean-the-dirty-dishes_GT.json | combined_quantile_adaptive | Outcome: SAFE               | Leaves:   5493 | Clr: 155.859 mm | t_trial: 12.808 s
[2170/3720] 6kitchen_i-need-to-clean-the-dirty-dishes_GT.json | affordance_inherit         | Outcome: SAFE               | Leaves:   5493 | Clr: 157.227 mm | t_trial: 12.734 s
[2171/3720] 6kitchen_i-need-to-clean-the-dirty-dishes_GT.json | affordance_inherit         | Outcome: SAFE               | Leaves:   5493 | Clr: 160.352 mm | t_trial: 12.181 s
[2172/3720] 6kitchen_i-need-to-clean-the-dirty-dishes_GT.json | affordance_inherit         | Outcome: SAFE               | Leaves:   5493 | Clr: 159.180 mm | t_trial: 11.701 s
[2173/3720] 6kitchen_i-need-to-clean-the-dirty-dishes_GT.json | label_inherit              | Outcome: SAFE               | Leaves:   5493 | Clr: 162.109 mm | t_trial: 11.661 s
[2174/3720] 6kitchen_i-need-to-clean-the-dirty-dishes_GT.json | label_inherit              | Outcome: SAFE               | Leaves:   5493 | Clr: 160.352 mm | t_trial: 11.860 s
[2175/3720] 6kitchen_i-need-to-clean-the-dirty-dishes_GT.json | label_inherit              | Outcome: SAFE               | Leaves:   5493 | Clr: 159.766 mm | t_trial: 11.648 s
[2176/3720] 6kitchen_i-need-to-clean-the-dirty-dishes_GT.json | label_only                 | Outcome: SAFE               | Leaves:   5417 | Clr: 160.352 mm | t_trial: 12.493 s

[PLANNED RESTART] Trial count 2176: Triggering planned restart 272...
[PLANNED RESTART] Terminating existing move_group process...
[PLANNED RESTART COMPLETE] New PID: 650516 | Ready in 11.478 s | Initial RSS: 168.42 MB
[2177/3720] 6kitchen_i-need-to-clean-the-dirty-dishes_GT.json | label_only                 | Outcome: SAFE               | Leaves:   5417 | Clr: 158.398 mm | t_trial: 12.810 s
[2178/3720] 6kitchen_i-need-to-clean-the-dirty-dishes_GT.json | label_only                 | Outcome: SAFE               | Leaves:   5417 | Clr: 160.938 mm | t_trial: 12.329 s
[2179/3720] 6kitchen_i-need-to-clean-the-dirty-dishes_GT.json | combined_inherit           | Outcome: SAFE               | Leaves:   5493 | Clr: 160.547 mm | t_trial: 12.263 s
[2180/3720] 6kitchen_i-need-to-clean-the-dirty-dishes_GT.json | combined_inherit           | Outcome: SAFE               | Leaves:   5493 | Clr: 157.422 mm | t_trial: 11.172 s
[2181/3720] 6kitchen_i-need-to-clean-the-dirty-dishes_GT.json | combined_inherit           | Outcome: SAFE               | Leaves:   5493 | Clr: 159.961 mm | t_trial: 11.724 s
[2182/3720] 6kitchen_i-need-to-clean-the-dirty-dishes_GT.json | information_bottleneck     | Outcome: SAFE               | Leaves:      0 | Clr: 162.305 mm | t_trial: 11.657 s
[2183/3720] 6kitchen_i-need-to-clean-the-dirty-dishes_GT.json | information_bottleneck     | Outcome: SAFE               | Leaves:      0 | Clr: 159.570 mm | t_trial: 11.633 s
[2184/3720] 6kitchen_i-need-to-clean-the-dirty-dishes_GT.json | information_bottleneck     | Outcome: SAFE               | Leaves:      0 | Clr: 159.961 mm | t_trial: 12.087 s

[PLANNED RESTART] Trial count 2184: Triggering planned restart 273...
[PLANNED RESTART] Terminating existing move_group process...
[PLANNED RESTART COMPLETE] New PID: 652501 | Ready in 11.470 s | Initial RSS: 168.55 MB
[2185/3720] 6kitchen_its-too-cold-in-here_GT.json | identity                   | Outcome: SAFE               | Leaves:  94017 | Clr: 155.859 mm | t_trial: 13.319 s
[2186/3720] 6kitchen_its-too-cold-in-here_GT.json | identity                   | Outcome: SAFE               | Leaves:  94017 | Clr: 155.859 mm | t_trial: 12.612 s
[2187/3720] 6kitchen_its-too-cold-in-here_GT.json | identity                   | Outcome: SAFE               | Leaves:  94017 | Clr: 155.859 mm | t_trial: 12.501 s
[2188/3720] 6kitchen_its-too-cold-in-here_GT.json | label_radius               | Outcome: SAFE               | Leaves:  25527 | Clr: 155.859 mm | t_trial: 11.792 s
[2189/3720] 6kitchen_its-too-cold-in-here_GT.json | label_radius               | Outcome: SAFE               | Leaves:  25527 | Clr: 155.859 mm | t_trial: 11.363 s
[2190/3720] 6kitchen_its-too-cold-in-here_GT.json | label_radius               | Outcome: SAFE               | Leaves:  25527 | Clr: 155.859 mm | t_trial: 11.338 s
[2191/3720] 6kitchen_its-too-cold-in-here_GT.json | combined_quantile_adaptive | Outcome: SAFE               | Leaves:  11165 | Clr: 155.859 mm | t_trial: 11.187 s
[2192/3720] 6kitchen_its-too-cold-in-here_GT.json | combined_quantile_adaptive | Outcome: SAFE               | Leaves:  11165 | Clr: 155.859 mm | t_trial: 12.160 s

[PLANNED RESTART] Trial count 2192: Triggering planned restart 274...
[PLANNED RESTART] Terminating existing move_group process...
[PLANNED RESTART COMPLETE] New PID: 654471 | Ready in 11.466 s | Initial RSS: 168.09 MB
[2193/3720] 6kitchen_its-too-cold-in-here_GT.json | combined_quantile_adaptive | Outcome: SAFE               | Leaves:  11165 | Clr: 155.859 mm | t_trial: 12.899 s
[2194/3720] 6kitchen_its-too-cold-in-here_GT.json | affordance_inherit         | Outcome: SAFE               | Leaves:   1751 | Clr: 155.859 mm | t_trial: 12.407 s
[2195/3720] 6kitchen_its-too-cold-in-here_GT.json | affordance_inherit         | Outcome: SAFE               | Leaves:   1751 | Clr: 155.859 mm | t_trial: 11.741 s
[2196/3720] 6kitchen_its-too-cold-in-here_GT.json | affordance_inherit         | Outcome: SAFE               | Leaves:   1751 | Clr: 155.859 mm | t_trial: 11.876 s
[2197/3720] 6kitchen_its-too-cold-in-here_GT.json | label_inherit              | Outcome: SAFE               | Leaves:   9414 | Clr: 155.859 mm | t_trial: 11.261 s
[2198/3720] 6kitchen_its-too-cold-in-here_GT.json | label_inherit              | Outcome: SAFE               | Leaves:   9414 | Clr: 155.859 mm | t_trial: 11.894 s
[2199/3720] 6kitchen_its-too-cold-in-here_GT.json | label_inherit              | Outcome: SAFE               | Leaves:   9414 | Clr: 155.859 mm | t_trial: 11.774 s
[2200/3720] 6kitchen_its-too-cold-in-here_GT.json | label_only                 | Outcome: SAFE               | Leaves:   9217 | Clr: 155.859 mm | t_trial: 11.450 s

[PLANNED RESTART] Trial count 2200: Triggering planned restart 275...
[PLANNED RESTART] Terminating existing move_group process...
[PLANNED RESTART COMPLETE] New PID: 656419 | Ready in 11.495 s | Initial RSS: 168.62 MB
[2201/3720] 6kitchen_its-too-cold-in-here_GT.json | label_only                 | Outcome: SAFE               | Leaves:   9217 | Clr: 155.859 mm | t_trial: 12.902 s
[2202/3720] 6kitchen_its-too-cold-in-here_GT.json | label_only                 | Outcome: SAFE               | Leaves:   9217 | Clr: 155.859 mm | t_trial: 12.866 s
[2203/3720] 6kitchen_its-too-cold-in-here_GT.json | combined_inherit           | Outcome: SAFE               | Leaves:   1751 | Clr: 155.859 mm | t_trial: 12.228 s
[2204/3720] 6kitchen_its-too-cold-in-here_GT.json | combined_inherit           | Outcome: SAFE               | Leaves:   1751 | Clr: 155.859 mm | t_trial: 11.725 s
[2205/3720] 6kitchen_its-too-cold-in-here_GT.json | combined_inherit           | Outcome: SAFE               | Leaves:   1751 | Clr: 155.859 mm | t_trial: 11.308 s
[2206/3720] 6kitchen_its-too-cold-in-here_GT.json | information_bottleneck     | Outcome: SAFE               | Leaves:  10898 | Clr: 155.859 mm | t_trial: 11.261 s
[2207/3720] 6kitchen_its-too-cold-in-here_GT.json | information_bottleneck     | Outcome: SAFE               | Leaves:  10898 | Clr: 155.859 mm | t_trial: 11.710 s
[2208/3720] 6kitchen_its-too-cold-in-here_GT.json | information_bottleneck     | Outcome: SAFE               | Leaves:  10898 | Clr: 155.859 mm | t_trial: 11.869 s

[PLANNED RESTART] Trial count 2208: Triggering planned restart 276...
[PLANNED RESTART] Terminating existing move_group process...
[PLANNED RESTART COMPLETE] New PID: 658398 | Ready in 11.476 s | Initial RSS: 168.61 MB
[2209/3720] 6kitchen_someone-is-knocking-at-the-door_GT.json | identity                   | Outcome: SAFE               | Leaves:  94017 | Clr: 181.250 mm | t_trial: 15.074 s
[2210/3720] 6kitchen_someone-is-knocking-at-the-door_GT.json | identity                   | Outcome: SAFE               | Leaves:  94017 | Clr: 181.836 mm | t_trial: 14.547 s
[2211/3720] 6kitchen_someone-is-knocking-at-the-door_GT.json | identity                   | Outcome: SAFE               | Leaves:  94017 | Clr: 181.836 mm | t_trial: 14.840 s
[2212/3720] 6kitchen_someone-is-knocking-at-the-door_GT.json | label_radius               | Outcome: SAFE               | Leaves:  10897 | Clr: 181.836 mm | t_trial: 13.789 s
[2213/3720] 6kitchen_someone-is-knocking-at-the-door_GT.json | label_radius               | Outcome: SAFE               | Leaves:  10897 | Clr: 181.836 mm | t_trial: 14.123 s
[2214/3720] 6kitchen_someone-is-knocking-at-the-door_GT.json | label_radius               | Outcome: SAFE               | Leaves:  10897 | Clr: 181.836 mm | t_trial: 13.800 s
[2215/3720] 6kitchen_someone-is-knocking-at-the-door_GT.json | combined_quantile_adaptive | Outcome: SAFE               | Leaves:  10897 | Clr: 181.836 mm | t_trial: 13.870 s
[2216/3720] 6kitchen_someone-is-knocking-at-the-door_GT.json | combined_quantile_adaptive | Outcome: SAFE               | Leaves:  10897 | Clr: 181.250 mm | t_trial: 14.147 s

[PLANNED RESTART] Trial count 2216: Triggering planned restart 277...
[PLANNED RESTART] Terminating existing move_group process...
[PLANNED RESTART COMPLETE] New PID: 660698 | Ready in 11.471 s | Initial RSS: 168.18 MB
[2217/3720] 6kitchen_someone-is-knocking-at-the-door_GT.json | combined_quantile_adaptive | Outcome: SAFE               | Leaves:  10897 | Clr: 180.664 mm | t_trial: 16.614 s
[2218/3720] 6kitchen_someone-is-knocking-at-the-door_GT.json | affordance_inherit         | Outcome: SAFE               | Leaves:   6327 | Clr: 181.836 mm | t_trial: 14.288 s
[2219/3720] 6kitchen_someone-is-knocking-at-the-door_GT.json | affordance_inherit         | Outcome: SAFE               | Leaves:   6327 | Clr: 181.836 mm | t_trial: 14.411 s
[2220/3720] 6kitchen_someone-is-knocking-at-the-door_GT.json | affordance_inherit         | Outcome: SAFE               | Leaves:   6327 | Clr: 181.836 mm | t_trial: 13.946 s
[2221/3720] 6kitchen_someone-is-knocking-at-the-door_GT.json | label_inherit              | Outcome: SAFE               | Leaves:  10897 | Clr: 181.641 mm | t_trial: 13.952 s
[2222/3720] 6kitchen_someone-is-knocking-at-the-door_GT.json | label_inherit              | Outcome: SAFE               | Leaves:  10897 | Clr: 181.836 mm | t_trial: 14.050 s
[2223/3720] 6kitchen_someone-is-knocking-at-the-door_GT.json | label_inherit              | Outcome: SAFE               | Leaves:  10897 | Clr: 181.836 mm | t_trial: 13.937 s
[2224/3720] 6kitchen_someone-is-knocking-at-the-door_GT.json | label_only                 | Outcome: SAFE               | Leaves:  10855 | Clr: 181.836 mm | t_trial: 14.181 s

[PLANNED RESTART] Trial count 2224: Triggering planned restart 278...
[PLANNED RESTART] Terminating existing move_group process...
[PLANNED RESTART COMPLETE] New PID: 662996 | Ready in 11.500 s | Initial RSS: 168.48 MB
[2225/3720] 6kitchen_someone-is-knocking-at-the-door_GT.json | label_only                 | Outcome: SAFE               | Leaves:  10855 | Clr: 181.836 mm | t_trial: 15.050 s
[2226/3720] 6kitchen_someone-is-knocking-at-the-door_GT.json | label_only                 | Outcome: SAFE               | Leaves:  10855 | Clr: 181.836 mm | t_trial: 15.016 s
[2227/3720] 6kitchen_someone-is-knocking-at-the-door_GT.json | combined_inherit           | Outcome: SAFE               | Leaves:  10897 | Clr: 181.836 mm | t_trial: 14.382 s
[2228/3720] 6kitchen_someone-is-knocking-at-the-door_GT.json | combined_inherit           | Outcome: SAFE               | Leaves:  10897 | Clr: 180.859 mm | t_trial: 15.742 s
[2229/3720] 6kitchen_someone-is-knocking-at-the-door_GT.json | combined_inherit           | Outcome: SAFE               | Leaves:  10897 | Clr: 181.836 mm | t_trial: 13.940 s
[2230/3720] 6kitchen_someone-is-knocking-at-the-door_GT.json | information_bottleneck     | Outcome: SAFE               | Leaves:  10897 | Clr: 181.445 mm | t_trial: 14.022 s
[2231/3720] 6kitchen_someone-is-knocking-at-the-door_GT.json | information_bottleneck     | Outcome: SAFE               | Leaves:  10897 | Clr: 181.836 mm | t_trial: 14.066 s
[2232/3720] 6kitchen_someone-is-knocking-at-the-door_GT.json | information_bottleneck     | Outcome: SAFE               | Leaves:  10897 | Clr: 181.836 mm | t_trial: 14.453 s

[PLANNED RESTART] Trial count 2232: Triggering planned restart 279...
[PLANNED RESTART] Terminating existing move_group process...
[PLANNED RESTART COMPLETE] New PID: 665355 | Ready in 11.469 s | Initial RSS: 168.43 MB
[2233/3720] 7bedroom_open-the-wardrobe_05be65a1_GT.json | identity                   | Outcome: SAFE               | Leaves:  93787 | Clr: 80.859 mm | t_trial: 13.686 s
[2234/3720] 7bedroom_open-the-wardrobe_05be65a1_GT.json | identity                   | Outcome: SAFE               | Leaves:  93787 | Clr: 81.250 mm | t_trial: 12.478 s
[2235/3720] 7bedroom_open-the-wardrobe_05be65a1_GT.json | identity                   | Outcome: SAFE               | Leaves:  93787 | Clr: 76.758 mm | t_trial: 12.374 s
[2236/3720] 7bedroom_open-the-wardrobe_05be65a1_GT.json | label_radius               | Outcome: SAFE               | Leaves:  93706 | Clr: 78.516 mm | t_trial: 11.930 s
[2237/3720] 7bedroom_open-the-wardrobe_05be65a1_GT.json | label_radius               | Outcome: SAFE               | Leaves:  93706 | Clr: 79.102 mm | t_trial: 11.857 s
[2238/3720] 7bedroom_open-the-wardrobe_05be65a1_GT.json | label_radius               | Outcome: SAFE               | Leaves:  93706 | Clr: 78.711 mm | t_trial: 11.977 s
[2239/3720] 7bedroom_open-the-wardrobe_05be65a1_GT.json | combined_quantile_adaptive | Outcome: SAFE               | Leaves:  93787 | Clr: 76.562 mm | t_trial: 12.459 s
[2240/3720] 7bedroom_open-the-wardrobe_05be65a1_GT.json | combined_quantile_adaptive | Outcome: SAFE               | Leaves:  93787 | Clr: 78.125 mm | t_trial: 12.449 s

[PLANNED RESTART] Trial count 2240: Triggering planned restart 280...
[PLANNED RESTART] Terminating existing move_group process...
[PLANNED RESTART COMPLETE] New PID: 667357 | Ready in 11.500 s | Initial RSS: 168.25 MB
[2241/3720] 7bedroom_open-the-wardrobe_05be65a1_GT.json | combined_quantile_adaptive | Outcome: SAFE               | Leaves:  93787 | Clr: 80.469 mm | t_trial: 12.743 s
[2242/3720] 7bedroom_open-the-wardrobe_05be65a1_GT.json | affordance_inherit         | Outcome: BELIEF_PLAN_FAILED | Leaves:  34488 | Clr: N/A       | t_trial: 0.461 s
[2243/3720] 7bedroom_open-the-wardrobe_05be65a1_GT.json | affordance_inherit         | Outcome: BELIEF_PLAN_FAILED | Leaves:  34488 | Clr: N/A       | t_trial: 0.114 s
[2244/3720] 7bedroom_open-the-wardrobe_05be65a1_GT.json | affordance_inherit         | Outcome: BELIEF_PLAN_FAILED | Leaves:  34488 | Clr: N/A       | t_trial: 0.117 s
[2245/3720] 7bedroom_open-the-wardrobe_05be65a1_GT.json | label_inherit              | Outcome: SAFE               | Leaves:  93787 | Clr: 76.172 mm | t_trial: 11.701 s
[2246/3720] 7bedroom_open-the-wardrobe_05be65a1_GT.json | label_inherit              | Outcome: SAFE               | Leaves:  93787 | Clr: 80.078 mm | t_trial: 12.082 s
[2247/3720] 7bedroom_open-the-wardrobe_05be65a1_GT.json | label_inherit              | Outcome: SAFE               | Leaves:  93787 | Clr: 81.250 mm | t_trial: 11.817 s
[2248/3720] 7bedroom_open-the-wardrobe_05be65a1_GT.json | label_only                 | Outcome: SAFE               | Leaves:  93626 | Clr: 77.148 mm | t_trial: 11.966 s

[PLANNED RESTART] Trial count 2248: Triggering planned restart 281...
[PLANNED RESTART] Terminating existing move_group process...
[PLANNED RESTART COMPLETE] New PID: 668748 | Ready in 11.469 s | Initial RSS: 168.36 MB
[2249/3720] 7bedroom_open-the-wardrobe_05be65a1_GT.json | label_only                 | Outcome: SAFE               | Leaves:  93626 | Clr: 79.883 mm | t_trial: 12.971 s
[2250/3720] 7bedroom_open-the-wardrobe_05be65a1_GT.json | label_only                 | Outcome: SAFE               | Leaves:  93626 | Clr: 76.953 mm | t_trial: 12.537 s
[2251/3720] 7bedroom_open-the-wardrobe_05be65a1_GT.json | combined_inherit           | Outcome: SAFE               | Leaves:  93787 | Clr: 77.539 mm | t_trial: 12.238 s
[2252/3720] 7bedroom_open-the-wardrobe_05be65a1_GT.json | combined_inherit           | Outcome: SAFE               | Leaves:  93787 | Clr: 82.031 mm | t_trial: 11.931 s
[2253/3720] 7bedroom_open-the-wardrobe_05be65a1_GT.json | combined_inherit           | Outcome: SAFE               | Leaves:  93787 | Clr: 74.609 mm | t_trial: 11.308 s
[2254/3720] 7bedroom_open-the-wardrobe_05be65a1_GT.json | information_bottleneck     | Outcome: SAFE               | Leaves:  93787 | Clr: 75.195 mm | t_trial: 11.952 s
[2255/3720] 7bedroom_open-the-wardrobe_05be65a1_GT.json | information_bottleneck     | Outcome: SAFE               | Leaves:  93787 | Clr: 77.930 mm | t_trial: 11.895 s
[2256/3720] 7bedroom_open-the-wardrobe_05be65a1_GT.json | information_bottleneck     | Outcome: SAFE               | Leaves:  93787 | Clr: 75.000 mm | t_trial: 12.782 s

[PLANNED RESTART] Trial count 2256: Triggering planned restart 282...
[PLANNED RESTART] Terminating existing move_group process...
[PLANNED RESTART COMPLETE] New PID: 670740 | Ready in 11.514 s | Initial RSS: 168.39 MB
[2257/3720] 7bedroom_open-the-wardrobe_56946ad4_GT.json | identity                   | Outcome: SAFE               | Leaves:  93787 | Clr: 87.305 mm | t_trial: 13.356 s
[2258/3720] 7bedroom_open-the-wardrobe_56946ad4_GT.json | identity                   | Outcome: SAFE               | Leaves:  93787 | Clr: 88.477 mm | t_trial: 12.161 s
[2259/3720] 7bedroom_open-the-wardrobe_56946ad4_GT.json | identity                   | Outcome: SAFE               | Leaves:  93787 | Clr: 91.602 mm | t_trial: 12.498 s
[2260/3720] 7bedroom_open-the-wardrobe_56946ad4_GT.json | label_radius               | Outcome: SAFE               | Leaves:  93706 | Clr: 88.086 mm | t_trial: 11.287 s
[2261/3720] 7bedroom_open-the-wardrobe_56946ad4_GT.json | label_radius               | Outcome: SAFE               | Leaves:  93706 | Clr: 93.750 mm | t_trial: 11.962 s
[2262/3720] 7bedroom_open-the-wardrobe_56946ad4_GT.json | label_radius               | Outcome: SAFE               | Leaves:  93706 | Clr: 91.406 mm | t_trial: 11.970 s
[2263/3720] 7bedroom_open-the-wardrobe_56946ad4_GT.json | combined_quantile_adaptive | Outcome: SAFE               | Leaves:  93787 | Clr: 91.602 mm | t_trial: 11.420 s
[2264/3720] 7bedroom_open-the-wardrobe_56946ad4_GT.json | combined_quantile_adaptive | Outcome: SAFE               | Leaves:  93787 | Clr: 90.430 mm | t_trial: 12.159 s

[PLANNED RESTART] Trial count 2264: Triggering planned restart 283...
[PLANNED RESTART] Terminating existing move_group process...
[PLANNED RESTART COMPLETE] New PID: 672726 | Ready in 11.466 s | Initial RSS: 168.36 MB
[2265/3720] 7bedroom_open-the-wardrobe_56946ad4_GT.json | combined_quantile_adaptive | Outcome: SAFE               | Leaves:  93787 | Clr: 92.383 mm | t_trial: 13.456 s
[2266/3720] 7bedroom_open-the-wardrobe_56946ad4_GT.json | affordance_inherit         | Outcome: BELIEF_PLAN_FAILED | Leaves:  34488 | Clr: N/A       | t_trial: 0.476 s
[2267/3720] 7bedroom_open-the-wardrobe_56946ad4_GT.json | affordance_inherit         | Outcome: BELIEF_PLAN_FAILED | Leaves:  34488 | Clr: N/A       | t_trial: 0.132 s
[2268/3720] 7bedroom_open-the-wardrobe_56946ad4_GT.json | affordance_inherit         | Outcome: BELIEF_PLAN_FAILED | Leaves:  34488 | Clr: N/A       | t_trial: 0.132 s
[2269/3720] 7bedroom_open-the-wardrobe_56946ad4_GT.json | label_inherit              | Outcome: SAFE               | Leaves:  93787 | Clr: 90.820 mm | t_trial: 12.379 s
[2270/3720] 7bedroom_open-the-wardrobe_56946ad4_GT.json | label_inherit              | Outcome: SAFE               | Leaves:  93787 | Clr: 88.086 mm | t_trial: 12.326 s
[2271/3720] 7bedroom_open-the-wardrobe_56946ad4_GT.json | label_inherit              | Outcome: SAFE               | Leaves:  93787 | Clr: 88.086 mm | t_trial: 11.932 s
[2272/3720] 7bedroom_open-the-wardrobe_56946ad4_GT.json | label_only                 | Outcome: SAFE               | Leaves:  93626 | Clr: 88.477 mm | t_trial: 11.853 s

[PLANNED RESTART] Trial count 2272: Triggering planned restart 284...
[PLANNED RESTART] Terminating existing move_group process...
[PLANNED RESTART COMPLETE] New PID: 674125 | Ready in 11.468 s | Initial RSS: 168.39 MB
[2273/3720] 7bedroom_open-the-wardrobe_56946ad4_GT.json | label_only                 | Outcome: SAFE               | Leaves:  93626 | Clr: 89.648 mm | t_trial: 12.999 s
[2274/3720] 7bedroom_open-the-wardrobe_56946ad4_GT.json | label_only                 | Outcome: SAFE               | Leaves:  93626 | Clr: 87.305 mm | t_trial: 12.188 s
[2275/3720] 7bedroom_open-the-wardrobe_56946ad4_GT.json | combined_inherit           | Outcome: SAFE               | Leaves:  93787 | Clr: 91.406 mm | t_trial: 12.394 s
[2276/3720] 7bedroom_open-the-wardrobe_56946ad4_GT.json | combined_inherit           | Outcome: SAFE               | Leaves:  93787 | Clr: 91.211 mm | t_trial: 11.345 s
[2277/3720] 7bedroom_open-the-wardrobe_56946ad4_GT.json | combined_inherit           | Outcome: SAFE               | Leaves:  93787 | Clr: 91.211 mm | t_trial: 11.969 s
[2278/3720] 7bedroom_open-the-wardrobe_56946ad4_GT.json | information_bottleneck     | Outcome: SAFE               | Leaves:  93787 | Clr: 90.234 mm | t_trial: 11.516 s
[2279/3720] 7bedroom_open-the-wardrobe_56946ad4_GT.json | information_bottleneck     | Outcome: SAFE               | Leaves:  93787 | Clr: 89.063 mm | t_trial: 11.834 s
[2280/3720] 7bedroom_open-the-wardrobe_56946ad4_GT.json | information_bottleneck     | Outcome: SAFE               | Leaves:  93787 | Clr: 89.844 mm | t_trial: 12.321 s

[PLANNED RESTART] Trial count 2280: Triggering planned restart 285...
[PLANNED RESTART] Terminating existing move_group process...
[PLANNED RESTART COMPLETE] New PID: 676108 | Ready in 11.513 s | Initial RSS: 168.34 MB
[2281/3720] 7bedroom_open-the-wardrobe_dd7e47e2_GT.json | identity                   | Outcome: SAFE               | Leaves:  93787 | Clr: 128.711 mm | t_trial: 13.935 s
[2282/3720] 7bedroom_open-the-wardrobe_dd7e47e2_GT.json | identity                   | Outcome: SAFE               | Leaves:  93787 | Clr: 129.102 mm | t_trial: 12.616 s
[2283/3720] 7bedroom_open-the-wardrobe_dd7e47e2_GT.json | identity                   | Outcome: SAFE               | Leaves:  93787 | Clr: 128.906 mm | t_trial: 12.559 s
[2284/3720] 7bedroom_open-the-wardrobe_dd7e47e2_GT.json | label_radius               | Outcome: SAFE               | Leaves:  93706 | Clr: 130.664 mm | t_trial: 12.007 s
[2285/3720] 7bedroom_open-the-wardrobe_dd7e47e2_GT.json | label_radius               | Outcome: SAFE               | Leaves:  93706 | Clr: 131.055 mm | t_trial: 11.660 s
[2286/3720] 7bedroom_open-the-wardrobe_dd7e47e2_GT.json | label_radius               | Outcome: SAFE               | Leaves:  93706 | Clr: 132.031 mm | t_trial: 12.125 s
[2287/3720] 7bedroom_open-the-wardrobe_dd7e47e2_GT.json | combined_quantile_adaptive | Outcome: SAFE               | Leaves:  93787 | Clr: 127.344 mm | t_trial: 12.002 s
[2288/3720] 7bedroom_open-the-wardrobe_dd7e47e2_GT.json | combined_quantile_adaptive | Outcome: SAFE               | Leaves:  93787 | Clr: 130.469 mm | t_trial: 12.234 s

[PLANNED RESTART] Trial count 2288: Triggering planned restart 286...
[PLANNED RESTART] Terminating existing move_group process...
[PLANNED RESTART COMPLETE] New PID: 678147 | Ready in 11.471 s | Initial RSS: 168.41 MB
[2289/3720] 7bedroom_open-the-wardrobe_dd7e47e2_GT.json | combined_quantile_adaptive | Outcome: SAFE               | Leaves:  93787 | Clr: 129.102 mm | t_trial: 13.100 s
[2290/3720] 7bedroom_open-the-wardrobe_dd7e47e2_GT.json | affordance_inherit         | Outcome: BELIEF_PLAN_FAILED | Leaves:  34488 | Clr: N/A       | t_trial: 0.456 s
[2291/3720] 7bedroom_open-the-wardrobe_dd7e47e2_GT.json | affordance_inherit         | Outcome: BELIEF_PLAN_FAILED | Leaves:  34488 | Clr: N/A       | t_trial: 0.127 s
[2292/3720] 7bedroom_open-the-wardrobe_dd7e47e2_GT.json | affordance_inherit         | Outcome: BELIEF_PLAN_FAILED | Leaves:  34488 | Clr: N/A       | t_trial: 0.114 s
[2293/3720] 7bedroom_open-the-wardrobe_dd7e47e2_GT.json | label_inherit              | Outcome: SAFE               | Leaves:  93787 | Clr: 129.688 mm | t_trial: 12.291 s
[2294/3720] 7bedroom_open-the-wardrobe_dd7e47e2_GT.json | label_inherit              | Outcome: SAFE               | Leaves:  93787 | Clr: 131.250 mm | t_trial: 12.241 s
[2295/3720] 7bedroom_open-the-wardrobe_dd7e47e2_GT.json | label_inherit              | Outcome: SAFE               | Leaves:  93787 | Clr: 131.641 mm | t_trial: 12.102 s
[2296/3720] 7bedroom_open-the-wardrobe_dd7e47e2_GT.json | label_only                 | Outcome: SAFE               | Leaves:  93626 | Clr: 131.250 mm | t_trial: 12.058 s

[PLANNED RESTART] Trial count 2296: Triggering planned restart 287...
[PLANNED RESTART] Terminating existing move_group process...
[PLANNED RESTART COMPLETE] New PID: 679534 | Ready in 11.503 s | Initial RSS: 168.45 MB
[2297/3720] 7bedroom_open-the-wardrobe_dd7e47e2_GT.json | label_only                 | Outcome: SAFE               | Leaves:  93626 | Clr: 126.953 mm | t_trial: 13.071 s
[2298/3720] 7bedroom_open-the-wardrobe_dd7e47e2_GT.json | label_only                 | Outcome: SAFE               | Leaves:  93626 | Clr: 130.469 mm | t_trial: 12.053 s
[2299/3720] 7bedroom_open-the-wardrobe_dd7e47e2_GT.json | combined_inherit           | Outcome: SAFE               | Leaves:  93787 | Clr: 129.102 mm | t_trial: 12.561 s
[2300/3720] 7bedroom_open-the-wardrobe_dd7e47e2_GT.json | combined_inherit           | Outcome: SAFE               | Leaves:  93787 | Clr: 130.859 mm | t_trial: 12.119 s
[2301/3720] 7bedroom_open-the-wardrobe_dd7e47e2_GT.json | combined_inherit           | Outcome: SAFE               | Leaves:  93787 | Clr: 131.641 mm | t_trial: 12.079 s
[2302/3720] 7bedroom_open-the-wardrobe_dd7e47e2_GT.json | information_bottleneck     | Outcome: SAFE               | Leaves:  93787 | Clr: 130.078 mm | t_trial: 12.112 s
[2303/3720] 7bedroom_open-the-wardrobe_dd7e47e2_GT.json | information_bottleneck     | Outcome: SAFE               | Leaves:  93787 | Clr: 129.688 mm | t_trial: 11.629 s
[2304/3720] 7bedroom_open-the-wardrobe_dd7e47e2_GT.json | information_bottleneck     | Outcome: SAFE               | Leaves:  93787 | Clr: 132.031 mm | t_trial: 12.549 s

[PLANNED RESTART] Trial count 2304: Triggering planned restart 288...
[PLANNED RESTART] Terminating existing move_group process...
[PLANNED RESTART COMPLETE] New PID: 681559 | Ready in 11.477 s | Initial RSS: 168.55 MB
[2305/3720] 7bedroom_i-need-to-pick-an-outfit_05be65a1_GT.json | identity                   | Outcome: SAFE               | Leaves:  93787 | Clr: 76.367 mm | t_trial: 13.321 s
[2306/3720] 7bedroom_i-need-to-pick-an-outfit_05be65a1_GT.json | identity                   | Outcome: SAFE               | Leaves:  93787 | Clr: 79.492 mm | t_trial: 12.101 s
[2307/3720] 7bedroom_i-need-to-pick-an-outfit_05be65a1_GT.json | identity                   | Outcome: SAFE               | Leaves:  93787 | Clr: 76.172 mm | t_trial: 12.541 s
[2308/3720] 7bedroom_i-need-to-pick-an-outfit_05be65a1_GT.json | label_radius               | Outcome: SAFE               | Leaves:  93706 | Clr: 77.539 mm | t_trial: 11.441 s
[2309/3720] 7bedroom_i-need-to-pick-an-outfit_05be65a1_GT.json | label_radius               | Outcome: SAFE               | Leaves:  93706 | Clr: 80.273 mm | t_trial: 11.875 s
[2310/3720] 7bedroom_i-need-to-pick-an-outfit_05be65a1_GT.json | label_radius               | Outcome: SAFE               | Leaves:  93706 | Clr: 80.859 mm | t_trial: 11.506 s
[2311/3720] 7bedroom_i-need-to-pick-an-outfit_05be65a1_GT.json | combined_quantile_adaptive | Outcome: SAFE               | Leaves:  93787 | Clr: 74.609 mm | t_trial: 11.825 s
[2312/3720] 7bedroom_i-need-to-pick-an-outfit_05be65a1_GT.json | combined_quantile_adaptive | Outcome: SAFE               | Leaves:  93787 | Clr: 77.539 mm | t_trial: 12.291 s

[PLANNED RESTART] Trial count 2312: Triggering planned restart 289...
[PLANNED RESTART] Terminating existing move_group process...
[PLANNED RESTART COMPLETE] New PID: 683545 | Ready in 11.469 s | Initial RSS: 168.73 MB
[2313/3720] 7bedroom_i-need-to-pick-an-outfit_05be65a1_GT.json | combined_quantile_adaptive | Outcome: SAFE               | Leaves:  93787 | Clr: 77.148 mm | t_trial: 13.357 s
[2314/3720] 7bedroom_i-need-to-pick-an-outfit_05be65a1_GT.json | affordance_inherit         | Outcome: SAFE               | Leaves:  34488 | Clr: 81.641 mm | t_trial: 12.047 s
[2315/3720] 7bedroom_i-need-to-pick-an-outfit_05be65a1_GT.json | affordance_inherit         | Outcome: SAFE               | Leaves:  34488 | Clr: 76.172 mm | t_trial: 12.044 s
[2316/3720] 7bedroom_i-need-to-pick-an-outfit_05be65a1_GT.json | affordance_inherit         | Outcome: SAFE               | Leaves:  34488 | Clr: 81.250 mm | t_trial: 11.751 s
[2317/3720] 7bedroom_i-need-to-pick-an-outfit_05be65a1_GT.json | label_inherit              | Outcome: SAFE               | Leaves:  93787 | Clr: 75.586 mm | t_trial: 11.812 s
[2318/3720] 7bedroom_i-need-to-pick-an-outfit_05be65a1_GT.json | label_inherit              | Outcome: SAFE               | Leaves:  93787 | Clr: 81.055 mm | t_trial: 11.993 s
[2319/3720] 7bedroom_i-need-to-pick-an-outfit_05be65a1_GT.json | label_inherit              | Outcome: SAFE               | Leaves:  93787 | Clr: 78.906 mm | t_trial: 11.865 s
[2320/3720] 7bedroom_i-need-to-pick-an-outfit_05be65a1_GT.json | label_only                 | Outcome: SAFE               | Leaves:  93626 | Clr: 80.469 mm | t_trial: 12.376 s

[PLANNED RESTART] Trial count 2320: Triggering planned restart 290...
[PLANNED RESTART] Terminating existing move_group process...
[PLANNED RESTART COMPLETE] New PID: 685546 | Ready in 11.506 s | Initial RSS: 168.44 MB
[2321/3720] 7bedroom_i-need-to-pick-an-outfit_05be65a1_GT.json | label_only                 | Outcome: SAFE               | Leaves:  93626 | Clr: 75.781 mm | t_trial: 12.898 s
[2322/3720] 7bedroom_i-need-to-pick-an-outfit_05be65a1_GT.json | label_only                 | Outcome: SAFE               | Leaves:  93626 | Clr: 80.469 mm | t_trial: 12.191 s
[2323/3720] 7bedroom_i-need-to-pick-an-outfit_05be65a1_GT.json | combined_inherit           | Outcome: SAFE               | Leaves:  93787 | Clr: 81.445 mm | t_trial: 12.530 s
[2324/3720] 7bedroom_i-need-to-pick-an-outfit_05be65a1_GT.json | combined_inherit           | Outcome: SAFE               | Leaves:  93787 | Clr: 79.297 mm | t_trial: 11.908 s
[2325/3720] 7bedroom_i-need-to-pick-an-outfit_05be65a1_GT.json | combined_inherit           | Outcome: SAFE               | Leaves:  93787 | Clr: 78.711 mm | t_trial: 11.946 s
[2326/3720] 7bedroom_i-need-to-pick-an-outfit_05be65a1_GT.json | information_bottleneck     | Outcome: SAFE               | Leaves:  93787 | Clr: 79.492 mm | t_trial: 11.491 s
[2327/3720] 7bedroom_i-need-to-pick-an-outfit_05be65a1_GT.json | information_bottleneck     | Outcome: SAFE               | Leaves:  93787 | Clr: 75.000 mm | t_trial: 11.856 s
[2328/3720] 7bedroom_i-need-to-pick-an-outfit_05be65a1_GT.json | information_bottleneck     | Outcome: SAFE               | Leaves:  93787 | Clr: 74.609 mm | t_trial: 11.573 s

[PLANNED RESTART] Trial count 2328: Triggering planned restart 291...
[PLANNED RESTART] Terminating existing move_group process...
[PLANNED RESTART COMPLETE] New PID: 687536 | Ready in 11.586 s | Initial RSS: 168.38 MB
[2329/3720] 7bedroom_i-need-to-pick-an-outfit_56946ad4_GT.json | identity                   | Outcome: SAFE               | Leaves:  93787 | Clr: 91.406 mm | t_trial: 13.829 s
[2330/3720] 7bedroom_i-need-to-pick-an-outfit_56946ad4_GT.json | identity                   | Outcome: SAFE               | Leaves:  93787 | Clr: 89.063 mm | t_trial: 12.411 s
[2331/3720] 7bedroom_i-need-to-pick-an-outfit_56946ad4_GT.json | identity                   | Outcome: SAFE               | Leaves:  93787 | Clr: 89.844 mm | t_trial: 12.335 s
[2332/3720] 7bedroom_i-need-to-pick-an-outfit_56946ad4_GT.json | label_radius               | Outcome: SAFE               | Leaves:  93706 | Clr: 91.016 mm | t_trial: 11.919 s
[2333/3720] 7bedroom_i-need-to-pick-an-outfit_56946ad4_GT.json | label_radius               | Outcome: SAFE               | Leaves:  93706 | Clr: 91.211 mm | t_trial: 11.392 s
[2334/3720] 7bedroom_i-need-to-pick-an-outfit_56946ad4_GT.json | label_radius               | Outcome: SAFE               | Leaves:  93706 | Clr: 92.578 mm | t_trial: 11.459 s
[2335/3720] 7bedroom_i-need-to-pick-an-outfit_56946ad4_GT.json | combined_quantile_adaptive | Outcome: SAFE               | Leaves:  93787 | Clr: 91.406 mm | t_trial: 11.296 s
[2336/3720] 7bedroom_i-need-to-pick-an-outfit_56946ad4_GT.json | combined_quantile_adaptive | Outcome: SAFE               | Leaves:  93787 | Clr: 85.938 mm | t_trial: 12.360 s

[PLANNED RESTART] Trial count 2336: Triggering planned restart 292...
[PLANNED RESTART] Terminating existing move_group process...
[PLANNED RESTART COMPLETE] New PID: 689531 | Ready in 11.467 s | Initial RSS: 168.36 MB
[2337/3720] 7bedroom_i-need-to-pick-an-outfit_56946ad4_GT.json | combined_quantile_adaptive | Outcome: SAFE               | Leaves:  93787 | Clr: 88.086 mm | t_trial: 12.467 s
[2338/3720] 7bedroom_i-need-to-pick-an-outfit_56946ad4_GT.json | affordance_inherit         | Outcome: SAFE               | Leaves:  34488 | Clr: 87.695 mm | t_trial: 12.260 s
[2339/3720] 7bedroom_i-need-to-pick-an-outfit_56946ad4_GT.json | affordance_inherit         | Outcome: SAFE               | Leaves:  34488 | Clr: 89.063 mm | t_trial: 12.267 s
[2340/3720] 7bedroom_i-need-to-pick-an-outfit_56946ad4_GT.json | affordance_inherit         | Outcome: SAFE               | Leaves:  34488 | Clr: 89.258 mm | t_trial: 11.770 s
[2341/3720] 7bedroom_i-need-to-pick-an-outfit_56946ad4_GT.json | label_inherit              | Outcome: SAFE               | Leaves:  93787 | Clr: 91.797 mm | t_trial: 11.816 s
[2342/3720] 7bedroom_i-need-to-pick-an-outfit_56946ad4_GT.json | label_inherit              | Outcome: SAFE               | Leaves:  93787 | Clr: 86.719 mm | t_trial: 11.921 s
[2343/3720] 7bedroom_i-need-to-pick-an-outfit_56946ad4_GT.json | label_inherit              | Outcome: SAFE               | Leaves:  93787 | Clr: 87.109 mm | t_trial: 11.823 s
[2344/3720] 7bedroom_i-need-to-pick-an-outfit_56946ad4_GT.json | label_only                 | Outcome: SAFE               | Leaves:  93626 | Clr: 87.500 mm | t_trial: 12.288 s

[PLANNED RESTART] Trial count 2344: Triggering planned restart 293...
[PLANNED RESTART] Terminating existing move_group process...
[PLANNED RESTART COMPLETE] New PID: 691505 | Ready in 11.498 s | Initial RSS: 168.48 MB
[2345/3720] 7bedroom_i-need-to-pick-an-outfit_56946ad4_GT.json | label_only                 | Outcome: SAFE               | Leaves:  93626 | Clr: 89.063 mm | t_trial: 13.411 s
[2346/3720] 7bedroom_i-need-to-pick-an-outfit_56946ad4_GT.json | label_only                 | Outcome: SAFE               | Leaves:  93626 | Clr: 88.477 mm | t_trial: 12.304 s
[2347/3720] 7bedroom_i-need-to-pick-an-outfit_56946ad4_GT.json | combined_inherit           | Outcome: SAFE               | Leaves:  93787 | Clr: 92.188 mm | t_trial: 12.469 s
[2348/3720] 7bedroom_i-need-to-pick-an-outfit_56946ad4_GT.json | combined_inherit           | Outcome: SAFE               | Leaves:  93787 | Clr: 88.477 mm | t_trial: 11.324 s
[2349/3720] 7bedroom_i-need-to-pick-an-outfit_56946ad4_GT.json | combined_inherit           | Outcome: SAFE               | Leaves:  93787 | Clr: 90.430 mm | t_trial: 11.920 s
[2350/3720] 7bedroom_i-need-to-pick-an-outfit_56946ad4_GT.json | information_bottleneck     | Outcome: SAFE               | Leaves:  93787 | Clr: 89.844 mm | t_trial: 11.955 s
[2351/3720] 7bedroom_i-need-to-pick-an-outfit_56946ad4_GT.json | information_bottleneck     | Outcome: SAFE               | Leaves:  93787 | Clr: 90.430 mm | t_trial: 11.825 s
[2352/3720] 7bedroom_i-need-to-pick-an-outfit_56946ad4_GT.json | information_bottleneck     | Outcome: SAFE               | Leaves:  93787 | Clr: 92.773 mm | t_trial: 11.968 s

[PLANNED RESTART] Trial count 2352: Triggering planned restart 294...
[PLANNED RESTART] Terminating existing move_group process...
[PLANNED RESTART COMPLETE] New PID: 693506 | Ready in 11.476 s | Initial RSS: 168.57 MB
[2353/3720] 7bedroom_i-need-to-pick-an-outfit_dd7e47e2_GT.json | identity                   | Outcome: SAFE               | Leaves:  93787 | Clr: 129.688 mm | t_trial: 13.402 s
[2354/3720] 7bedroom_i-need-to-pick-an-outfit_dd7e47e2_GT.json | identity                   | Outcome: SAFE               | Leaves:  93787 | Clr: 130.859 mm | t_trial: 12.534 s
[2355/3720] 7bedroom_i-need-to-pick-an-outfit_dd7e47e2_GT.json | identity                   | Outcome: SAFE               | Leaves:  93787 | Clr: 129.688 mm | t_trial: 12.837 s
[2356/3720] 7bedroom_i-need-to-pick-an-outfit_dd7e47e2_GT.json | label_radius               | Outcome: SAFE               | Leaves:  93706 | Clr: 128.711 mm | t_trial: 12.075 s
[2357/3720] 7bedroom_i-need-to-pick-an-outfit_dd7e47e2_GT.json | label_radius               | Outcome: SAFE               | Leaves:  93706 | Clr: 130.469 mm | t_trial: 12.152 s
[2358/3720] 7bedroom_i-need-to-pick-an-outfit_dd7e47e2_GT.json | label_radius               | Outcome: SAFE               | Leaves:  93706 | Clr: 130.273 mm | t_trial: 12.186 s
[2359/3720] 7bedroom_i-need-to-pick-an-outfit_dd7e47e2_GT.json | combined_quantile_adaptive | Outcome: SAFE               | Leaves:  93787 | Clr: 131.445 mm | t_trial: 12.067 s
[2360/3720] 7bedroom_i-need-to-pick-an-outfit_dd7e47e2_GT.json | combined_quantile_adaptive | Outcome: SAFE               | Leaves:  93787 | Clr: 131.445 mm | t_trial: 12.611 s

[PLANNED RESTART] Trial count 2360: Triggering planned restart 295...
[PLANNED RESTART] Terminating existing move_group process...
[PLANNED RESTART COMPLETE] New PID: 695565 | Ready in 11.471 s | Initial RSS: 168.68 MB
[2361/3720] 7bedroom_i-need-to-pick-an-outfit_dd7e47e2_GT.json | combined_quantile_adaptive | Outcome: SAFE               | Leaves:  93787 | Clr: 127.539 mm | t_trial: 13.530 s
[2362/3720] 7bedroom_i-need-to-pick-an-outfit_dd7e47e2_GT.json | affordance_inherit         | Outcome: SAFE               | Leaves:  34488 | Clr: 127.539 mm | t_trial: 12.454 s
[2363/3720] 7bedroom_i-need-to-pick-an-outfit_dd7e47e2_GT.json | affordance_inherit         | Outcome: SAFE               | Leaves:  34488 | Clr: 130.078 mm | t_trial: 12.293 s
[2364/3720] 7bedroom_i-need-to-pick-an-outfit_dd7e47e2_GT.json | affordance_inherit         | Outcome: SAFE               | Leaves:  34488 | Clr: 131.055 mm | t_trial: 11.964 s
[2365/3720] 7bedroom_i-need-to-pick-an-outfit_dd7e47e2_GT.json | label_inherit              | Outcome: SAFE               | Leaves:  93787 | Clr: 132.422 mm | t_trial: 11.644 s
[2366/3720] 7bedroom_i-need-to-pick-an-outfit_dd7e47e2_GT.json | label_inherit              | Outcome: SAFE               | Leaves:  93787 | Clr: 127.344 mm | t_trial: 12.126 s
[2367/3720] 7bedroom_i-need-to-pick-an-outfit_dd7e47e2_GT.json | label_inherit              | Outcome: SAFE               | Leaves:  93787 | Clr: 130.664 mm | t_trial: 12.248 s
[2368/3720] 7bedroom_i-need-to-pick-an-outfit_dd7e47e2_GT.json | label_only                 | Outcome: SAFE               | Leaves:  93626 | Clr: 128.906 mm | t_trial: 12.347 s

[PLANNED RESTART] Trial count 2368: Triggering planned restart 296...
[PLANNED RESTART] Terminating existing move_group process...
[PLANNED RESTART COMPLETE] New PID: 697578 | Ready in 11.496 s | Initial RSS: 168.44 MB
[2369/3720] 7bedroom_i-need-to-pick-an-outfit_dd7e47e2_GT.json | label_only                 | Outcome: SAFE               | Leaves:  93626 | Clr: 131.055 mm | t_trial: 13.173 s
[2370/3720] 7bedroom_i-need-to-pick-an-outfit_dd7e47e2_GT.json | label_only                 | Outcome: SAFE               | Leaves:  93626 | Clr: 128.125 mm | t_trial: 12.629 s
[2371/3720] 7bedroom_i-need-to-pick-an-outfit_dd7e47e2_GT.json | combined_inherit           | Outcome: SAFE               | Leaves:  93787 | Clr: 131.641 mm | t_trial: 12.132 s
[2372/3720] 7bedroom_i-need-to-pick-an-outfit_dd7e47e2_GT.json | combined_inherit           | Outcome: SAFE               | Leaves:  93787 | Clr: 130.273 mm | t_trial: 12.118 s
[2373/3720] 7bedroom_i-need-to-pick-an-outfit_dd7e47e2_GT.json | combined_inherit           | Outcome: SAFE               | Leaves:  93787 | Clr: 129.883 mm | t_trial: 12.160 s
[2374/3720] 7bedroom_i-need-to-pick-an-outfit_dd7e47e2_GT.json | information_bottleneck     | Outcome: SAFE               | Leaves:  93787 | Clr: 128.320 mm | t_trial: 12.093 s
[2375/3720] 7bedroom_i-need-to-pick-an-outfit_dd7e47e2_GT.json | information_bottleneck     | Outcome: SAFE               | Leaves:  93787 | Clr: 131.641 mm | t_trial: 12.163 s
[2376/3720] 7bedroom_i-need-to-pick-an-outfit_dd7e47e2_GT.json | information_bottleneck     | Outcome: SAFE               | Leaves:  93787 | Clr: 129.492 mm | t_trial: 12.840 s

[PLANNED RESTART] Trial count 2376: Triggering planned restart 297...
[PLANNED RESTART] Terminating existing move_group process...
[PLANNED RESTART COMPLETE] New PID: 699619 | Ready in 11.476 s | Initial RSS: 168.55 MB
[2377/3720] 8bathroom_open-the-door_GT.json     | identity                   | Outcome: SAFE               | Leaves:  35190 | Clr: 147.852 mm | t_trial: 13.460 s
[2378/3720] 8bathroom_open-the-door_GT.json     | identity                   | Outcome: SAFE               | Leaves:  35190 | Clr: 150.781 mm | t_trial: 12.269 s
[2379/3720] 8bathroom_open-the-door_GT.json     | identity                   | Outcome: SAFE               | Leaves:  35190 | Clr: 149.805 mm | t_trial: 11.881 s
[2380/3720] 8bathroom_open-the-door_GT.json     | label_radius               | Outcome: SAFE               | Leaves:   9991 | Clr: 152.148 mm | t_trial: 11.795 s
[2381/3720] 8bathroom_open-the-door_GT.json     | label_radius               | Outcome: SAFE               | Leaves:   9991 | Clr: 151.367 mm | t_trial: 11.623 s
[2382/3720] 8bathroom_open-the-door_GT.json     | label_radius               | Outcome: SAFE               | Leaves:   9991 | Clr: 148.633 mm | t_trial: 11.851 s
[2383/3720] 8bathroom_open-the-door_GT.json     | combined_quantile_adaptive | Outcome: SAFE               | Leaves:   9991 | Clr: 150.000 mm | t_trial: 12.081 s
[2384/3720] 8bathroom_open-the-door_GT.json     | combined_quantile_adaptive | Outcome: SAFE               | Leaves:   9991 | Clr: 150.977 mm | t_trial: 11.653 s

[PLANNED RESTART] Trial count 2384: Triggering planned restart 298...
[PLANNED RESTART] Terminating existing move_group process...
[PLANNED RESTART COMPLETE] New PID: 701602 | Ready in 11.471 s | Initial RSS: 168.53 MB
[2385/3720] 8bathroom_open-the-door_GT.json     | combined_quantile_adaptive | Outcome: SAFE               | Leaves:   9991 | Clr: 149.023 mm | t_trial: 13.181 s
[2386/3720] 8bathroom_open-the-door_GT.json     | affordance_inherit         | Outcome: SAFE               | Leaves:   1179 | Clr: 151.563 mm | t_trial: 12.733 s
[2387/3720] 8bathroom_open-the-door_GT.json     | affordance_inherit         | Outcome: SAFE               | Leaves:   1179 | Clr: 149.414 mm | t_trial: 12.208 s
[2388/3720] 8bathroom_open-the-door_GT.json     | affordance_inherit         | Outcome: SAFE               | Leaves:   1179 | Clr: 150.195 mm | t_trial: 11.678 s
[2389/3720] 8bathroom_open-the-door_GT.json     | label_inherit              | Outcome: SAFE               | Leaves:   9991 | Clr: 150.781 mm | t_trial: 11.788 s
[2390/3720] 8bathroom_open-the-door_GT.json     | label_inherit              | Outcome: SAFE               | Leaves:   9991 | Clr: 148.828 mm | t_trial: 11.694 s
[2391/3720] 8bathroom_open-the-door_GT.json     | label_inherit              | Outcome: SAFE               | Leaves:   9991 | Clr: 151.953 mm | t_trial: 12.005 s
[2392/3720] 8bathroom_open-the-door_GT.json     | label_only                 | Outcome: SAFE               | Leaves:   9961 | Clr: 153.516 mm | t_trial: 12.226 s

[PLANNED RESTART] Trial count 2392: Triggering planned restart 299...
[PLANNED RESTART] Terminating existing move_group process...
[PLANNED RESTART COMPLETE] New PID: 703600 | Ready in 11.483 s | Initial RSS: 168.82 MB
[2393/3720] 8bathroom_open-the-door_GT.json     | label_only                 | Outcome: SAFE               | Leaves:   9961 | Clr: 150.195 mm | t_trial: 12.861 s
[2394/3720] 8bathroom_open-the-door_GT.json     | label_only                 | Outcome: SAFE               | Leaves:   9961 | Clr: 150.000 mm | t_trial: 12.181 s
[2395/3720] 8bathroom_open-the-door_GT.json     | combined_inherit           | Outcome: SAFE               | Leaves:  11170 | Clr: 150.977 mm | t_trial: 12.362 s
[2396/3720] 8bathroom_open-the-door_GT.json     | combined_inherit           | Outcome: SAFE               | Leaves:  11170 | Clr: 147.656 mm | t_trial: 11.173 s
[2397/3720] 8bathroom_open-the-door_GT.json     | combined_inherit           | Outcome: SAFE               | Leaves:  11170 | Clr: 148.242 mm | t_trial: 11.287 s
[2398/3720] 8bathroom_open-the-door_GT.json     | information_bottleneck     | Outcome: SAFE               | Leaves:   9991 | Clr: 147.656 mm | t_trial: 11.695 s
[2399/3720] 8bathroom_open-the-door_GT.json     | information_bottleneck     | Outcome: SAFE               | Leaves:   9991 | Clr: 150.195 mm | t_trial: 11.953 s
[2400/3720] 8bathroom_open-the-door_GT.json     | information_bottleneck     | Outcome: SAFE               | Leaves:   9991 | Clr: 152.734 mm | t_trial: 12.298 s

[PLANNED RESTART] Trial count 2400: Triggering planned restart 300...
[PLANNED RESTART] Terminating existing move_group process...
[PLANNED RESTART COMPLETE] New PID: 705567 | Ready in 11.561 s | Initial RSS: 168.11 MB
[2401/3720] 8bathroom_open-the-trashcan_GT.json | identity                   | Outcome: SAFE               | Leaves:  35190 | Clr: 57.227 mm | t_trial: 13.197 s
[2402/3720] 8bathroom_open-the-trashcan_GT.json | identity                   | Outcome: SAFE               | Leaves:  35190 | Clr: 55.078 mm | t_trial: 12.512 s
[2403/3720] 8bathroom_open-the-trashcan_GT.json | identity                   | Outcome: SAFE               | Leaves:  35190 | Clr: 53.320 mm | t_trial: 11.978 s
[2404/3720] 8bathroom_open-the-trashcan_GT.json | label_radius               | Outcome: SAFE               | Leaves:   4473 | Clr: 57.031 mm | t_trial: 11.499 s
[2405/3720] 8bathroom_open-the-trashcan_GT.json | label_radius               | Outcome: SAFE               | Leaves:   4473 | Clr: 56.641 mm | t_trial: 11.000 s
[2406/3720] 8bathroom_open-the-trashcan_GT.json | label_radius               | Outcome: SAFE               | Leaves:   4473 | Clr: 57.617 mm | t_trial: 11.534 s
[2407/3720] 8bathroom_open-the-trashcan_GT.json | combined_quantile_adaptive | Outcome: SAFE               | Leaves:   1179 | Clr: 54.688 mm | t_trial: 12.218 s
[2408/3720] 8bathroom_open-the-trashcan_GT.json | combined_quantile_adaptive | Outcome: SAFE               | Leaves:   1179 | Clr: 56.836 mm | t_trial: 12.096 s

[PLANNED RESTART] Trial count 2408: Triggering planned restart 301...
[PLANNED RESTART] Terminating existing move_group process...
[PLANNED RESTART COMPLETE] New PID: 707558 | Ready in 11.558 s | Initial RSS: 168.31 MB
[2409/3720] 8bathroom_open-the-trashcan_GT.json | combined_quantile_adaptive | Outcome: SAFE               | Leaves:   1179 | Clr: 53.906 mm | t_trial: 12.846 s
[2410/3720] 8bathroom_open-the-trashcan_GT.json | affordance_inherit         | Outcome: SAFE               | Leaves:   5176 | Clr: 58.398 mm | t_trial: 12.083 s
[2411/3720] 8bathroom_open-the-trashcan_GT.json | affordance_inherit         | Outcome: SAFE               | Leaves:   5176 | Clr: 53.516 mm | t_trial: 12.009 s
[2412/3720] 8bathroom_open-the-trashcan_GT.json | affordance_inherit         | Outcome: SAFE               | Leaves:   5176 | Clr: 54.492 mm | t_trial: 11.417 s
[2413/3720] 8bathroom_open-the-trashcan_GT.json | label_inherit              | Outcome: SAFE               | Leaves:   1179 | Clr: 57.227 mm | t_trial: 11.067 s
[2414/3720] 8bathroom_open-the-trashcan_GT.json | label_inherit              | Outcome: SAFE               | Leaves:   1179 | Clr: 53.516 mm | t_trial: 10.951 s
[2415/3720] 8bathroom_open-the-trashcan_GT.json | label_inherit              | Outcome: SAFE               | Leaves:   1179 | Clr: 56.836 mm | t_trial: 11.820 s
[2416/3720] 8bathroom_open-the-trashcan_GT.json | label_only                 | Outcome: SAFE               | Leaves:   1169 | Clr: 51.758 mm | t_trial: 11.243 s

[PLANNED RESTART] Trial count 2416: Triggering planned restart 302...
[PLANNED RESTART] Terminating existing move_group process...
[PLANNED RESTART COMPLETE] New PID: 709499 | Ready in 11.496 s | Initial RSS: 168.26 MB
[2417/3720] 8bathroom_open-the-trashcan_GT.json | label_only                 | Outcome: SAFE               | Leaves:   1169 | Clr: 51.758 mm | t_trial: 12.630 s
[2418/3720] 8bathroom_open-the-trashcan_GT.json | label_only                 | Outcome: SAFE               | Leaves:   1169 | Clr: 52.344 mm | t_trial: 12.368 s
[2419/3720] 8bathroom_open-the-trashcan_GT.json | combined_inherit           | Outcome: SAFE               | Leaves:   1179 | Clr: 56.055 mm | t_trial: 11.437 s
[2420/3720] 8bathroom_open-the-trashcan_GT.json | combined_inherit           | Outcome: SAFE               | Leaves:   1179 | Clr: 57.422 mm | t_trial: 11.421 s
[2421/3720] 8bathroom_open-the-trashcan_GT.json | combined_inherit           | Outcome: SAFE               | Leaves:   1179 | Clr: 57.031 mm | t_trial: 11.495 s
[2422/3720] 8bathroom_open-the-trashcan_GT.json | information_bottleneck     | Outcome: SAFE               | Leaves:   1179 | Clr: 55.664 mm | t_trial: 11.065 s
[2423/3720] 8bathroom_open-the-trashcan_GT.json | information_bottleneck     | Outcome: SAFE               | Leaves:   1179 | Clr: 57.031 mm | t_trial: 10.885 s
[2424/3720] 8bathroom_open-the-trashcan_GT.json | information_bottleneck     | Outcome: SAFE               | Leaves:   1179 | Clr: 56.445 mm | t_trial: 11.161 s

[PLANNED RESTART] Trial count 2424: Triggering planned restart 303...
[PLANNED RESTART] Terminating existing move_group process...
[PLANNED RESTART COMPLETE] New PID: 711417 | Ready in 11.499 s | Initial RSS: 168.10 MB
[2425/3720] 8bathroom_use-the-bathroom-sink_GT.json | identity                   | Outcome: SAFE               | Leaves:  35190 | Clr: 132.422 mm | t_trial: 13.355 s
[2426/3720] 8bathroom_use-the-bathroom-sink_GT.json | identity                   | Outcome: SAFE               | Leaves:  35190 | Clr: 134.766 mm | t_trial: 12.279 s
[2427/3720] 8bathroom_use-the-bathroom-sink_GT.json | identity                   | Outcome: SAFE               | Leaves:  35190 | Clr: 135.938 mm | t_trial: 12.183 s
[2428/3720] 8bathroom_use-the-bathroom-sink_GT.json | label_radius               | Outcome: SAFE               | Leaves:   9813 | Clr: 132.617 mm | t_trial: 11.099 s
[2429/3720] 8bathroom_use-the-bathroom-sink_GT.json | label_radius               | Outcome: SAFE               | Leaves:   9813 | Clr: 135.938 mm | t_trial: 11.063 s
[2430/3720] 8bathroom_use-the-bathroom-sink_GT.json | label_radius               | Outcome: SAFE               | Leaves:   9813 | Clr: 133.789 mm | t_trial: 11.737 s
[2431/3720] 8bathroom_use-the-bathroom-sink_GT.json | combined_quantile_adaptive | Outcome: SAFE               | Leaves:   3468 | Clr: 133.203 mm | t_trial: 11.553 s
[2432/3720] 8bathroom_use-the-bathroom-sink_GT.json | combined_quantile_adaptive | Outcome: SAFE               | Leaves:   3468 | Clr: 134.180 mm | t_trial: 12.191 s

[PLANNED RESTART] Trial count 2432: Triggering planned restart 304...
[PLANNED RESTART] Terminating existing move_group process...
[PLANNED RESTART COMPLETE] New PID: 713368 | Ready in 11.468 s | Initial RSS: 168.30 MB
[2433/3720] 8bathroom_use-the-bathroom-sink_GT.json | combined_quantile_adaptive | Outcome: SAFE               | Leaves:   3468 | Clr: 133.203 mm | t_trial: 12.744 s
[2434/3720] 8bathroom_use-the-bathroom-sink_GT.json | affordance_inherit         | Outcome: SAFE               | Leaves:   5176 | Clr: 135.352 mm | t_trial: 12.200 s
[2435/3720] 8bathroom_use-the-bathroom-sink_GT.json | affordance_inherit         | Outcome: SAFE               | Leaves:   5176 | Clr: 132.812 mm | t_trial: 11.685 s
[2436/3720] 8bathroom_use-the-bathroom-sink_GT.json | affordance_inherit         | Outcome: SAFE               | Leaves:   5176 | Clr: 135.156 mm | t_trial: 11.165 s
[2437/3720] 8bathroom_use-the-bathroom-sink_GT.json | label_inherit              | Outcome: SAFE               | Leaves:   8644 | Clr: 132.812 mm | t_trial: 11.544 s
[2438/3720] 8bathroom_use-the-bathroom-sink_GT.json | label_inherit              | Outcome: SAFE               | Leaves:   8644 | Clr: 134.375 mm | t_trial: 11.166 s
[2439/3720] 8bathroom_use-the-bathroom-sink_GT.json | label_inherit              | Outcome: SAFE               | Leaves:   8644 | Clr: 134.375 mm | t_trial: 11.037 s
[2440/3720] 8bathroom_use-the-bathroom-sink_GT.json | label_only                 | Outcome: SAFE               | Leaves:   8333 | Clr: 132.812 mm | t_trial: 11.483 s

[PLANNED RESTART] Trial count 2440: Triggering planned restart 305...
[PLANNED RESTART] Terminating existing move_group process...
[PLANNED RESTART COMPLETE] New PID: 715287 | Ready in 11.468 s | Initial RSS: 167.99 MB
[2441/3720] 8bathroom_use-the-bathroom-sink_GT.json | label_only                 | Outcome: SAFE               | Leaves:   8333 | Clr: 134.961 mm | t_trial: 13.019 s
[2442/3720] 8bathroom_use-the-bathroom-sink_GT.json | label_only                 | Outcome: SAFE               | Leaves:   8333 | Clr: 131.641 mm | t_trial: 12.331 s
[2443/3720] 8bathroom_use-the-bathroom-sink_GT.json | combined_inherit           | Outcome: SAFE               | Leaves:   8644 | Clr: 135.156 mm | t_trial: 11.637 s
[2444/3720] 8bathroom_use-the-bathroom-sink_GT.json | combined_inherit           | Outcome: SAFE               | Leaves:   8644 | Clr: 134.766 mm | t_trial: 11.678 s
[2445/3720] 8bathroom_use-the-bathroom-sink_GT.json | combined_inherit           | Outcome: SAFE               | Leaves:   8644 | Clr: 135.938 mm | t_trial: 11.522 s
[2446/3720] 8bathroom_use-the-bathroom-sink_GT.json | information_bottleneck     | Outcome: SAFE               | Leaves:   3468 | Clr: 133.203 mm | t_trial: 11.754 s
[2447/3720] 8bathroom_use-the-bathroom-sink_GT.json | information_bottleneck     | Outcome: SAFE               | Leaves:   3468 | Clr: 133.203 mm | t_trial: 11.057 s
[2448/3720] 8bathroom_use-the-bathroom-sink_GT.json | information_bottleneck     | Outcome: SAFE               | Leaves:   3468 | Clr: 135.156 mm | t_trial: 12.020 s

[PLANNED RESTART] Trial count 2448: Triggering planned restart 306...
[PLANNED RESTART] Terminating existing move_group process...
[PLANNED RESTART COMPLETE] New PID: 717262 | Ready in 11.492 s | Initial RSS: 168.50 MB
[2449/3720] 8bathroom_use-the-bathtub_GT.json   | identity                   | Outcome: SAFE               | Leaves:  35190 | Clr: 139.258 mm | t_trial: 12.635 s
[2450/3720] 8bathroom_use-the-bathtub_GT.json   | identity                   | Outcome: SAFE               | Leaves:  35190 | Clr: 135.156 mm | t_trial: 12.124 s
[2451/3720] 8bathroom_use-the-bathtub_GT.json   | identity                   | Outcome: SAFE               | Leaves:  35190 | Clr: 139.258 mm | t_trial: 11.743 s
[2452/3720] 8bathroom_use-the-bathtub_GT.json   | label_radius               | Outcome: SAFE               | Leaves:  25163 | Clr: 134.570 mm | t_trial: 11.530 s
[2453/3720] 8bathroom_use-the-bathtub_GT.json   | label_radius               | Outcome: SAFE               | Leaves:  25163 | Clr: 139.844 mm | t_trial: 11.628 s
[2454/3720] 8bathroom_use-the-bathtub_GT.json   | label_radius               | Outcome: SAFE               | Leaves:  25163 | Clr: 140.625 mm | t_trial: 11.651 s
[2455/3720] 8bathroom_use-the-bathtub_GT.json   | combined_quantile_adaptive | Outcome: SAFE               | Leaves:  15376 | Clr: 136.133 mm | t_trial: 11.048 s
[2456/3720] 8bathroom_use-the-bathtub_GT.json   | combined_quantile_adaptive | Outcome: SAFE               | Leaves:  15376 | Clr: 140.039 mm | t_trial: 11.296 s

[PLANNED RESTART] Trial count 2456: Triggering planned restart 307...
[PLANNED RESTART] Terminating existing move_group process...
[PLANNED RESTART COMPLETE] New PID: 719202 | Ready in 11.474 s | Initial RSS: 168.50 MB
[2457/3720] 8bathroom_use-the-bathtub_GT.json   | combined_quantile_adaptive | Outcome: SAFE               | Leaves:  15376 | Clr: 133.984 mm | t_trial: 12.839 s
[2458/3720] 8bathroom_use-the-bathtub_GT.json   | affordance_inherit         | Outcome: SAFE               | Leaves:   5176 | Clr: 136.133 mm | t_trial: 12.657 s
[2459/3720] 8bathroom_use-the-bathtub_GT.json   | affordance_inherit         | Outcome: SAFE               | Leaves:   5176 | Clr: 135.938 mm | t_trial: 12.075 s
[2460/3720] 8bathroom_use-the-bathtub_GT.json   | affordance_inherit         | Outcome: SAFE               | Leaves:   5176 | Clr: 136.719 mm | t_trial: 11.524 s
[2461/3720] 8bathroom_use-the-bathtub_GT.json   | label_inherit              | Outcome: SAFE               | Leaves:  18844 | Clr: 138.086 mm | t_trial: 11.575 s
[2462/3720] 8bathroom_use-the-bathtub_GT.json   | label_inherit              | Outcome: SAFE               | Leaves:  18844 | Clr: 142.188 mm | t_trial: 11.631 s
[2463/3720] 8bathroom_use-the-bathtub_GT.json   | label_inherit              | Outcome: SAFE               | Leaves:  18844 | Clr: 141.211 mm | t_trial: 11.638 s
[2464/3720] 8bathroom_use-the-bathtub_GT.json   | label_only                 | Outcome: SAFE               | Leaves:  18345 | Clr: 137.305 mm | t_trial: 12.253 s

[PLANNED RESTART] Trial count 2464: Triggering planned restart 308...
[PLANNED RESTART] Terminating existing move_group process...
[PLANNED RESTART COMPLETE] New PID: 721194 | Ready in 11.480 s | Initial RSS: 168.23 MB
[2465/3720] 8bathroom_use-the-bathtub_GT.json   | label_only                 | Outcome: SAFE               | Leaves:  18345 | Clr: 135.156 mm | t_trial: 12.709 s
[2466/3720] 8bathroom_use-the-bathtub_GT.json   | label_only                 | Outcome: SAFE               | Leaves:  18345 | Clr: 137.305 mm | t_trial: 12.219 s
[2467/3720] 8bathroom_use-the-bathtub_GT.json   | combined_inherit           | Outcome: SAFE               | Leaves:  18844 | Clr: 141.602 mm | t_trial: 12.084 s
[2468/3720] 8bathroom_use-the-bathtub_GT.json   | combined_inherit           | Outcome: SAFE               | Leaves:  18844 | Clr: 136.133 mm | t_trial: 11.587 s
[2469/3720] 8bathroom_use-the-bathtub_GT.json   | combined_inherit           | Outcome: SAFE               | Leaves:  18844 | Clr: 138.086 mm | t_trial: 11.076 s
[2470/3720] 8bathroom_use-the-bathtub_GT.json   | information_bottleneck     | Outcome: SAFE               | Leaves:  18670 | Clr: 134.180 mm | t_trial: 11.646 s
[2471/3720] 8bathroom_use-the-bathtub_GT.json   | information_bottleneck     | Outcome: SAFE               | Leaves:  18670 | Clr: 137.305 mm | t_trial: 10.956 s
[2472/3720] 8bathroom_use-the-bathtub_GT.json   | information_bottleneck     | Outcome: SAFE               | Leaves:  18670 | Clr: 137.500 mm | t_trial: 11.438 s

[PLANNED RESTART] Trial count 2472: Triggering planned restart 309...
[PLANNED RESTART] Terminating existing move_group process...
[PLANNED RESTART COMPLETE] New PID: 723097 | Ready in 11.473 s | Initial RSS: 168.27 MB
[2473/3720] 8bathroom_i-need-to-throw-away-trash_GT.json | identity                   | Outcome: SAFE               | Leaves:  35190 | Clr: 56.055 mm | t_trial: 13.029 s
[2474/3720] 8bathroom_i-need-to-throw-away-trash_GT.json | identity                   | Outcome: SAFE               | Leaves:  35190 | Clr: 56.641 mm | t_trial: 12.573 s
[2475/3720] 8bathroom_i-need-to-throw-away-trash_GT.json | identity                   | Outcome: SAFE               | Leaves:  35190 | Clr: 55.664 mm | t_trial: 11.875 s
[2476/3720] 8bathroom_i-need-to-throw-away-trash_GT.json | label_radius               | Outcome: SAFE               | Leaves:   4473 | Clr: 57.812 mm | t_trial: 11.472 s
[2477/3720] 8bathroom_i-need-to-throw-away-trash_GT.json | label_radius               | Outcome: SAFE               | Leaves:   4473 | Clr: 52.344 mm | t_trial: 11.348 s
[2478/3720] 8bathroom_i-need-to-throw-away-trash_GT.json | label_radius               | Outcome: SAFE               | Leaves:   4473 | Clr: 57.227 mm | t_trial: 11.053 s
[2479/3720] 8bathroom_i-need-to-throw-away-trash_GT.json | combined_quantile_adaptive | Outcome: SAFE               | Leaves:   1179 | Clr: 53.906 mm | t_trial: 10.791 s
[2480/3720] 8bathroom_i-need-to-throw-away-trash_GT.json | combined_quantile_adaptive | Outcome: SAFE               | Leaves:   1179 | Clr: 52.148 mm | t_trial: 11.971 s

[PLANNED RESTART] Trial count 2480: Triggering planned restart 310...
[PLANNED RESTART] Terminating existing move_group process...
[PLANNED RESTART COMPLETE] New PID: 725047 | Ready in 11.487 s | Initial RSS: 169.18 MB
[2481/3720] 8bathroom_i-need-to-throw-away-trash_GT.json | combined_quantile_adaptive | Outcome: SAFE               | Leaves:   1179 | Clr: 55.469 mm | t_trial: 12.572 s
[2482/3720] 8bathroom_i-need-to-throw-away-trash_GT.json | affordance_inherit         | Outcome: SAFE               | Leaves:  15376 | Clr: 53.711 mm | t_trial: 12.049 s
[2483/3720] 8bathroom_i-need-to-throw-away-trash_GT.json | affordance_inherit         | Outcome: SAFE               | Leaves:  15376 | Clr: 54.297 mm | t_trial: 11.884 s
[2484/3720] 8bathroom_i-need-to-throw-away-trash_GT.json | affordance_inherit         | Outcome: SAFE               | Leaves:  15376 | Clr: 55.469 mm | t_trial: 11.081 s
[2485/3720] 8bathroom_i-need-to-throw-away-trash_GT.json | label_inherit              | Outcome: SAFE               | Leaves:   1179 | Clr: 57.422 mm | t_trial: 11.422 s
[2486/3720] 8bathroom_i-need-to-throw-away-trash_GT.json | label_inherit              | Outcome: SAFE               | Leaves:   1179 | Clr: 52.734 mm | t_trial: 11.487 s
[2487/3720] 8bathroom_i-need-to-throw-away-trash_GT.json | label_inherit              | Outcome: SAFE               | Leaves:   1179 | Clr: 55.273 mm | t_trial: 10.848 s
[2488/3720] 8bathroom_i-need-to-throw-away-trash_GT.json | label_only                 | Outcome: SAFE               | Leaves:   1169 | Clr: 56.055 mm | t_trial: 11.708 s

[PLANNED RESTART] Trial count 2488: Triggering planned restart 311...
[PLANNED RESTART] Terminating existing move_group process...
[PLANNED RESTART COMPLETE] New PID: 726985 | Ready in 11.462 s | Initial RSS: 168.61 MB
[2489/3720] 8bathroom_i-need-to-throw-away-trash_GT.json | label_only                 | Outcome: SAFE               | Leaves:   1169 | Clr: 55.859 mm | t_trial: 12.620 s
[2490/3720] 8bathroom_i-need-to-throw-away-trash_GT.json | label_only                 | Outcome: SAFE               | Leaves:   1169 | Clr: 56.250 mm | t_trial: 12.415 s
[2491/3720] 8bathroom_i-need-to-throw-away-trash_GT.json | combined_inherit           | Outcome: SAFE               | Leaves:   1179 | Clr: 56.250 mm | t_trial: 12.089 s
[2492/3720] 8bathroom_i-need-to-throw-away-trash_GT.json | combined_inherit           | Outcome: SAFE               | Leaves:   1179 | Clr: 59.375 mm | t_trial: 11.519 s
[2493/3720] 8bathroom_i-need-to-throw-away-trash_GT.json | combined_inherit           | Outcome: SAFE               | Leaves:   1179 | Clr: 51.953 mm | t_trial: 10.887 s
[2494/3720] 8bathroom_i-need-to-throw-away-trash_GT.json | information_bottleneck     | Outcome: SAFE               | Leaves:   1179 | Clr: 56.836 mm | t_trial: 11.022 s
[2495/3720] 8bathroom_i-need-to-throw-away-trash_GT.json | information_bottleneck     | Outcome: SAFE               | Leaves:   1179 | Clr: 57.812 mm | t_trial: 11.336 s
[2496/3720] 8bathroom_i-need-to-throw-away-trash_GT.json | information_bottleneck     | Outcome: SAFE               | Leaves:   1179 | Clr: 53.711 mm | t_trial: 11.977 s

[PLANNED RESTART] Trial count 2496: Triggering planned restart 312...
[PLANNED RESTART] Terminating existing move_group process...
[PLANNED RESTART COMPLETE] New PID: 728931 | Ready in 11.483 s | Initial RSS: 168.55 MB
[2497/3720] 8bathroom_i-want-to-take-a-hot-bath_GT.json | identity                   | Outcome: SAFE               | Leaves:  35190 | Clr: 133.789 mm | t_trial: 13.346 s
[2498/3720] 8bathroom_i-want-to-take-a-hot-bath_GT.json | identity                   | Outcome: SAFE               | Leaves:  35190 | Clr: 140.039 mm | t_trial: 12.206 s
[2499/3720] 8bathroom_i-want-to-take-a-hot-bath_GT.json | identity                   | Outcome: SAFE               | Leaves:  35190 | Clr: 137.695 mm | t_trial: 12.040 s
[2500/3720] 8bathroom_i-want-to-take-a-hot-bath_GT.json | label_radius               | Outcome: SAFE               | Leaves:  15350 | Clr: 135.547 mm | t_trial: 11.708 s
[2501/3720] 8bathroom_i-want-to-take-a-hot-bath_GT.json | label_radius               | Outcome: SAFE               | Leaves:  15350 | Clr: 139.453 mm | t_trial: 11.567 s
[2502/3720] 8bathroom_i-want-to-take-a-hot-bath_GT.json | label_radius               | Outcome: SAFE               | Leaves:  15350 | Clr: 139.258 mm | t_trial: 11.188 s
[2503/3720] 8bathroom_i-want-to-take-a-hot-bath_GT.json | combined_quantile_adaptive | Outcome: SAFE               | Leaves:  15376 | Clr: 139.062 mm | t_trial: 11.607 s
[2504/3720] 8bathroom_i-want-to-take-a-hot-bath_GT.json | combined_quantile_adaptive | Outcome: SAFE               | Leaves:  15376 | Clr: 136.133 mm | t_trial: 12.107 s

[PLANNED RESTART] Trial count 2504: Triggering planned restart 313...
[PLANNED RESTART] Terminating existing move_group process...
[PLANNED RESTART COMPLETE] New PID: 730892 | Ready in 11.466 s | Initial RSS: 168.28 MB
[2505/3720] 8bathroom_i-want-to-take-a-hot-bath_GT.json | combined_quantile_adaptive | Outcome: SAFE               | Leaves:  15376 | Clr: 136.719 mm | t_trial: 12.736 s
[2506/3720] 8bathroom_i-want-to-take-a-hot-bath_GT.json | affordance_inherit         | Outcome: SAFE               | Leaves:   5176 | Clr: 139.844 mm | t_trial: 12.221 s
[2507/3720] 8bathroom_i-want-to-take-a-hot-bath_GT.json | affordance_inherit         | Outcome: SAFE               | Leaves:   5176 | Clr: 141.406 mm | t_trial: 11.700 s
[2508/3720] 8bathroom_i-want-to-take-a-hot-bath_GT.json | affordance_inherit         | Outcome: SAFE               | Leaves:   5176 | Clr: 140.039 mm | t_trial: 11.520 s
[2509/3720] 8bathroom_i-want-to-take-a-hot-bath_GT.json | label_inherit              | Outcome: SAFE               | Leaves:  15376 | Clr: 141.406 mm | t_trial: 11.575 s
[2510/3720] 8bathroom_i-want-to-take-a-hot-bath_GT.json | label_inherit              | Outcome: SAFE               | Leaves:  15376 | Clr: 137.891 mm | t_trial: 11.800 s
[2511/3720] 8bathroom_i-want-to-take-a-hot-bath_GT.json | label_inherit              | Outcome: SAFE               | Leaves:  15376 | Clr: 136.719 mm | t_trial: 11.539 s
[2512/3720] 8bathroom_i-want-to-take-a-hot-bath_GT.json | label_only                 | Outcome: SAFE               | Leaves:  15051 | Clr: 139.844 mm | t_trial: 11.990 s

[PLANNED RESTART] Trial count 2512: Triggering planned restart 314...
[PLANNED RESTART] Terminating existing move_group process...
[PLANNED RESTART COMPLETE] New PID: 732846 | Ready in 11.474 s | Initial RSS: 168.87 MB
[2513/3720] 8bathroom_i-want-to-take-a-hot-bath_GT.json | label_only                 | Outcome: SAFE               | Leaves:  15051 | Clr: 137.891 mm | t_trial: 13.062 s
[2514/3720] 8bathroom_i-want-to-take-a-hot-bath_GT.json | label_only                 | Outcome: SAFE               | Leaves:  15051 | Clr: 137.305 mm | t_trial: 12.322 s
[2515/3720] 8bathroom_i-want-to-take-a-hot-bath_GT.json | combined_inherit           | Outcome: SAFE               | Leaves:  15376 | Clr: 139.062 mm | t_trial: 12.132 s
[2516/3720] 8bathroom_i-want-to-take-a-hot-bath_GT.json | combined_inherit           | Outcome: SAFE               | Leaves:  15376 | Clr: 133.398 mm | t_trial: 11.569 s
[2517/3720] 8bathroom_i-want-to-take-a-hot-bath_GT.json | combined_inherit           | Outcome: SAFE               | Leaves:  15376 | Clr: 141.406 mm | t_trial: 11.610 s
[2518/3720] 8bathroom_i-want-to-take-a-hot-bath_GT.json | information_bottleneck     | Outcome: SAFE               | Leaves:  23883 | Clr: 139.844 mm | t_trial: 11.597 s
[2519/3720] 8bathroom_i-want-to-take-a-hot-bath_GT.json | information_bottleneck     | Outcome: SAFE               | Leaves:  23883 | Clr: 134.766 mm | t_trial: 11.058 s
[2520/3720] 8bathroom_i-want-to-take-a-hot-bath_GT.json | information_bottleneck     | Outcome: SAFE               | Leaves:  23883 | Clr: 138.867 mm | t_trial: 11.769 s

[PLANNED RESTART] Trial count 2520: Triggering planned restart 315...
[PLANNED RESTART] Terminating existing move_group process...
[PLANNED RESTART COMPLETE] New PID: 734818 | Ready in 11.497 s | Initial RSS: 168.48 MB
[2521/3720] 8bathroom_my-hands-are-dirty_GT.json | identity                   | Outcome: SAFE               | Leaves:  35190 | Clr: 135.352 mm | t_trial: 12.774 s
[2522/3720] 8bathroom_my-hands-are-dirty_GT.json | identity                   | Outcome: SAFE               | Leaves:  35190 | Clr: 131.641 mm | t_trial: 12.228 s
[2523/3720] 8bathroom_my-hands-are-dirty_GT.json | identity                   | Outcome: SAFE               | Leaves:  35190 | Clr: 134.180 mm | t_trial: 12.222 s
[2524/3720] 8bathroom_my-hands-are-dirty_GT.json | label_radius               | Outcome: SAFE               | Leaves:   1179 | Clr: 131.445 mm | t_trial: 11.043 s
[2525/3720] 8bathroom_my-hands-are-dirty_GT.json | label_radius               | Outcome: SAFE               | Leaves:   1179 | Clr: 135.352 mm | t_trial: 11.024 s
[2526/3720] 8bathroom_my-hands-are-dirty_GT.json | label_radius               | Outcome: SAFE               | Leaves:   1179 | Clr: 134.961 mm | t_trial: 11.657 s
[2527/3720] 8bathroom_my-hands-are-dirty_GT.json | combined_quantile_adaptive | Outcome: SAFE               | Leaves:   5176 | Clr: 135.547 mm | t_trial: 11.579 s
[2528/3720] 8bathroom_my-hands-are-dirty_GT.json | combined_quantile_adaptive | Outcome: SAFE               | Leaves:   5176 | Clr: 133.984 mm | t_trial: 12.131 s

[PLANNED RESTART] Trial count 2528: Triggering planned restart 316...
[PLANNED RESTART] Terminating existing move_group process...
[PLANNED RESTART COMPLETE] New PID: 736776 | Ready in 11.463 s | Initial RSS: 168.41 MB
[2529/3720] 8bathroom_my-hands-are-dirty_GT.json | combined_quantile_adaptive | Outcome: SAFE               | Leaves:   5176 | Clr: 135.352 mm | t_trial: 12.913 s
[2530/3720] 8bathroom_my-hands-are-dirty_GT.json | affordance_inherit         | Outcome: SAFE               | Leaves:   5176 | Clr: 133.203 mm | t_trial: 12.405 s
[2531/3720] 8bathroom_my-hands-are-dirty_GT.json | affordance_inherit         | Outcome: SAFE               | Leaves:   5176 | Clr: 134.766 mm | t_trial: 12.180 s
[2532/3720] 8bathroom_my-hands-are-dirty_GT.json | affordance_inherit         | Outcome: SAFE               | Leaves:   5176 | Clr: 136.133 mm | t_trial: 11.592 s
[2533/3720] 8bathroom_my-hands-are-dirty_GT.json | label_inherit              | Outcome: SAFE               | Leaves:   5176 | Clr: 135.156 mm | t_trial: 11.475 s
[2534/3720] 8bathroom_my-hands-are-dirty_GT.json | label_inherit              | Outcome: SAFE               | Leaves:   5176 | Clr: 134.766 mm | t_trial: 11.761 s
[2535/3720] 8bathroom_my-hands-are-dirty_GT.json | label_inherit              | Outcome: SAFE               | Leaves:   5176 | Clr: 135.547 mm | t_trial: 11.130 s
[2536/3720] 8bathroom_my-hands-are-dirty_GT.json | label_only                 | Outcome: SAFE               | Leaves:   5039 | Clr: 135.547 mm | t_trial: 12.208 s

[PLANNED RESTART] Trial count 2536: Triggering planned restart 317...
[PLANNED RESTART] Terminating existing move_group process...
[PLANNED RESTART COMPLETE] New PID: 738762 | Ready in 11.485 s | Initial RSS: 169.05 MB
[2537/3720] 8bathroom_my-hands-are-dirty_GT.json | label_only                 | Outcome: SAFE               | Leaves:   5039 | Clr: 135.547 mm | t_trial: 12.567 s
[2538/3720] 8bathroom_my-hands-are-dirty_GT.json | label_only                 | Outcome: SAFE               | Leaves:   5039 | Clr: 132.617 mm | t_trial: 12.177 s
[2539/3720] 8bathroom_my-hands-are-dirty_GT.json | combined_inherit           | Outcome: SAFE               | Leaves:   5176 | Clr: 131.445 mm | t_trial: 12.220 s
[2540/3720] 8bathroom_my-hands-are-dirty_GT.json | combined_inherit           | Outcome: SAFE               | Leaves:   5176 | Clr: 134.766 mm | t_trial: 11.049 s
[2541/3720] 8bathroom_my-hands-are-dirty_GT.json | combined_inherit           | Outcome: SAFE               | Leaves:   5176 | Clr: 131.055 mm | t_trial: 11.472 s
[2542/3720] 8bathroom_my-hands-are-dirty_GT.json | information_bottleneck     | Outcome: SAFE               | Leaves:  23579 | Clr: 134.961 mm | t_trial: 11.286 s
[2543/3720] 8bathroom_my-hands-are-dirty_GT.json | information_bottleneck     | Outcome: SAFE               | Leaves:  23579 | Clr: 132.031 mm | t_trial: 11.153 s
[2544/3720] 8bathroom_my-hands-are-dirty_GT.json | information_bottleneck     | Outcome: SAFE               | Leaves:  23579 | Clr: 133.008 mm | t_trial: 11.697 s

[PLANNED RESTART] Trial count 2544: Triggering planned restart 318...
[PLANNED RESTART] Terminating existing move_group process...
[PLANNED RESTART COMPLETE] New PID: 740672 | Ready in 11.478 s | Initial RSS: 168.30 MB
[2545/3720] 8bathroom_someone-is-knocking-at-the-door_GT.json | identity                   | Outcome: SAFE               | Leaves:  35190 | Clr: 150.195 mm | t_trial: 13.384 s
[2546/3720] 8bathroom_someone-is-knocking-at-the-door_GT.json | identity                   | Outcome: SAFE               | Leaves:  35190 | Clr: 147.656 mm | t_trial: 12.857 s
[2547/3720] 8bathroom_someone-is-knocking-at-the-door_GT.json | identity                   | Outcome: SAFE               | Leaves:  35190 | Clr: 149.609 mm | t_trial: 11.769 s
[2548/3720] 8bathroom_someone-is-knocking-at-the-door_GT.json | label_radius               | Outcome: SAFE               | Leaves:   9991 | Clr: 150.195 mm | t_trial: 11.907 s
[2549/3720] 8bathroom_someone-is-knocking-at-the-door_GT.json | label_radius               | Outcome: SAFE               | Leaves:   9991 | Clr: 150.195 mm | t_trial: 11.815 s
[2550/3720] 8bathroom_someone-is-knocking-at-the-door_GT.json | label_radius               | Outcome: SAFE               | Leaves:   9991 | Clr: 150.977 mm | t_trial: 11.855 s
[2551/3720] 8bathroom_someone-is-knocking-at-the-door_GT.json | combined_quantile_adaptive | Outcome: SAFE               | Leaves:   9991 | Clr: 150.781 mm | t_trial: 11.714 s
[2552/3720] 8bathroom_someone-is-knocking-at-the-door_GT.json | combined_quantile_adaptive | Outcome: SAFE               | Leaves:   9991 | Clr: 150.781 mm | t_trial: 12.427 s

[PLANNED RESTART] Trial count 2552: Triggering planned restart 319...
[PLANNED RESTART] Terminating existing move_group process...
[PLANNED RESTART COMPLETE] New PID: 742689 | Ready in 11.497 s | Initial RSS: 168.52 MB
[2553/3720] 8bathroom_someone-is-knocking-at-the-door_GT.json | combined_quantile_adaptive | Outcome: SAFE               | Leaves:   9991 | Clr: 150.195 mm | t_trial: 12.744 s
[2554/3720] 8bathroom_someone-is-knocking-at-the-door_GT.json | affordance_inherit         | Outcome: SAFE               | Leaves:   1179 | Clr: 149.414 mm | t_trial: 12.336 s
[2555/3720] 8bathroom_someone-is-knocking-at-the-door_GT.json | affordance_inherit         | Outcome: SAFE               | Leaves:   1179 | Clr: 151.172 mm | t_trial: 11.746 s
[2556/3720] 8bathroom_someone-is-knocking-at-the-door_GT.json | affordance_inherit         | Outcome: SAFE               | Leaves:   1179 | Clr: 151.172 mm | t_trial: 11.719 s
[2557/3720] 8bathroom_someone-is-knocking-at-the-door_GT.json | label_inherit              | Outcome: SAFE               | Leaves:   9991 | Clr: 149.219 mm | t_trial: 11.200 s
[2558/3720] 8bathroom_someone-is-knocking-at-the-door_GT.json | label_inherit              | Outcome: SAFE               | Leaves:   9991 | Clr: 149.414 mm | t_trial: 11.332 s
[2559/3720] 8bathroom_someone-is-knocking-at-the-door_GT.json | label_inherit              | Outcome: SAFE               | Leaves:   9991 | Clr: 149.414 mm | t_trial: 11.677 s
[2560/3720] 8bathroom_someone-is-knocking-at-the-door_GT.json | label_only                 | Outcome: SAFE               | Leaves:   9961 | Clr: 148.633 mm | t_trial: 12.075 s

[PLANNED RESTART] Trial count 2560: Triggering planned restart 320...
[PLANNED RESTART] Terminating existing move_group process...
[PLANNED RESTART COMPLETE] New PID: 744636 | Ready in 11.464 s | Initial RSS: 168.46 MB
[2561/3720] 8bathroom_someone-is-knocking-at-the-door_GT.json | label_only                 | Outcome: SAFE               | Leaves:   9961 | Clr: 148.242 mm | t_trial: 12.858 s
[2562/3720] 8bathroom_someone-is-knocking-at-the-door_GT.json | label_only                 | Outcome: SAFE               | Leaves:   9961 | Clr: 150.781 mm | t_trial: 12.870 s
[2563/3720] 8bathroom_someone-is-knocking-at-the-door_GT.json | combined_inherit           | Outcome: SAFE               | Leaves:   9991 | Clr: 151.563 mm | t_trial: 12.263 s
[2564/3720] 8bathroom_someone-is-knocking-at-the-door_GT.json | combined_inherit           | Outcome: SAFE               | Leaves:   9991 | Clr: 151.563 mm | t_trial: 11.715 s
[2565/3720] 8bathroom_someone-is-knocking-at-the-door_GT.json | combined_inherit           | Outcome: SAFE               | Leaves:   9991 | Clr: 149.219 mm | t_trial: 11.801 s
[2566/3720] 8bathroom_someone-is-knocking-at-the-door_GT.json | information_bottleneck     | Outcome: SAFE               | Leaves:   9991 | Clr: 149.219 mm | t_trial: 11.257 s
[2567/3720] 8bathroom_someone-is-knocking-at-the-door_GT.json | information_bottleneck     | Outcome: SAFE               | Leaves:   9991 | Clr: 151.172 mm | t_trial: 11.174 s
[2568/3720] 8bathroom_someone-is-knocking-at-the-door_GT.json | information_bottleneck     | Outcome: SAFE               | Leaves:   9991 | Clr: 149.805 mm | t_trial: 12.181 s

[PLANNED RESTART] Trial count 2568: Triggering planned restart 321...
[PLANNED RESTART] Terminating existing move_group process...
[PLANNED RESTART COMPLETE] New PID: 746635 | Ready in 11.477 s | Initial RSS: 168.89 MB
[2569/3720] 9bedroom_adjust-the-radiator-temperature_GT.json | identity                   | Outcome: SAFE               | Leaves:  41165 | Clr: 96.094 mm | t_trial: 12.668 s
[2570/3720] 9bedroom_adjust-the-radiator-temperature_GT.json | identity                   | Outcome: SAFE               | Leaves:  41165 | Clr: 94.141 mm | t_trial: 12.060 s
[2571/3720] 9bedroom_adjust-the-radiator-temperature_GT.json | identity                   | Outcome: SAFE               | Leaves:  41165 | Clr: 92.578 mm | t_trial: 12.266 s
[2572/3720] 9bedroom_adjust-the-radiator-temperature_GT.json | label_radius               | Outcome: SAFE               | Leaves:    773 | Clr: 97.656 mm | t_trial: 11.618 s
[2573/3720] 9bedroom_adjust-the-radiator-temperature_GT.json | label_radius               | Outcome: SAFE               | Leaves:    773 | Clr: 92.969 mm | t_trial: 11.452 s
[2574/3720] 9bedroom_adjust-the-radiator-temperature_GT.json | label_radius               | Outcome: SAFE               | Leaves:    773 | Clr: 93.945 mm | t_trial: 11.625 s
[2575/3720] 9bedroom_adjust-the-radiator-temperature_GT.json | combined_quantile_adaptive | Outcome: SAFE               | Leaves:    773 | Clr: 95.117 mm | t_trial: 10.956 s
[2576/3720] 9bedroom_adjust-the-radiator-temperature_GT.json | combined_quantile_adaptive | Outcome: SAFE               | Leaves:    773 | Clr: 92.773 mm | t_trial: 11.800 s

[PLANNED RESTART] Trial count 2576: Triggering planned restart 322...
[PLANNED RESTART] Terminating existing move_group process...
[PLANNED RESTART COMPLETE] New PID: 748570 | Ready in 11.489 s | Initial RSS: 168.28 MB
[2577/3720] 9bedroom_adjust-the-radiator-temperature_GT.json | combined_quantile_adaptive | Outcome: SAFE               | Leaves:    773 | Clr: 95.898 mm | t_trial: 12.454 s
[2578/3720] 9bedroom_adjust-the-radiator-temperature_GT.json | affordance_inherit         | Outcome: SAFE               | Leaves:    773 | Clr: 92.578 mm | t_trial: 12.029 s
[2579/3720] 9bedroom_adjust-the-radiator-temperature_GT.json | affordance_inherit         | Outcome: SAFE               | Leaves:    773 | Clr: 96.484 mm | t_trial: 11.932 s
[2580/3720] 9bedroom_adjust-the-radiator-temperature_GT.json | affordance_inherit         | Outcome: SAFE               | Leaves:    773 | Clr: 94.531 mm | t_trial: 11.553 s
[2581/3720] 9bedroom_adjust-the-radiator-temperature_GT.json | label_inherit              | Outcome: SAFE               | Leaves:    773 | Clr: 97.070 mm | t_trial: 10.904 s
[2582/3720] 9bedroom_adjust-the-radiator-temperature_GT.json | label_inherit              | Outcome: SAFE               | Leaves:    773 | Clr: 94.727 mm | t_trial: 11.544 s
[2583/3720] 9bedroom_adjust-the-radiator-temperature_GT.json | label_inherit              | Outcome: SAFE               | Leaves:    773 | Clr: 97.852 mm | t_trial: 11.496 s
[2584/3720] 9bedroom_adjust-the-radiator-temperature_GT.json | label_only                 | Outcome: SAFE               | Leaves:    737 | Clr: 94.727 mm | t_trial: 12.057 s

[PLANNED RESTART] Trial count 2584: Triggering planned restart 323...
[PLANNED RESTART] Terminating existing move_group process...
[PLANNED RESTART COMPLETE] New PID: 750498 | Ready in 11.464 s | Initial RSS: 168.70 MB
[2585/3720] 9bedroom_adjust-the-radiator-temperature_GT.json | label_only                 | Outcome: SAFE               | Leaves:    737 | Clr: 96.094 mm | t_trial: 12.623 s
[2586/3720] 9bedroom_adjust-the-radiator-temperature_GT.json | label_only                 | Outcome: SAFE               | Leaves:    737 | Clr: 98.242 mm | t_trial: 12.124 s
[2587/3720] 9bedroom_adjust-the-radiator-temperature_GT.json | combined_inherit           | Outcome: SAFE               | Leaves:    773 | Clr: 94.336 mm | t_trial: 11.453 s
[2588/3720] 9bedroom_adjust-the-radiator-temperature_GT.json | combined_inherit           | Outcome: SAFE               | Leaves:    773 | Clr: 95.703 mm | t_trial: 11.484 s
[2589/3720] 9bedroom_adjust-the-radiator-temperature_GT.json | combined_inherit           | Outcome: SAFE               | Leaves:    773 | Clr: 92.578 mm | t_trial: 11.540 s
[2590/3720] 9bedroom_adjust-the-radiator-temperature_GT.json | information_bottleneck     | Outcome: SAFE               | Leaves:    773 | Clr: 97.266 mm | t_trial: 11.532 s
[2591/3720] 9bedroom_adjust-the-radiator-temperature_GT.json | information_bottleneck     | Outcome: SAFE               | Leaves:    773 | Clr: 96.289 mm | t_trial: 11.475 s
[2592/3720] 9bedroom_adjust-the-radiator-temperature_GT.json | information_bottleneck     | Outcome: SAFE               | Leaves:    773 | Clr: 96.875 mm | t_trial: 11.698 s

[PLANNED RESTART] Trial count 2592: Triggering planned restart 324...
[PLANNED RESTART] Terminating existing move_group process...
[PLANNED RESTART COMPLETE] New PID: 752444 | Ready in 11.493 s | Initial RSS: 168.71 MB
[2593/3720] 9bedroom_open-the-door_GT.json      | identity                   | Outcome: SAFE               | Leaves:  41165 | Clr: 153.125 mm | t_trial: 12.849 s
[2594/3720] 9bedroom_open-the-door_GT.json      | identity                   | Outcome: SAFE               | Leaves:  41165 | Clr: 152.148 mm | t_trial: 12.877 s
[2595/3720] 9bedroom_open-the-door_GT.json      | identity                   | Outcome: SAFE               | Leaves:  41165 | Clr: 154.883 mm | t_trial: 11.856 s
[2596/3720] 9bedroom_open-the-door_GT.json      | label_radius               | Outcome: SAFE               | Leaves:  21087 | Clr: 153.320 mm | t_trial: 11.725 s
[2597/3720] 9bedroom_open-the-door_GT.json      | label_radius               | Outcome: SAFE               | Leaves:  21087 | Clr: 152.734 mm | t_trial: 11.746 s
[2598/3720] 9bedroom_open-the-door_GT.json      | label_radius               | Outcome: SAFE               | Leaves:  21087 | Clr: 152.930 mm | t_trial: 11.467 s
[2599/3720] 9bedroom_open-the-door_GT.json      | combined_quantile_adaptive | Outcome: SAFE               | Leaves:  20953 | Clr: 151.953 mm | t_trial: 11.728 s
[2600/3720] 9bedroom_open-the-door_GT.json      | combined_quantile_adaptive | Outcome: SAFE               | Leaves:  20953 | Clr: 154.102 mm | t_trial: 11.726 s

[PLANNED RESTART] Trial count 2600: Triggering planned restart 325...
[PLANNED RESTART] Terminating existing move_group process...
[PLANNED RESTART COMPLETE] New PID: 754430 | Ready in 11.479 s | Initial RSS: 168.78 MB
[2601/3720] 9bedroom_open-the-door_GT.json      | combined_quantile_adaptive | Outcome: SAFE               | Leaves:  20953 | Clr: 152.344 mm | t_trial: 13.201 s
[2602/3720] 9bedroom_open-the-door_GT.json      | affordance_inherit         | Outcome: SAFE               | Leaves:  10942 | Clr: 150.781 mm | t_trial: 12.321 s
[2603/3720] 9bedroom_open-the-door_GT.json      | affordance_inherit         | Outcome: SAFE               | Leaves:  10942 | Clr: 150.000 mm | t_trial: 12.281 s
[2604/3720] 9bedroom_open-the-door_GT.json      | affordance_inherit         | Outcome: SAFE               | Leaves:  10942 | Clr: 150.586 mm | t_trial: 11.844 s
[2605/3720] 9bedroom_open-the-door_GT.json      | label_inherit              | Outcome: SAFE               | Leaves:  20953 | Clr: 153.320 mm | t_trial: 11.809 s
[2606/3720] 9bedroom_open-the-door_GT.json      | label_inherit              | Outcome: SAFE               | Leaves:  20953 | Clr: 151.758 mm | t_trial: 11.443 s
[2607/3720] 9bedroom_open-the-door_GT.json      | label_inherit              | Outcome: SAFE               | Leaves:  20953 | Clr: 152.734 mm | t_trial: 11.249 s
[2608/3720] 9bedroom_open-the-door_GT.json      | label_only                 | Outcome: SAFE               | Leaves:  20909 | Clr: 153.711 mm | t_trial: 12.420 s

[PLANNED RESTART] Trial count 2608: Triggering planned restart 326...
[PLANNED RESTART] Terminating existing move_group process...
[PLANNED RESTART COMPLETE] New PID: 756427 | Ready in 11.989 s | Initial RSS: 168.20 MB
[2609/3720] 9bedroom_open-the-door_GT.json      | label_only                 | Outcome: SAFE               | Leaves:  20909 | Clr: 150.391 mm | t_trial: 13.065 s
[2610/3720] 9bedroom_open-the-door_GT.json      | label_only                 | Outcome: SAFE               | Leaves:  20909 | Clr: 151.367 mm | t_trial: 12.650 s
[2611/3720] 9bedroom_open-the-door_GT.json      | combined_inherit           | Outcome: SAFE               | Leaves:  20953 | Clr: 152.344 mm | t_trial: 12.252 s
[2612/3720] 9bedroom_open-the-door_GT.json      | combined_inherit           | Outcome: SAFE               | Leaves:  20953 | Clr: 151.563 mm | t_trial: 11.867 s
[2613/3720] 9bedroom_open-the-door_GT.json      | combined_inherit           | Outcome: SAFE               | Leaves:  20953 | Clr: 153.906 mm | t_trial: 11.797 s
[2614/3720] 9bedroom_open-the-door_GT.json      | information_bottleneck     | Outcome: SAFE               | Leaves:  20953 | Clr: 150.781 mm | t_trial: 11.941 s
[2615/3720] 9bedroom_open-the-door_GT.json      | information_bottleneck     | Outcome: SAFE               | Leaves:  20953 | Clr: 151.172 mm | t_trial: 11.393 s
[2616/3720] 9bedroom_open-the-door_GT.json      | information_bottleneck     | Outcome: SAFE               | Leaves:  20953 | Clr: 150.195 mm | t_trial: 12.198 s

[PLANNED RESTART] Trial count 2616: Triggering planned restart 327...
[PLANNED RESTART] Terminating existing move_group process...
[PLANNED RESTART COMPLETE] New PID: 758414 | Ready in 11.483 s | Initial RSS: 168.43 MB
[2617/3720] 9bedroom_open-the-dresser-drawer_GT.json | identity                   | Outcome: SAFE               | Leaves:  41165 | Clr: 59.375 mm | t_trial: 12.906 s
[2618/3720] 9bedroom_open-the-dresser-drawer_GT.json | identity                   | Outcome: SAFE               | Leaves:  41165 | Clr: 59.766 mm | t_trial: 11.920 s
[2619/3720] 9bedroom_open-the-dresser-drawer_GT.json | identity                   | Outcome: SAFE               | Leaves:  41165 | Clr: 61.133 mm | t_trial: 12.212 s
[2620/3720] 9bedroom_open-the-dresser-drawer_GT.json | label_radius               | Outcome: SAFE               | Leaves:  10942 | Clr: 60.938 mm | t_trial: 11.427 s
[2621/3720] 9bedroom_open-the-dresser-drawer_GT.json | label_radius               | Outcome: SAFE               | Leaves:  10942 | Clr: 58.203 mm | t_trial: 11.407 s
[2622/3720] 9bedroom_open-the-dresser-drawer_GT.json | label_radius               | Outcome: SAFE               | Leaves:  10942 | Clr: 57.422 mm | t_trial: 11.507 s
[2623/3720] 9bedroom_open-the-dresser-drawer_GT.json | combined_quantile_adaptive | Outcome: SAFE               | Leaves:  10942 | Clr: 58.203 mm | t_trial: 11.921 s
[2624/3720] 9bedroom_open-the-dresser-drawer_GT.json | combined_quantile_adaptive | Outcome: SAFE               | Leaves:  10942 | Clr: 57.812 mm | t_trial: 11.350 s

[PLANNED RESTART] Trial count 2624: Triggering planned restart 328...
[PLANNED RESTART] Terminating existing move_group process...
[PLANNED RESTART COMPLETE] New PID: 760372 | Ready in 11.475 s | Initial RSS: 168.29 MB
[2625/3720] 9bedroom_open-the-dresser-drawer_GT.json | combined_quantile_adaptive | Outcome: SAFE               | Leaves:  10942 | Clr: 58.203 mm | t_trial: 12.263 s
[2626/3720] 9bedroom_open-the-dresser-drawer_GT.json | affordance_inherit         | Outcome: SAFE               | Leaves:  10942 | Clr: 61.719 mm | t_trial: 12.493 s
[2627/3720] 9bedroom_open-the-dresser-drawer_GT.json | affordance_inherit         | Outcome: SAFE               | Leaves:  10942 | Clr: 60.742 mm | t_trial: 11.853 s
[2628/3720] 9bedroom_open-the-dresser-drawer_GT.json | affordance_inherit         | Outcome: SAFE               | Leaves:  10942 | Clr: 63.086 mm | t_trial: 11.438 s
[2629/3720] 9bedroom_open-the-dresser-drawer_GT.json | label_inherit              | Outcome: SAFE               | Leaves:  10942 | Clr: 62.500 mm | t_trial: 10.960 s
[2630/3720] 9bedroom_open-the-dresser-drawer_GT.json | label_inherit              | Outcome: SAFE               | Leaves:  10942 | Clr: 63.672 mm | t_trial: 11.444 s
[2631/3720] 9bedroom_open-the-dresser-drawer_GT.json | label_inherit              | Outcome: SAFE               | Leaves:  10942 | Clr: 60.547 mm | t_trial: 10.890 s
[2632/3720] 9bedroom_open-the-dresser-drawer_GT.json | label_only                 | Outcome: SAFE               | Leaves:  10894 | Clr: 61.523 mm | t_trial: 12.367 s

[PLANNED RESTART] Trial count 2632: Triggering planned restart 329...
[PLANNED RESTART] Terminating existing move_group process...
[PLANNED RESTART COMPLETE] New PID: 762309 | Ready in 11.475 s | Initial RSS: 168.60 MB
[2633/3720] 9bedroom_open-the-dresser-drawer_GT.json | label_only                 | Outcome: SAFE               | Leaves:  10894 | Clr: 61.523 mm | t_trial: 12.742 s
[2634/3720] 9bedroom_open-the-dresser-drawer_GT.json | label_only                 | Outcome: SAFE               | Leaves:  10894 | Clr: 60.742 mm | t_trial: 11.894 s
[2635/3720] 9bedroom_open-the-dresser-drawer_GT.json | combined_inherit           | Outcome: SAFE               | Leaves:  10942 | Clr: 62.305 mm | t_trial: 11.972 s
[2636/3720] 9bedroom_open-the-dresser-drawer_GT.json | combined_inherit           | Outcome: SAFE               | Leaves:  10942 | Clr: 58.789 mm | t_trial: 11.405 s
[2637/3720] 9bedroom_open-the-dresser-drawer_GT.json | combined_inherit           | Outcome: SAFE               | Leaves:  10942 | Clr: 60.547 mm | t_trial: 10.966 s
[2638/3720] 9bedroom_open-the-dresser-drawer_GT.json | information_bottleneck     | Outcome: SAFE               | Leaves:  10942 | Clr: 61.523 mm | t_trial: 11.563 s
[2639/3720] 9bedroom_open-the-dresser-drawer_GT.json | information_bottleneck     | Outcome: SAFE               | Leaves:  10942 | Clr: 62.891 mm | t_trial: 11.148 s
[2640/3720] 9bedroom_open-the-dresser-drawer_GT.json | information_bottleneck     | Outcome: SAFE               | Leaves:  10942 | Clr: 61.719 mm | t_trial: 11.344 s

[PLANNED RESTART] Trial count 2640: Triggering planned restart 330...
[PLANNED RESTART] Terminating existing move_group process...
[PLANNED RESTART COMPLETE] New PID: 764249 | Ready in 11.486 s | Initial RSS: 168.37 MB
[2641/3720] 9bedroom_turn-on-the-fan_GT.json    | identity                   | Outcome: SAFE               | Leaves:  41165 | Clr: 55.078 mm | t_trial: 13.066 s
[2642/3720] 9bedroom_turn-on-the-fan_GT.json    | identity                   | Outcome: SAFE               | Leaves:  41165 | Clr: 56.445 mm | t_trial: 12.184 s
[2643/3720] 9bedroom_turn-on-the-fan_GT.json    | identity                   | Outcome: SAFE               | Leaves:  41165 | Clr: 57.227 mm | t_trial: 11.885 s
[2644/3720] 9bedroom_turn-on-the-fan_GT.json    | label_radius               | Outcome: SAFE               | Leaves:   3247 | Clr: 57.227 mm | t_trial: 11.485 s
[2645/3720] 9bedroom_turn-on-the-fan_GT.json    | label_radius               | Outcome: SAFE               | Leaves:   3247 | Clr: 56.445 mm | t_trial: 11.305 s
[2646/3720] 9bedroom_turn-on-the-fan_GT.json    | label_radius               | Outcome: SAFE               | Leaves:   3247 | Clr: 54.883 mm | t_trial: 10.990 s
[2647/3720] 9bedroom_turn-on-the-fan_GT.json    | combined_quantile_adaptive | Outcome: SAFE               | Leaves:   3202 | Clr: 54.883 mm | t_trial: 11.354 s
[2648/3720] 9bedroom_turn-on-the-fan_GT.json    | combined_quantile_adaptive | Outcome: SAFE               | Leaves:   3202 | Clr: 56.641 mm | t_trial: 11.179 s

[PLANNED RESTART] Trial count 2648: Triggering planned restart 331...
[PLANNED RESTART] Terminating existing move_group process...
[PLANNED RESTART COMPLETE] New PID: 766177 | Ready in 11.498 s | Initial RSS: 168.47 MB
[2649/3720] 9bedroom_turn-on-the-fan_GT.json    | combined_quantile_adaptive | Outcome: SAFE               | Leaves:   3202 | Clr: 54.492 mm | t_trial: 12.532 s
[2650/3720] 9bedroom_turn-on-the-fan_GT.json    | affordance_inherit         | Outcome: SAFE               | Leaves:   4505 | Clr: 57.422 mm | t_trial: 11.877 s
[2651/3720] 9bedroom_turn-on-the-fan_GT.json    | affordance_inherit         | Outcome: SAFE               | Leaves:   4505 | Clr: 56.836 mm | t_trial: 11.911 s
[2652/3720] 9bedroom_turn-on-the-fan_GT.json    | affordance_inherit         | Outcome: SAFE               | Leaves:   4505 | Clr: 56.250 mm | t_trial: 10.906 s
[2653/3720] 9bedroom_turn-on-the-fan_GT.json    | label_inherit              | Outcome: SAFE               | Leaves:   3202 | Clr: 54.883 mm | t_trial: 10.872 s
[2654/3720] 9bedroom_turn-on-the-fan_GT.json    | label_inherit              | Outcome: SAFE               | Leaves:   3202 | Clr: 57.031 mm | t_trial: 11.496 s
[2655/3720] 9bedroom_turn-on-the-fan_GT.json    | label_inherit              | Outcome: SAFE               | Leaves:   3202 | Clr: 56.055 mm | t_trial: 10.779 s
[2656/3720] 9bedroom_turn-on-the-fan_GT.json    | label_only                 | Outcome: SAFE               | Leaves:   3068 | Clr: 55.078 mm | t_trial: 12.293 s

[PLANNED RESTART] Trial count 2656: Triggering planned restart 332...
[PLANNED RESTART] Terminating existing move_group process...
[PLANNED RESTART COMPLETE] New PID: 768077 | Ready in 11.464 s | Initial RSS: 168.91 MB
[2657/3720] 9bedroom_turn-on-the-fan_GT.json    | label_only                 | Outcome: SAFE               | Leaves:   3068 | Clr: 56.250 mm | t_trial: 12.193 s
[2658/3720] 9bedroom_turn-on-the-fan_GT.json    | label_only                 | Outcome: SAFE               | Leaves:   3068 | Clr: 53.516 mm | t_trial: 12.045 s
[2659/3720] 9bedroom_turn-on-the-fan_GT.json    | combined_inherit           | Outcome: SAFE               | Leaves:   3202 | Clr: 54.883 mm | t_trial: 12.049 s
[2660/3720] 9bedroom_turn-on-the-fan_GT.json    | combined_inherit           | Outcome: SAFE               | Leaves:   3202 | Clr: 56.836 mm | t_trial: 10.862 s
[2661/3720] 9bedroom_turn-on-the-fan_GT.json    | combined_inherit           | Outcome: SAFE               | Leaves:   3202 | Clr: 55.078 mm | t_trial: 11.394 s
[2662/3720] 9bedroom_turn-on-the-fan_GT.json    | information_bottleneck     | Outcome: SAFE               | Leaves:   3202 | Clr: 57.227 mm | t_trial: 11.374 s
[2663/3720] 9bedroom_turn-on-the-fan_GT.json    | information_bottleneck     | Outcome: SAFE               | Leaves:   3202 | Clr: 56.445 mm | t_trial: 11.357 s
[2664/3720] 9bedroom_turn-on-the-fan_GT.json    | information_bottleneck     | Outcome: SAFE               | Leaves:   3202 | Clr: 55.469 mm | t_trial: 11.667 s

[PLANNED RESTART] Trial count 2664: Triggering planned restart 333...
[PLANNED RESTART] Terminating existing move_group process...
[PLANNED RESTART COMPLETE] New PID: 770011 | Ready in 11.492 s | Initial RSS: 168.43 MB
[2665/3720] 9bedroom_i-need-clean-clothes-from-the-dresser_GT.json | identity                   | Outcome: SAFE               | Leaves:  41165 | Clr: 59.180 mm | t_trial: 13.253 s
[2666/3720] 9bedroom_i-need-clean-clothes-from-the-dresser_GT.json | identity                   | Outcome: SAFE               | Leaves:  41165 | Clr: 61.133 mm | t_trial: 12.276 s
[2667/3720] 9bedroom_i-need-clean-clothes-from-the-dresser_GT.json | identity                   | Outcome: SAFE               | Leaves:  41165 | Clr: 59.375 mm | t_trial: 11.987 s
[2668/3720] 9bedroom_i-need-clean-clothes-from-the-dresser_GT.json | label_radius               | Outcome: SAFE               | Leaves:  10942 | Clr: 59.570 mm | t_trial: 11.387 s
[2669/3720] 9bedroom_i-need-clean-clothes-from-the-dresser_GT.json | label_radius               | Outcome: SAFE               | Leaves:  10942 | Clr: 62.500 mm | t_trial: 10.969 s
[2670/3720] 9bedroom_i-need-clean-clothes-from-the-dresser_GT.json | label_radius               | Outcome: SAFE               | Leaves:  10942 | Clr: 60.742 mm | t_trial: 11.415 s
[2671/3720] 9bedroom_i-need-clean-clothes-from-the-dresser_GT.json | combined_quantile_adaptive | Outcome: SAFE               | Leaves:  10942 | Clr: 59.961 mm | t_trial: 11.528 s
[2672/3720] 9bedroom_i-need-clean-clothes-from-the-dresser_GT.json | combined_quantile_adaptive | Outcome: SAFE               | Leaves:  10942 | Clr: 60.156 mm | t_trial: 12.444 s

[PLANNED RESTART] Trial count 2672: Triggering planned restart 334...
[PLANNED RESTART] Terminating existing move_group process...
[PLANNED RESTART COMPLETE] New PID: 771983 | Ready in 11.487 s | Initial RSS: 168.69 MB
[2673/3720] 9bedroom_i-need-clean-clothes-from-the-dresser_GT.json | combined_quantile_adaptive | Outcome: SAFE               | Leaves:  10942 | Clr: 61.914 mm | t_trial: 12.512 s
[2674/3720] 9bedroom_i-need-clean-clothes-from-the-dresser_GT.json | affordance_inherit         | Outcome: SAFE               | Leaves:  10942 | Clr: 61.523 mm | t_trial: 11.924 s
[2675/3720] 9bedroom_i-need-clean-clothes-from-the-dresser_GT.json | affordance_inherit         | Outcome: SAFE               | Leaves:  10942 | Clr: 55.664 mm | t_trial: 11.980 s
[2676/3720] 9bedroom_i-need-clean-clothes-from-the-dresser_GT.json | affordance_inherit         | Outcome: SAFE               | Leaves:  10942 | Clr: 61.914 mm | t_trial: 11.487 s
[2677/3720] 9bedroom_i-need-clean-clothes-from-the-dresser_GT.json | label_inherit              | Outcome: SAFE               | Leaves:  10942 | Clr: 61.523 mm | t_trial: 11.332 s
[2678/3720] 9bedroom_i-need-clean-clothes-from-the-dresser_GT.json | label_inherit              | Outcome: SAFE               | Leaves:  10942 | Clr: 56.445 mm | t_trial: 10.985 s
[2679/3720] 9bedroom_i-need-clean-clothes-from-the-dresser_GT.json | label_inherit              | Outcome: SAFE               | Leaves:  10942 | Clr: 62.500 mm | t_trial: 10.806 s
[2680/3720] 9bedroom_i-need-clean-clothes-from-the-dresser_GT.json | label_only                 | Outcome: SAFE               | Leaves:  10894 | Clr: 62.695 mm | t_trial: 11.822 s

[PLANNED RESTART] Trial count 2680: Triggering planned restart 335...
[PLANNED RESTART] Terminating existing move_group process...
[PLANNED RESTART COMPLETE] New PID: 773900 | Ready in 11.517 s | Initial RSS: 168.87 MB
[2681/3720] 9bedroom_i-need-clean-clothes-from-the-dresser_GT.json | label_only                 | Outcome: SAFE               | Leaves:  10894 | Clr: 58.398 mm | t_trial: 12.566 s
[2682/3720] 9bedroom_i-need-clean-clothes-from-the-dresser_GT.json | label_only                 | Outcome: SAFE               | Leaves:  10894 | Clr: 56.445 mm | t_trial: 12.393 s
[2683/3720] 9bedroom_i-need-clean-clothes-from-the-dresser_GT.json | combined_inherit           | Outcome: SAFE               | Leaves:  10942 | Clr: 58.203 mm | t_trial: 12.017 s
[2684/3720] 9bedroom_i-need-clean-clothes-from-the-dresser_GT.json | combined_inherit           | Outcome: SAFE               | Leaves:  10942 | Clr: 58.398 mm | t_trial: 11.354 s
[2685/3720] 9bedroom_i-need-clean-clothes-from-the-dresser_GT.json | combined_inherit           | Outcome: SAFE               | Leaves:  10942 | Clr: 58.594 mm | t_trial: 11.516 s
[2686/3720] 9bedroom_i-need-clean-clothes-from-the-dresser_GT.json | information_bottleneck     | Outcome: SAFE               | Leaves:  10942 | Clr: 59.180 mm | t_trial: 10.926 s
[2687/3720] 9bedroom_i-need-clean-clothes-from-the-dresser_GT.json | information_bottleneck     | Outcome: SAFE               | Leaves:  10942 | Clr: 58.398 mm | t_trial: 11.291 s
[2688/3720] 9bedroom_i-need-clean-clothes-from-the-dresser_GT.json | information_bottleneck     | Outcome: SAFE               | Leaves:  10942 | Clr: 59.180 mm | t_trial: 11.313 s

[PLANNED RESTART] Trial count 2688: Triggering planned restart 336...
[PLANNED RESTART] Terminating existing move_group process...
[PLANNED RESTART COMPLETE] New PID: 775815 | Ready in 11.479 s | Initial RSS: 168.70 MB
[2689/3720] 9bedroom_its-too-cold-in-here_GT.json | identity                   | Outcome: SAFE               | Leaves:  41165 | Clr: 97.266 mm | t_trial: 13.123 s
[2690/3720] 9bedroom_its-too-cold-in-here_GT.json | identity                   | Outcome: SAFE               | Leaves:  41165 | Clr: 96.484 mm | t_trial: 12.101 s
[2691/3720] 9bedroom_its-too-cold-in-here_GT.json | identity                   | Outcome: SAFE               | Leaves:  41165 | Clr: 96.484 mm | t_trial: 12.033 s
[2692/3720] 9bedroom_its-too-cold-in-here_GT.json | label_radius               | Outcome: SAFE               | Leaves:    773 | Clr: 95.312 mm | t_trial: 10.968 s
[2693/3720] 9bedroom_its-too-cold-in-here_GT.json | label_radius               | Outcome: SAFE               | Leaves:    773 | Clr: 96.484 mm | t_trial: 11.478 s
[2694/3720] 9bedroom_its-too-cold-in-here_GT.json | label_radius               | Outcome: SAFE               | Leaves:    773 | Clr: 96.484 mm | t_trial: 11.013 s
[2695/3720] 9bedroom_its-too-cold-in-here_GT.json | combined_quantile_adaptive | Outcome: SAFE               | Leaves:  24928 | Clr: 93.359 mm | t_trial: 11.560 s
[2696/3720] 9bedroom_its-too-cold-in-here_GT.json | combined_quantile_adaptive | Outcome: SAFE               | Leaves:  24928 | Clr: 95.117 mm | t_trial: 12.005 s

[PLANNED RESTART] Trial count 2696: Triggering planned restart 337...
[PLANNED RESTART] Terminating existing move_group process...
[PLANNED RESTART COMPLETE] New PID: 777778 | Ready in 11.492 s | Initial RSS: 168.68 MB
[2697/3720] 9bedroom_its-too-cold-in-here_GT.json | combined_quantile_adaptive | Outcome: SAFE               | Leaves:  24928 | Clr: 95.312 mm | t_trial: 12.703 s
[2698/3720] 9bedroom_its-too-cold-in-here_GT.json | affordance_inherit         | Outcome: SAFE               | Leaves:    773 | Clr: 96.289 mm | t_trial: 12.406 s
[2699/3720] 9bedroom_its-too-cold-in-here_GT.json | affordance_inherit         | Outcome: SAFE               | Leaves:    773 | Clr: 96.094 mm | t_trial: 12.061 s
[2700/3720] 9bedroom_its-too-cold-in-here_GT.json | affordance_inherit         | Outcome: SAFE               | Leaves:    773 | Clr: 96.289 mm | t_trial: 11.459 s
[2701/3720] 9bedroom_its-too-cold-in-here_GT.json | label_inherit              | Outcome: SAFE               | Leaves:    773 | Clr: 95.703 mm | t_trial: 11.490 s
[2702/3720] 9bedroom_its-too-cold-in-here_GT.json | label_inherit              | Outcome: SAFE               | Leaves:    773 | Clr: 93.555 mm | t_trial: 11.023 s
[2703/3720] 9bedroom_its-too-cold-in-here_GT.json | label_inherit              | Outcome: SAFE               | Leaves:    773 | Clr: 98.242 mm | t_trial: 10.941 s
[2704/3720] 9bedroom_its-too-cold-in-here_GT.json | label_only                 | Outcome: SAFE               | Leaves:    737 | Clr: 95.898 mm | t_trial: 11.259 s

[PLANNED RESTART] Trial count 2704: Triggering planned restart 338...
[PLANNED RESTART] Terminating existing move_group process...
[PLANNED RESTART COMPLETE] New PID: 779710 | Ready in 11.458 s | Initial RSS: 168.74 MB
[2705/3720] 9bedroom_its-too-cold-in-here_GT.json | label_only                 | Outcome: SAFE               | Leaves:    737 | Clr: 95.312 mm | t_trial: 12.923 s
[2706/3720] 9bedroom_its-too-cold-in-here_GT.json | label_only                 | Outcome: SAFE               | Leaves:    737 | Clr: 98.047 mm | t_trial: 12.217 s
[2707/3720] 9bedroom_its-too-cold-in-here_GT.json | combined_inherit           | Outcome: SAFE               | Leaves:    773 | Clr: 94.727 mm | t_trial: 11.978 s
[2708/3720] 9bedroom_its-too-cold-in-here_GT.json | combined_inherit           | Outcome: SAFE               | Leaves:    773 | Clr: 97.070 mm | t_trial: 11.092 s
[2709/3720] 9bedroom_its-too-cold-in-here_GT.json | combined_inherit           | Outcome: SAFE               | Leaves:    773 | Clr: 97.266 mm | t_trial: 10.977 s
[2710/3720] 9bedroom_its-too-cold-in-here_GT.json | information_bottleneck     | Outcome: SAFE               | Leaves:    737 | Clr: 95.117 mm | t_trial: 11.565 s
[2711/3720] 9bedroom_its-too-cold-in-here_GT.json | information_bottleneck     | Outcome: SAFE               | Leaves:    737 | Clr: 97.266 mm | t_trial: 11.482 s
[2712/3720] 9bedroom_its-too-cold-in-here_GT.json | information_bottleneck     | Outcome: SAFE               | Leaves:    737 | Clr: 98.633 mm | t_trial: 12.354 s

[PLANNED RESTART] Trial count 2712: Triggering planned restart 339...
[PLANNED RESTART] Terminating existing move_group process...
[PLANNED RESTART COMPLETE] New PID: 781669 | Ready in 11.495 s | Initial RSS: 168.04 MB
[2713/3720] 9bedroom_its-too-hot-in-here_GT.json | identity                   | Outcome: SAFE               | Leaves:  41165 | Clr: 53.125 mm | t_trial: 12.663 s
[2714/3720] 9bedroom_its-too-hot-in-here_GT.json | identity                   | Outcome: SAFE               | Leaves:  41165 | Clr: 56.445 mm | t_trial: 11.945 s
[2715/3720] 9bedroom_its-too-hot-in-here_GT.json | identity                   | Outcome: SAFE               | Leaves:  41165 | Clr: 56.250 mm | t_trial: 12.065 s
[2716/3720] 9bedroom_its-too-hot-in-here_GT.json | label_radius               | Outcome: SAFE               | Leaves:   3247 | Clr: 54.297 mm | t_trial: 10.889 s
[2717/3720] 9bedroom_its-too-hot-in-here_GT.json | label_radius               | Outcome: SAFE               | Leaves:   3247 | Clr: 54.297 mm | t_trial: 10.843 s
[2718/3720] 9bedroom_its-too-hot-in-here_GT.json | label_radius               | Outcome: SAFE               | Leaves:   3247 | Clr: 56.641 mm | t_trial: 11.003 s
[2719/3720] 9bedroom_its-too-hot-in-here_GT.json | combined_quantile_adaptive | Outcome: SAFE               | Leaves:   3975 | Clr: 54.492 mm | t_trial: 10.839 s
[2720/3720] 9bedroom_its-too-hot-in-here_GT.json | combined_quantile_adaptive | Outcome: SAFE               | Leaves:   3975 | Clr: 56.055 mm | t_trial: 11.706 s

[PLANNED RESTART] Trial count 2720: Triggering planned restart 340...
[PLANNED RESTART] Terminating existing move_group process...
[PLANNED RESTART COMPLETE] New PID: 783565 | Ready in 11.472 s | Initial RSS: 168.59 MB
[2721/3720] 9bedroom_its-too-hot-in-here_GT.json | combined_quantile_adaptive | Outcome: SAFE               | Leaves:   3975 | Clr: 51.758 mm | t_trial: 12.961 s
[2722/3720] 9bedroom_its-too-hot-in-here_GT.json | affordance_inherit         | Outcome: SAFE               | Leaves:    773 | Clr: 56.641 mm | t_trial: 12.163 s
[2723/3720] 9bedroom_its-too-hot-in-here_GT.json | affordance_inherit         | Outcome: SAFE               | Leaves:    773 | Clr: 56.641 mm | t_trial: 11.798 s
[2724/3720] 9bedroom_its-too-hot-in-here_GT.json | affordance_inherit         | Outcome: SAFE               | Leaves:    773 | Clr: 55.469 mm | t_trial: 10.897 s
[2725/3720] 9bedroom_its-too-hot-in-here_GT.json | label_inherit              | Outcome: SAFE               | Leaves:   3202 | Clr: 57.422 mm | t_trial: 11.411 s
[2726/3720] 9bedroom_its-too-hot-in-here_GT.json | label_inherit              | Outcome: SAFE               | Leaves:   3202 | Clr: 55.664 mm | t_trial: 11.518 s
[2727/3720] 9bedroom_its-too-hot-in-here_GT.json | label_inherit              | Outcome: SAFE               | Leaves:   3202 | Clr: 55.078 mm | t_trial: 11.335 s
[2728/3720] 9bedroom_its-too-hot-in-here_GT.json | label_only                 | Outcome: SAFE               | Leaves:   3068 | Clr: 54.688 mm | t_trial: 11.429 s

[PLANNED RESTART] Trial count 2728: Triggering planned restart 341...
[PLANNED RESTART] Terminating existing move_group process...
[PLANNED RESTART COMPLETE] New PID: 785499 | Ready in 11.496 s | Initial RSS: 168.75 MB
[2729/3720] 9bedroom_its-too-hot-in-here_GT.json | label_only                 | Outcome: SAFE               | Leaves:   3068 | Clr: 56.445 mm | t_trial: 12.505 s
[2730/3720] 9bedroom_its-too-hot-in-here_GT.json | label_only                 | Outcome: SAFE               | Leaves:   3068 | Clr: 57.617 mm | t_trial: 11.917 s
[2731/3720] 9bedroom_its-too-hot-in-here_GT.json | combined_inherit           | Outcome: SAFE               | Leaves:   3202 | Clr: 56.445 mm | t_trial: 12.015 s
[2732/3720] 9bedroom_its-too-hot-in-here_GT.json | combined_inherit           | Outcome: SAFE               | Leaves:   3202 | Clr: 57.617 mm | t_trial: 11.349 s
[2733/3720] 9bedroom_its-too-hot-in-here_GT.json | combined_inherit           | Outcome: SAFE               | Leaves:   3202 | Clr: 57.031 mm | t_trial: 10.891 s
[2734/3720] 9bedroom_its-too-hot-in-here_GT.json | information_bottleneck     | Outcome: SAFE               | Leaves:   3805 | Clr: 57.227 mm | t_trial: 11.493 s
[2735/3720] 9bedroom_its-too-hot-in-here_GT.json | information_bottleneck     | Outcome: SAFE               | Leaves:   3805 | Clr: 53.125 mm | t_trial: 11.324 s
[2736/3720] 9bedroom_its-too-hot-in-here_GT.json | information_bottleneck     | Outcome: SAFE               | Leaves:   3805 | Clr: 56.836 mm | t_trial: 11.265 s

[PLANNED RESTART] Trial count 2736: Triggering planned restart 342...
[PLANNED RESTART] Terminating existing move_group process...
[PLANNED RESTART COMPLETE] New PID: 787432 | Ready in 11.476 s | Initial RSS: 168.65 MB
[2737/3720] 9bedroom_someone-is-knocking-at-the-door_GT.json | identity                   | Outcome: SAFE               | Leaves:  41165 | Clr: 153.906 mm | t_trial: 13.551 s
[2738/3720] 9bedroom_someone-is-knocking-at-the-door_GT.json | identity                   | Outcome: SAFE               | Leaves:  41165 | Clr: 152.344 mm | t_trial: 12.564 s
[2739/3720] 9bedroom_someone-is-knocking-at-the-door_GT.json | identity                   | Outcome: SAFE               | Leaves:  41165 | Clr: 151.367 mm | t_trial: 12.290 s
[2740/3720] 9bedroom_someone-is-knocking-at-the-door_GT.json | label_radius               | Outcome: SAFE               | Leaves:  21087 | Clr: 153.320 mm | t_trial: 11.819 s
[2741/3720] 9bedroom_someone-is-knocking-at-the-door_GT.json | label_radius               | Outcome: SAFE               | Leaves:  21087 | Clr: 151.758 mm | t_trial: 11.773 s
[2742/3720] 9bedroom_someone-is-knocking-at-the-door_GT.json | label_radius               | Outcome: SAFE               | Leaves:  21087 | Clr: 151.563 mm | t_trial: 11.895 s
[2743/3720] 9bedroom_someone-is-knocking-at-the-door_GT.json | combined_quantile_adaptive | Outcome: SAFE               | Leaves:  20953 | Clr: 154.297 mm | t_trial: 11.787 s
[2744/3720] 9bedroom_someone-is-knocking-at-the-door_GT.json | combined_quantile_adaptive | Outcome: SAFE               | Leaves:  20953 | Clr: 153.906 mm | t_trial: 12.329 s

[PLANNED RESTART] Trial count 2744: Triggering planned restart 343...
[PLANNED RESTART] Terminating existing move_group process...
[PLANNED RESTART COMPLETE] New PID: 789431 | Ready in 11.470 s | Initial RSS: 168.02 MB
[2745/3720] 9bedroom_someone-is-knocking-at-the-door_GT.json | combined_quantile_adaptive | Outcome: SAFE               | Leaves:  20953 | Clr: 153.906 mm | t_trial: 12.910 s
[2746/3720] 9bedroom_someone-is-knocking-at-the-door_GT.json | affordance_inherit         | Outcome: SAFE               | Leaves:  20953 | Clr: 150.000 mm | t_trial: 12.221 s
[2747/3720] 9bedroom_someone-is-knocking-at-the-door_GT.json | affordance_inherit         | Outcome: SAFE               | Leaves:  20953 | Clr: 152.148 mm | t_trial: 12.306 s
[2748/3720] 9bedroom_someone-is-knocking-at-the-door_GT.json | affordance_inherit         | Outcome: SAFE               | Leaves:  20953 | Clr: 151.758 mm | t_trial: 11.795 s
[2749/3720] 9bedroom_someone-is-knocking-at-the-door_GT.json | label_inherit              | Outcome: SAFE               | Leaves:  20953 | Clr: 151.953 mm | t_trial: 11.797 s
[2750/3720] 9bedroom_someone-is-knocking-at-the-door_GT.json | label_inherit              | Outcome: SAFE               | Leaves:  20953 | Clr: 149.805 mm | t_trial: 11.974 s
[2751/3720] 9bedroom_someone-is-knocking-at-the-door_GT.json | label_inherit              | Outcome: SAFE               | Leaves:  20953 | Clr: 154.883 mm | t_trial: 11.441 s
[2752/3720] 9bedroom_someone-is-knocking-at-the-door_GT.json | label_only                 | Outcome: SAFE               | Leaves:  20909 | Clr: 151.758 mm | t_trial: 11.532 s

[PLANNED RESTART] Trial count 2752: Triggering planned restart 344...
[PLANNED RESTART] Terminating existing move_group process...
[PLANNED RESTART COMPLETE] New PID: 791406 | Ready in 11.500 s | Initial RSS: 168.39 MB
[2753/3720] 9bedroom_someone-is-knocking-at-the-door_GT.json | label_only                 | Outcome: SAFE               | Leaves:  20909 | Clr: 150.586 mm | t_trial: 13.269 s
[2754/3720] 9bedroom_someone-is-knocking-at-the-door_GT.json | label_only                 | Outcome: SAFE               | Leaves:  20909 | Clr: 150.586 mm | t_trial: 12.632 s
[2755/3720] 9bedroom_someone-is-knocking-at-the-door_GT.json | combined_inherit           | Outcome: SAFE               | Leaves:  20953 | Clr: 152.539 mm | t_trial: 12.297 s
[2756/3720] 9bedroom_someone-is-knocking-at-the-door_GT.json | combined_inherit           | Outcome: SAFE               | Leaves:  20953 | Clr: 153.125 mm | t_trial: 11.845 s
[2757/3720] 9bedroom_someone-is-knocking-at-the-door_GT.json | combined_inherit           | Outcome: SAFE               | Leaves:  20953 | Clr: 151.172 mm | t_trial: 11.799 s
[2758/3720] 9bedroom_someone-is-knocking-at-the-door_GT.json | information_bottleneck     | Outcome: SAFE               | Leaves:  20953 | Clr: 150.000 mm | t_trial: 11.765 s
[2759/3720] 9bedroom_someone-is-knocking-at-the-door_GT.json | information_bottleneck     | Outcome: SAFE               | Leaves:  20953 | Clr: 154.102 mm | t_trial: 11.261 s
[2760/3720] 9bedroom_someone-is-knocking-at-the-door_GT.json | information_bottleneck     | Outcome: SAFE               | Leaves:  20953 | Clr: 151.367 mm | t_trial: 11.555 s

[PLANNED RESTART] Trial count 2760: Triggering planned restart 345...
[PLANNED RESTART] Terminating existing move_group process...
[PLANNED RESTART COMPLETE] New PID: 793383 | Ready in 11.478 s | Initial RSS: 168.71 MB
[2761/3720] 10kitchen_open-the-fridge_GT.json   | identity                   | Outcome: SAFE               | Leaves:  40696 | Clr: 111.914 mm | t_trial: 13.133 s
[2762/3720] 10kitchen_open-the-fridge_GT.json   | identity                   | Outcome: SAFE               | Leaves:  40696 | Clr: 109.375 mm | t_trial: 12.202 s
[2763/3720] 10kitchen_open-the-fridge_GT.json   | identity                   | Outcome: SAFE               | Leaves:  40696 | Clr: 113.086 mm | t_trial: 11.773 s
[2764/3720] 10kitchen_open-the-fridge_GT.json   | label_radius               | Outcome: SAFE               | Leaves:  19336 | Clr: 111.914 mm | t_trial: 11.767 s
[2765/3720] 10kitchen_open-the-fridge_GT.json   | label_radius               | Outcome: SAFE               | Leaves:  19336 | Clr: 110.352 mm | t_trial: 11.175 s
[2766/3720] 10kitchen_open-the-fridge_GT.json   | label_radius               | Outcome: SAFE               | Leaves:  19336 | Clr: 110.547 mm | t_trial: 11.246 s
[2767/3720] 10kitchen_open-the-fridge_GT.json   | combined_quantile_adaptive | Outcome: SAFE               | Leaves:  16313 | Clr: 110.352 mm | t_trial: 11.630 s
[2768/3720] 10kitchen_open-the-fridge_GT.json   | combined_quantile_adaptive | Outcome: SAFE               | Leaves:  16313 | Clr: 111.523 mm | t_trial: 11.689 s

[PLANNED RESTART] Trial count 2768: Triggering planned restart 346...
[PLANNED RESTART] Terminating existing move_group process...
[PLANNED RESTART COMPLETE] New PID: 795350 | Ready in 11.491 s | Initial RSS: 168.63 MB
[2769/3720] 10kitchen_open-the-fridge_GT.json   | combined_quantile_adaptive | Outcome: SAFE               | Leaves:  16313 | Clr: 111.133 mm | t_trial: 12.563 s
[2770/3720] 10kitchen_open-the-fridge_GT.json   | affordance_inherit         | Outcome: SAFE               | Leaves:  16313 | Clr: 109.180 mm | t_trial: 12.624 s
[2771/3720] 10kitchen_open-the-fridge_GT.json   | affordance_inherit         | Outcome: SAFE               | Leaves:  16313 | Clr: 108.789 mm | t_trial: 12.182 s
[2772/3720] 10kitchen_open-the-fridge_GT.json   | affordance_inherit         | Outcome: SAFE               | Leaves:  16313 | Clr: 111.523 mm | t_trial: 11.078 s
[2773/3720] 10kitchen_open-the-fridge_GT.json   | label_inherit              | Outcome: SAFE               | Leaves:  16313 | Clr: 110.742 mm | t_trial: 11.131 s
[2774/3720] 10kitchen_open-the-fridge_GT.json   | label_inherit              | Outcome: SAFE               | Leaves:  16313 | Clr: 110.352 mm | t_trial: 11.737 s
[2775/3720] 10kitchen_open-the-fridge_GT.json   | label_inherit              | Outcome: SAFE               | Leaves:  16313 | Clr: 108.203 mm | t_trial: 11.682 s
[2776/3720] 10kitchen_open-the-fridge_GT.json   | label_only                 | Outcome: SAFE               | Leaves:  16216 | Clr: 110.352 mm | t_trial: 12.205 s

[PLANNED RESTART] Trial count 2776: Triggering planned restart 347...
[PLANNED RESTART] Terminating existing move_group process...
[PLANNED RESTART COMPLETE] New PID: 797323 | Ready in 11.473 s | Initial RSS: 168.36 MB
[2777/3720] 10kitchen_open-the-fridge_GT.json   | label_only                 | Outcome: SAFE               | Leaves:  16216 | Clr: 110.156 mm | t_trial: 12.281 s
[2778/3720] 10kitchen_open-the-fridge_GT.json   | label_only                 | Outcome: SAFE               | Leaves:  16216 | Clr: 113.086 mm | t_trial: 12.151 s
[2779/3720] 10kitchen_open-the-fridge_GT.json   | combined_inherit           | Outcome: SAFE               | Leaves:  16313 | Clr: 108.789 mm | t_trial: 12.224 s
[2780/3720] 10kitchen_open-the-fridge_GT.json   | combined_inherit           | Outcome: SAFE               | Leaves:  16313 | Clr: 110.547 mm | t_trial: 11.132 s
[2781/3720] 10kitchen_open-the-fridge_GT.json   | combined_inherit           | Outcome: SAFE               | Leaves:  16313 | Clr: 109.570 mm | t_trial: 11.145 s
[2782/3720] 10kitchen_open-the-fridge_GT.json   | information_bottleneck     | Outcome: SAFE               | Leaves:  31927 | Clr: 110.938 mm | t_trial: 11.934 s
[2783/3720] 10kitchen_open-the-fridge_GT.json   | information_bottleneck     | Outcome: SAFE               | Leaves:  31927 | Clr: 109.570 mm | t_trial: 11.773 s
[2784/3720] 10kitchen_open-the-fridge_GT.json   | information_bottleneck     | Outcome: SAFE               | Leaves:  31927 | Clr: 110.156 mm | t_trial: 12.398 s

[PLANNED RESTART] Trial count 2784: Triggering planned restart 348...
[PLANNED RESTART] Terminating existing move_group process...
[PLANNED RESTART COMPLETE] New PID: 799278 | Ready in 11.553 s | Initial RSS: 168.64 MB
[2785/3720] 10kitchen_open-the-kitchen-cabinet_afb1db89_GT.json | identity                   | Outcome: SAFE               | Leaves:  40696 | Clr: 168.164 mm | t_trial: 13.337 s
[2786/3720] 10kitchen_open-the-kitchen-cabinet_afb1db89_GT.json | identity                   | Outcome: SAFE               | Leaves:  40696 | Clr: 171.484 mm | t_trial: 12.679 s
[2787/3720] 10kitchen_open-the-kitchen-cabinet_afb1db89_GT.json | identity                   | Outcome: SAFE               | Leaves:  40696 | Clr: 168.359 mm | t_trial: 12.591 s
[2788/3720] 10kitchen_open-the-kitchen-cabinet_afb1db89_GT.json | label_radius               | Outcome: SAFE               | Leaves:  38024 | Clr: 168.164 mm | t_trial: 12.031 s
[2789/3720] 10kitchen_open-the-kitchen-cabinet_afb1db89_GT.json | label_radius               | Outcome: SAFE               | Leaves:  38024 | Clr: 169.922 mm | t_trial: 12.071 s
[2790/3720] 10kitchen_open-the-kitchen-cabinet_afb1db89_GT.json | label_radius               | Outcome: SAFE               | Leaves:  38024 | Clr: 171.680 mm | t_trial: 11.666 s
[2791/3720] 10kitchen_open-the-kitchen-cabinet_afb1db89_GT.json | combined_quantile_adaptive | Outcome: SAFE               | Leaves:  15419 | Clr: 169.727 mm | t_trial: 11.956 s
[2792/3720] 10kitchen_open-the-kitchen-cabinet_afb1db89_GT.json | combined_quantile_adaptive | Outcome: SAFE               | Leaves:  15419 | Clr: 167.773 mm | t_trial: 11.715 s

[PLANNED RESTART] Trial count 2792: Triggering planned restart 349...
[PLANNED RESTART] Terminating existing move_group process...
[PLANNED RESTART COMPLETE] New PID: 801269 | Ready in 11.487 s | Initial RSS: 168.51 MB
[2793/3720] 10kitchen_open-the-kitchen-cabinet_afb1db89_GT.json | combined_quantile_adaptive | Outcome: SAFE               | Leaves:  15419 | Clr: 168.359 mm | t_trial: 13.256 s
[2794/3720] 10kitchen_open-the-kitchen-cabinet_afb1db89_GT.json | affordance_inherit         | Outcome: BELIEF_PLAN_FAILED | Leaves:  16313 | Clr: N/A       | t_trial: 0.466 s
[2795/3720] 10kitchen_open-the-kitchen-cabinet_afb1db89_GT.json | affordance_inherit         | Outcome: BELIEF_PLAN_FAILED | Leaves:  16313 | Clr: N/A       | t_trial: 0.085 s
[2796/3720] 10kitchen_open-the-kitchen-cabinet_afb1db89_GT.json | affordance_inherit         | Outcome: BELIEF_PLAN_FAILED | Leaves:  16313 | Clr: N/A       | t_trial: 0.091 s
[2797/3720] 10kitchen_open-the-kitchen-cabinet_afb1db89_GT.json | label_inherit              | Outcome: BELIEF_PLAN_FAILED | Leaves:  17530 | Clr: N/A       | t_trial: 0.096 s
[2798/3720] 10kitchen_open-the-kitchen-cabinet_afb1db89_GT.json | label_inherit              | Outcome: BELIEF_PLAN_FAILED | Leaves:  17530 | Clr: N/A       | t_trial: 0.093 s
[2799/3720] 10kitchen_open-the-kitchen-cabinet_afb1db89_GT.json | label_inherit              | Outcome: BELIEF_PLAN_FAILED | Leaves:  17530 | Clr: N/A       | t_trial: 0.082 s
[2800/3720] 10kitchen_open-the-kitchen-cabinet_afb1db89_GT.json | label_only                 | Outcome: BELIEF_PLAN_FAILED | Leaves:  17276 | Clr: N/A       | t_trial: 0.094 s

[PLANNED RESTART] Trial count 2800: Triggering planned restart 350...
[PLANNED RESTART] Terminating existing move_group process...
[PLANNED RESTART COMPLETE] New PID: 801854 | Ready in 10.969 s | Initial RSS: 168.28 MB
[2801/3720] 10kitchen_open-the-kitchen-cabinet_afb1db89_GT.json | label_only                 | Outcome: BELIEF_PLAN_FAILED | Leaves:  17276 | Clr: N/A       | t_trial: 0.091 s
[2802/3720] 10kitchen_open-the-kitchen-cabinet_afb1db89_GT.json | label_only                 | Outcome: BELIEF_PLAN_FAILED | Leaves:  17276 | Clr: N/A       | t_trial: 0.083 s
[2803/3720] 10kitchen_open-the-kitchen-cabinet_afb1db89_GT.json | combined_inherit           | Outcome: BELIEF_PLAN_FAILED | Leaves:  17530 | Clr: N/A       | t_trial: 0.093 s
[2804/3720] 10kitchen_open-the-kitchen-cabinet_afb1db89_GT.json | combined_inherit           | Outcome: BELIEF_PLAN_FAILED | Leaves:  17530 | Clr: N/A       | t_trial: 0.094 s
[2805/3720] 10kitchen_open-the-kitchen-cabinet_afb1db89_GT.json | combined_inherit           | Outcome: BELIEF_PLAN_FAILED | Leaves:  17530 | Clr: N/A       | t_trial: 0.091 s
[2806/3720] 10kitchen_open-the-kitchen-cabinet_afb1db89_GT.json | information_bottleneck     | Outcome: SAFE               | Leaves:  33935 | Clr: 170.898 mm | t_trial: 12.901 s
[2807/3720] 10kitchen_open-the-kitchen-cabinet_afb1db89_GT.json | information_bottleneck     | Outcome: SAFE               | Leaves:  33935 | Clr: 171.289 mm | t_trial: 12.532 s
[2808/3720] 10kitchen_open-the-kitchen-cabinet_afb1db89_GT.json | information_bottleneck     | Outcome: SAFE               | Leaves:  33935 | Clr: 169.336 mm | t_trial: 12.500 s

[PLANNED RESTART] Trial count 2808: Triggering planned restart 351...
[PLANNED RESTART] Terminating existing move_group process...
[PLANNED RESTART COMPLETE] New PID: 802813 | Ready in 11.469 s | Initial RSS: 168.57 MB
[2809/3720] 10kitchen_open-the-oven_GT.json     | identity                   | Outcome: SAFE               | Leaves:  40696 | Clr: 127.734 mm | t_trial: 12.602 s
[2810/3720] 10kitchen_open-the-oven_GT.json     | identity                   | Outcome: SAFE               | Leaves:  40696 | Clr: 127.734 mm | t_trial: 12.294 s
[2811/3720] 10kitchen_open-the-oven_GT.json     | identity                   | Outcome: SAFE               | Leaves:  40696 | Clr: 127.930 mm | t_trial: 12.166 s
[2812/3720] 10kitchen_open-the-oven_GT.json     | label_radius               | Outcome: BELIEF_PLAN_FAILED | Leaves:   7313 | Clr: N/A       | t_trial: 0.082 s
[2813/3720] 10kitchen_open-the-oven_GT.json     | label_radius               | Outcome: BELIEF_PLAN_FAILED | Leaves:   7313 | Clr: N/A       | t_trial: 0.065 s
[2814/3720] 10kitchen_open-the-oven_GT.json     | label_radius               | Outcome: BELIEF_PLAN_FAILED | Leaves:   7313 | Clr: N/A       | t_trial: 0.062 s
[2815/3720] 10kitchen_open-the-oven_GT.json     | combined_quantile_adaptive | Outcome: BELIEF_PLAN_FAILED | Leaves:   4199 | Clr: N/A       | t_trial: 0.053 s
[2816/3720] 10kitchen_open-the-oven_GT.json     | combined_quantile_adaptive | Outcome: BELIEF_PLAN_FAILED | Leaves:   4199 | Clr: N/A       | t_trial: 0.054 s

[PLANNED RESTART] Trial count 2816: Triggering planned restart 352...
[PLANNED RESTART] Terminating existing move_group process...
[PLANNED RESTART COMPLETE] New PID: 803773 | Ready in 11.493 s | Initial RSS: 168.43 MB
[2817/3720] 10kitchen_open-the-oven_GT.json     | combined_quantile_adaptive | Outcome: BELIEF_PLAN_FAILED | Leaves:   4199 | Clr: N/A       | t_trial: 0.049 s
[2818/3720] 10kitchen_open-the-oven_GT.json     | affordance_inherit         | Outcome: BELIEF_PLAN_FAILED | Leaves:  16313 | Clr: N/A       | t_trial: 0.081 s
[2819/3720] 10kitchen_open-the-oven_GT.json     | affordance_inherit         | Outcome: BELIEF_PLAN_FAILED | Leaves:  16313 | Clr: N/A       | t_trial: 0.076 s
[2820/3720] 10kitchen_open-the-oven_GT.json     | affordance_inherit         | Outcome: BELIEF_PLAN_FAILED | Leaves:  16313 | Clr: N/A       | t_trial: 0.076 s
[2821/3720] 10kitchen_open-the-oven_GT.json     | label_inherit              | Outcome: BELIEF_PLAN_FAILED | Leaves:   4199 | Clr: N/A       | t_trial: 0.055 s
[2822/3720] 10kitchen_open-the-oven_GT.json     | label_inherit              | Outcome: BELIEF_PLAN_FAILED | Leaves:   4199 | Clr: N/A       | t_trial: 0.055 s
[2823/3720] 10kitchen_open-the-oven_GT.json     | label_inherit              | Outcome: BELIEF_PLAN_FAILED | Leaves:   4199 | Clr: N/A       | t_trial: 0.054 s
[2824/3720] 10kitchen_open-the-oven_GT.json     | label_only                 | Outcome: BELIEF_PLAN_FAILED | Leaves:   3832 | Clr: N/A       | t_trial: 0.053 s

[PLANNED RESTART] Trial count 2824: Triggering planned restart 353...
[PLANNED RESTART] Terminating existing move_group process...
[PLANNED RESTART COMPLETE] New PID: 804079 | Ready in 11.590 s | Initial RSS: 167.85 MB
[2825/3720] 10kitchen_open-the-oven_GT.json     | label_only                 | Outcome: BELIEF_PLAN_FAILED | Leaves:   3832 | Clr: N/A       | t_trial: 0.047 s
[2826/3720] 10kitchen_open-the-oven_GT.json     | label_only                 | Outcome: BELIEF_PLAN_FAILED | Leaves:   3832 | Clr: N/A       | t_trial: 0.051 s
[2827/3720] 10kitchen_open-the-oven_GT.json     | combined_inherit           | Outcome: BELIEF_PLAN_FAILED | Leaves:   4199 | Clr: N/A       | t_trial: 0.053 s
[2828/3720] 10kitchen_open-the-oven_GT.json     | combined_inherit           | Outcome: BELIEF_PLAN_FAILED | Leaves:   4199 | Clr: N/A       | t_trial: 0.055 s
[2829/3720] 10kitchen_open-the-oven_GT.json     | combined_inherit           | Outcome: BELIEF_PLAN_FAILED | Leaves:   4199 | Clr: N/A       | t_trial: 0.054 s
[2830/3720] 10kitchen_open-the-oven_GT.json     | information_bottleneck     | Outcome: SAFE               | Leaves:  19641 | Clr: 126.367 mm | t_trial: 12.565 s
[2831/3720] 10kitchen_open-the-oven_GT.json     | information_bottleneck     | Outcome: SAFE               | Leaves:  19641 | Clr: 133.398 mm | t_trial: 12.248 s
[2832/3720] 10kitchen_open-the-oven_GT.json     | information_bottleneck     | Outcome: SAFE               | Leaves:  19641 | Clr: 128.906 mm | t_trial: 12.207 s

[PLANNED RESTART] Trial count 2832: Triggering planned restart 354...
[PLANNED RESTART] Terminating existing move_group process...
[PLANNED RESTART COMPLETE] New PID: 805039 | Ready in 10.969 s | Initial RSS: 168.22 MB
[2833/3720] 10kitchen_use-the-coffee-maker_GT.json | identity                   | Outcome: SAFE               | Leaves:  40696 | Clr: 179.102 mm | t_trial: 12.654 s
[2834/3720] 10kitchen_use-the-coffee-maker_GT.json | identity                   | Outcome: SAFE               | Leaves:  40696 | Clr: 178.516 mm | t_trial: 12.365 s
[2835/3720] 10kitchen_use-the-coffee-maker_GT.json | identity                   | Outcome: SAFE               | Leaves:  40696 | Clr: 182.813 mm | t_trial: 12.388 s
[2836/3720] 10kitchen_use-the-coffee-maker_GT.json | label_radius               | Outcome: BELIEF_PLAN_FAILED | Leaves:   2672 | Clr: N/A       | t_trial: 0.023 s
[2837/3720] 10kitchen_use-the-coffee-maker_GT.json | label_radius               | Outcome: BELIEF_PLAN_FAILED | Leaves:   2672 | Clr: N/A       | t_trial: 0.032 s
[2838/3720] 10kitchen_use-the-coffee-maker_GT.json | label_radius               | Outcome: BELIEF_PLAN_FAILED | Leaves:   2672 | Clr: N/A       | t_trial: 0.022 s
[2839/3720] 10kitchen_use-the-coffee-maker_GT.json | combined_quantile_adaptive | Outcome: SAFE               | Leaves:   1492 | Clr: 180.078 mm | t_trial: 11.748 s
[2840/3720] 10kitchen_use-the-coffee-maker_GT.json | combined_quantile_adaptive | Outcome: SAFE               | Leaves:   1492 | Clr: 178.516 mm | t_trial: 11.264 s

[PLANNED RESTART] Trial count 2840: Triggering planned restart 355...
[PLANNED RESTART] Terminating existing move_group process...
[PLANNED RESTART COMPLETE] New PID: 806384 | Ready in 11.460 s | Initial RSS: 168.27 MB
[2841/3720] 10kitchen_use-the-coffee-maker_GT.json | combined_quantile_adaptive | Outcome: SAFE               | Leaves:   1492 | Clr: 174.805 mm | t_trial: 12.515 s
[2842/3720] 10kitchen_use-the-coffee-maker_GT.json | affordance_inherit         | Outcome: SAFE               | Leaves:   1492 | Clr: 180.859 mm | t_trial: 11.969 s
[2843/3720] 10kitchen_use-the-coffee-maker_GT.json | affordance_inherit         | Outcome: SAFE               | Leaves:   1492 | Clr: 176.172 mm | t_trial: 12.224 s
[2844/3720] 10kitchen_use-the-coffee-maker_GT.json | affordance_inherit         | Outcome: SAFE               | Leaves:   1492 | Clr: 181.055 mm | t_trial: 11.274 s
[2845/3720] 10kitchen_use-the-coffee-maker_GT.json | label_inherit              | Outcome: SAFE               | Leaves:   1492 | Clr: 175.977 mm | t_trial: 11.178 s
[2846/3720] 10kitchen_use-the-coffee-maker_GT.json | label_inherit              | Outcome: SAFE               | Leaves:   1492 | Clr: 177.734 mm | t_trial: 11.893 s
[2847/3720] 10kitchen_use-the-coffee-maker_GT.json | label_inherit              | Outcome: SAFE               | Leaves:   1492 | Clr: 180.469 mm | t_trial: 11.691 s
[2848/3720] 10kitchen_use-the-coffee-maker_GT.json | label_only                 | Outcome: SAFE               | Leaves:   1441 | Clr: 181.250 mm | t_trial: 12.069 s

[PLANNED RESTART] Trial count 2848: Triggering planned restart 356...
[PLANNED RESTART] Terminating existing move_group process...
[PLANNED RESTART COMPLETE] New PID: 808355 | Ready in 11.495 s | Initial RSS: 168.48 MB
[2849/3720] 10kitchen_use-the-coffee-maker_GT.json | label_only                 | Outcome: SAFE               | Leaves:   1441 | Clr: 176.562 mm | t_trial: 12.808 s
[2850/3720] 10kitchen_use-the-coffee-maker_GT.json | label_only                 | Outcome: SAFE               | Leaves:   1441 | Clr: 179.297 mm | t_trial: 12.364 s
[2851/3720] 10kitchen_use-the-coffee-maker_GT.json | combined_inherit           | Outcome: SAFE               | Leaves:   1492 | Clr: 175.977 mm | t_trial: 12.143 s
[2852/3720] 10kitchen_use-the-coffee-maker_GT.json | combined_inherit           | Outcome: SAFE               | Leaves:   1492 | Clr: 180.273 mm | t_trial: 11.828 s
[2853/3720] 10kitchen_use-the-coffee-maker_GT.json | combined_inherit           | Outcome: SAFE               | Leaves:   1492 | Clr: 177.344 mm | t_trial: 11.764 s
[2854/3720] 10kitchen_use-the-coffee-maker_GT.json | information_bottleneck     | Outcome: SAFE               | Leaves:   1640 | Clr: 179.102 mm | t_trial: 11.363 s
[2855/3720] 10kitchen_use-the-coffee-maker_GT.json | information_bottleneck     | Outcome: SAFE               | Leaves:   1640 | Clr: 179.688 mm | t_trial: 11.187 s
[2856/3720] 10kitchen_use-the-coffee-maker_GT.json | information_bottleneck     | Outcome: SAFE               | Leaves:   1640 | Clr: 180.078 mm | t_trial: 12.186 s

[PLANNED RESTART] Trial count 2856: Triggering planned restart 357...
[PLANNED RESTART] Terminating existing move_group process...
[PLANNED RESTART COMPLETE] New PID: 810306 | Ready in 11.473 s | Initial RSS: 168.41 MB
[2857/3720] 10kitchen_i-am-hungry_2_GT.json     | identity                   | Outcome: SAFE               | Leaves:  40696 | Clr: 130.859 mm | t_trial: 13.091 s
[2858/3720] 10kitchen_i-am-hungry_2_GT.json     | identity                   | Outcome: SAFE               | Leaves:  40696 | Clr: 129.102 mm | t_trial: 12.395 s
[2859/3720] 10kitchen_i-am-hungry_2_GT.json     | identity                   | Outcome: SAFE               | Leaves:  40696 | Clr: 125.586 mm | t_trial: 12.187 s
[2860/3720] 10kitchen_i-am-hungry_2_GT.json     | label_radius               | Outcome: BELIEF_PLAN_FAILED | Leaves:   7313 | Clr: N/A       | t_trial: 0.072 s
[2861/3720] 10kitchen_i-am-hungry_2_GT.json     | label_radius               | Outcome: BELIEF_PLAN_FAILED | Leaves:   7313 | Clr: N/A       | t_trial: 0.063 s
[2862/3720] 10kitchen_i-am-hungry_2_GT.json     | label_radius               | Outcome: BELIEF_PLAN_FAILED | Leaves:   7313 | Clr: N/A       | t_trial: 0.070 s
[2863/3720] 10kitchen_i-am-hungry_2_GT.json     | combined_quantile_adaptive | Outcome: SAFE               | Leaves:   5379 | Clr: 134.375 mm | t_trial: 11.683 s
[2864/3720] 10kitchen_i-am-hungry_2_GT.json     | combined_quantile_adaptive | Outcome: SAFE               | Leaves:   5379 | Clr: 133.789 mm | t_trial: 11.560 s

[PLANNED RESTART] Trial count 2864: Triggering planned restart 358...
[PLANNED RESTART] Terminating existing move_group process...
[PLANNED RESTART COMPLETE] New PID: 811688 | Ready in 11.470 s | Initial RSS: 168.90 MB
[2865/3720] 10kitchen_i-am-hungry_2_GT.json     | combined_quantile_adaptive | Outcome: SAFE               | Leaves:   5379 | Clr: 129.883 mm | t_trial: 12.419 s
[2866/3720] 10kitchen_i-am-hungry_2_GT.json     | affordance_inherit         | Outcome: SAFE               | Leaves:   1180 | Clr: 129.492 mm | t_trial: 12.193 s
[2867/3720] 10kitchen_i-am-hungry_2_GT.json     | affordance_inherit         | Outcome: SAFE               | Leaves:   1180 | Clr: 127.344 mm | t_trial: 12.084 s
[2868/3720] 10kitchen_i-am-hungry_2_GT.json     | affordance_inherit         | Outcome: SAFE               | Leaves:   1180 | Clr: 130.273 mm | t_trial: 11.646 s
[2869/3720] 10kitchen_i-am-hungry_2_GT.json     | label_inherit              | Outcome: SAFE               | Leaves:   4199 | Clr: 132.422 mm | t_trial: 11.632 s
[2870/3720] 10kitchen_i-am-hungry_2_GT.json     | label_inherit              | Outcome: SAFE               | Leaves:   4199 | Clr: 129.102 mm | t_trial: 11.640 s
[2871/3720] 10kitchen_i-am-hungry_2_GT.json     | label_inherit              | Outcome: SAFE               | Leaves:   4199 | Clr: 132.031 mm | t_trial: 11.180 s
[2872/3720] 10kitchen_i-am-hungry_2_GT.json     | label_only                 | Outcome: SAFE               | Leaves:   3832 | Clr: 128.125 mm | t_trial: 12.075 s

[PLANNED RESTART] Trial count 2872: Triggering planned restart 359...
[PLANNED RESTART] Terminating existing move_group process...
[PLANNED RESTART COMPLETE] New PID: 813637 | Ready in 11.481 s | Initial RSS: 168.82 MB
[2873/3720] 10kitchen_i-am-hungry_2_GT.json     | label_only                 | Outcome: SAFE               | Leaves:   3832 | Clr: 132.422 mm | t_trial: 12.723 s
[2874/3720] 10kitchen_i-am-hungry_2_GT.json     | label_only                 | Outcome: SAFE               | Leaves:   3832 | Clr: 130.859 mm | t_trial: 12.439 s
[2875/3720] 10kitchen_i-am-hungry_2_GT.json     | combined_inherit           | Outcome: SAFE               | Leaves:   4199 | Clr: 129.102 mm | t_trial: 12.060 s
[2876/3720] 10kitchen_i-am-hungry_2_GT.json     | combined_inherit           | Outcome: SAFE               | Leaves:   4199 | Clr: 129.102 mm | t_trial: 11.675 s
[2877/3720] 10kitchen_i-am-hungry_2_GT.json     | combined_inherit           | Outcome: SAFE               | Leaves:   4199 | Clr: 132.227 mm | t_trial: 11.609 s
[2878/3720] 10kitchen_i-am-hungry_2_GT.json     | information_bottleneck     | Outcome: SAFE               | Leaves:  22895 | Clr: 128.906 mm | t_trial: 11.297 s
[2879/3720] 10kitchen_i-am-hungry_2_GT.json     | information_bottleneck     | Outcome: SAFE               | Leaves:  22895 | Clr: 128.711 mm | t_trial: 11.130 s
[2880/3720] 10kitchen_i-am-hungry_2_GT.json     | information_bottleneck     | Outcome: SAFE               | Leaves:  22895 | Clr: 128.711 mm | t_trial: 12.033 s

[PLANNED RESTART] Trial count 2880: Triggering planned restart 360...
[PLANNED RESTART] Terminating existing move_group process...
[PLANNED RESTART COMPLETE] New PID: 815611 | Ready in 11.473 s | Initial RSS: 168.59 MB
[2881/3720] 10kitchen_i-am-hungry_GT.json       | identity                   | Outcome: SAFE               | Leaves:  40696 | Clr: 109.961 mm | t_trial: 12.938 s
[2882/3720] 10kitchen_i-am-hungry_GT.json       | identity                   | Outcome: SAFE               | Leaves:  40696 | Clr: 111.719 mm | t_trial: 11.772 s
[2883/3720] 10kitchen_i-am-hungry_GT.json       | identity                   | Outcome: SAFE               | Leaves:  40696 | Clr: 113.477 mm | t_trial: 12.158 s
[2884/3720] 10kitchen_i-am-hungry_GT.json       | label_radius               | Outcome: SAFE               | Leaves:   7313 | Clr: 112.695 mm | t_trial: 11.721 s
[2885/3720] 10kitchen_i-am-hungry_GT.json       | label_radius               | Outcome: SAFE               | Leaves:   7313 | Clr: 108.594 mm | t_trial: 11.020 s
[2886/3720] 10kitchen_i-am-hungry_GT.json       | label_radius               | Outcome: SAFE               | Leaves:   7313 | Clr: 110.938 mm | t_trial: 11.757 s
[2887/3720] 10kitchen_i-am-hungry_GT.json       | combined_quantile_adaptive | Outcome: SAFE               | Leaves:   5379 | Clr: 107.812 mm | t_trial: 11.075 s
[2888/3720] 10kitchen_i-am-hungry_GT.json       | combined_quantile_adaptive | Outcome: SAFE               | Leaves:   5379 | Clr: 112.500 mm | t_trial: 11.848 s

[PLANNED RESTART] Trial count 2888: Triggering planned restart 361...
[PLANNED RESTART] Terminating existing move_group process...
[PLANNED RESTART COMPLETE] New PID: 817553 | Ready in 11.491 s | Initial RSS: 168.68 MB
[2889/3720] 10kitchen_i-am-hungry_GT.json       | combined_quantile_adaptive | Outcome: SAFE               | Leaves:   5379 | Clr: 109.570 mm | t_trial: 12.724 s
[2890/3720] 10kitchen_i-am-hungry_GT.json       | affordance_inherit         | Outcome: SAFE               | Leaves:   1180 | Clr: 110.156 mm | t_trial: 12.180 s
[2891/3720] 10kitchen_i-am-hungry_GT.json       | affordance_inherit         | Outcome: SAFE               | Leaves:   1180 | Clr: 109.180 mm | t_trial: 12.231 s
[2892/3720] 10kitchen_i-am-hungry_GT.json       | affordance_inherit         | Outcome: SAFE               | Leaves:   1180 | Clr: 111.523 mm | t_trial: 11.170 s
[2893/3720] 10kitchen_i-am-hungry_GT.json       | label_inherit              | Outcome: SAFE               | Leaves:   4199 | Clr: 112.305 mm | t_trial: 11.729 s
[2894/3720] 10kitchen_i-am-hungry_GT.json       | label_inherit              | Outcome: SAFE               | Leaves:   4199 | Clr: 108.398 mm | t_trial: 11.746 s
[2895/3720] 10kitchen_i-am-hungry_GT.json       | label_inherit              | Outcome: SAFE               | Leaves:   4199 | Clr: 108.398 mm | t_trial: 11.593 s
[2896/3720] 10kitchen_i-am-hungry_GT.json       | label_only                 | Outcome: SAFE               | Leaves:   3832 | Clr: 109.570 mm | t_trial: 12.093 s

[PLANNED RESTART] Trial count 2896: Triggering planned restart 362...
[PLANNED RESTART] Terminating existing move_group process...
[PLANNED RESTART COMPLETE] New PID: 819523 | Ready in 11.477 s | Initial RSS: 168.53 MB
[2897/3720] 10kitchen_i-am-hungry_GT.json       | label_only                 | Outcome: SAFE               | Leaves:   3832 | Clr: 111.133 mm | t_trial: 13.255 s
[2898/3720] 10kitchen_i-am-hungry_GT.json       | label_only                 | Outcome: SAFE               | Leaves:   3832 | Clr: 109.961 mm | t_trial: 12.242 s
[2899/3720] 10kitchen_i-am-hungry_GT.json       | combined_inherit           | Outcome: SAFE               | Leaves:   4199 | Clr: 107.617 mm | t_trial: 12.002 s
[2900/3720] 10kitchen_i-am-hungry_GT.json       | combined_inherit           | Outcome: SAFE               | Leaves:   4199 | Clr: 108.594 mm | t_trial: 11.638 s
[2901/3720] 10kitchen_i-am-hungry_GT.json       | combined_inherit           | Outcome: SAFE               | Leaves:   4199 | Clr: 112.695 mm | t_trial: 11.564 s
[2902/3720] 10kitchen_i-am-hungry_GT.json       | information_bottleneck     | Outcome: SAFE               | Leaves:  22895 | Clr: 109.570 mm | t_trial: 11.286 s
[2903/3720] 10kitchen_i-am-hungry_GT.json       | information_bottleneck     | Outcome: SAFE               | Leaves:  22895 | Clr: 109.375 mm | t_trial: 11.695 s
[2904/3720] 10kitchen_i-am-hungry_GT.json       | information_bottleneck     | Outcome: SAFE               | Leaves:  22895 | Clr: 112.695 mm | t_trial: 12.472 s

[PLANNED RESTART] Trial count 2904: Triggering planned restart 363...
[PLANNED RESTART] Terminating existing move_group process...
[PLANNED RESTART COMPLETE] New PID: 821512 | Ready in 11.500 s | Initial RSS: 168.18 MB
[2905/3720] 10kitchen_i-am-hungry_afb1db89_GT.json | identity                   | Outcome: SAFE               | Leaves:  40696 | Clr: 168.359 mm | t_trial: 13.400 s
[2906/3720] 10kitchen_i-am-hungry_afb1db89_GT.json | identity                   | Outcome: SAFE               | Leaves:  40696 | Clr: 171.484 mm | t_trial: 12.842 s
[2907/3720] 10kitchen_i-am-hungry_afb1db89_GT.json | identity                   | Outcome: SAFE               | Leaves:  40696 | Clr: 170.508 mm | t_trial: 12.573 s
[2908/3720] 10kitchen_i-am-hungry_afb1db89_GT.json | label_radius               | Outcome: SAFE               | Leaves:   7313 | Clr: 171.484 mm | t_trial: 11.971 s
[2909/3720] 10kitchen_i-am-hungry_afb1db89_GT.json | label_radius               | Outcome: SAFE               | Leaves:   7313 | Clr: 172.266 mm | t_trial: 11.937 s
[2910/3720] 10kitchen_i-am-hungry_afb1db89_GT.json | label_radius               | Outcome: SAFE               | Leaves:   7313 | Clr: 169.531 mm | t_trial: 12.082 s
[2911/3720] 10kitchen_i-am-hungry_afb1db89_GT.json | combined_quantile_adaptive | Outcome: SAFE               | Leaves:   5379 | Clr: 170.898 mm | t_trial: 12.007 s
[2912/3720] 10kitchen_i-am-hungry_afb1db89_GT.json | combined_quantile_adaptive | Outcome: SAFE               | Leaves:   5379 | Clr: 168.945 mm | t_trial: 11.927 s

[PLANNED RESTART] Trial count 2912: Triggering planned restart 364...
[PLANNED RESTART] Terminating existing move_group process...
[PLANNED RESTART COMPLETE] New PID: 823517 | Ready in 11.627 s | Initial RSS: 168.72 MB
[2913/3720] 10kitchen_i-am-hungry_afb1db89_GT.json | combined_quantile_adaptive | Outcome: SAFE               | Leaves:   5379 | Clr: 169.922 mm | t_trial: 13.273 s
[2914/3720] 10kitchen_i-am-hungry_afb1db89_GT.json | affordance_inherit         | Outcome: SAFE               | Leaves:   1180 | Clr: 172.461 mm | t_trial: 12.543 s
[2915/3720] 10kitchen_i-am-hungry_afb1db89_GT.json | affordance_inherit         | Outcome: SAFE               | Leaves:   1180 | Clr: 167.773 mm | t_trial: 12.558 s
[2916/3720] 10kitchen_i-am-hungry_afb1db89_GT.json | affordance_inherit         | Outcome: SAFE               | Leaves:   1180 | Clr: 171.680 mm | t_trial: 11.443 s
[2917/3720] 10kitchen_i-am-hungry_afb1db89_GT.json | label_inherit              | Outcome: SAFE               | Leaves:   4199 | Clr: 167.188 mm | t_trial: 11.821 s
[2918/3720] 10kitchen_i-am-hungry_afb1db89_GT.json | label_inherit              | Outcome: SAFE               | Leaves:   4199 | Clr: 169.922 mm | t_trial: 12.101 s
[2919/3720] 10kitchen_i-am-hungry_afb1db89_GT.json | label_inherit              | Outcome: SAFE               | Leaves:   4199 | Clr: 170.898 mm | t_trial: 12.389 s
[2920/3720] 10kitchen_i-am-hungry_afb1db89_GT.json | label_only                 | Outcome: SAFE               | Leaves:   3832 | Clr: 170.312 mm | t_trial: 12.337 s

[PLANNED RESTART] Trial count 2920: Triggering planned restart 365...
[PLANNED RESTART] Terminating existing move_group process...
[PLANNED RESTART COMPLETE] New PID: 825554 | Ready in 12.167 s | Initial RSS: 168.57 MB
[2921/3720] 10kitchen_i-am-hungry_afb1db89_GT.json | label_only                 | Outcome: SAFE               | Leaves:   3832 | Clr: 168.945 mm | t_trial: 13.594 s
[2922/3720] 10kitchen_i-am-hungry_afb1db89_GT.json | label_only                 | Outcome: SAFE               | Leaves:   3832 | Clr: 171.289 mm | t_trial: 12.789 s
[2923/3720] 10kitchen_i-am-hungry_afb1db89_GT.json | combined_inherit           | Outcome: SAFE               | Leaves:   4199 | Clr: 170.898 mm | t_trial: 12.655 s
[2924/3720] 10kitchen_i-am-hungry_afb1db89_GT.json | combined_inherit           | Outcome: SAFE               | Leaves:   4199 | Clr: 168.359 mm | t_trial: 12.322 s
[2925/3720] 10kitchen_i-am-hungry_afb1db89_GT.json | combined_inherit           | Outcome: SAFE               | Leaves:   4199 | Clr: 171.094 mm | t_trial: 12.126 s
[2926/3720] 10kitchen_i-am-hungry_afb1db89_GT.json | information_bottleneck     | Outcome: SAFE               | Leaves:  22895 | Clr: 168.945 mm | t_trial: 12.328 s
[2927/3720] 10kitchen_i-am-hungry_afb1db89_GT.json | information_bottleneck     | Outcome: SAFE               | Leaves:  22895 | Clr: 173.633 mm | t_trial: 12.258 s
[2928/3720] 10kitchen_i-am-hungry_afb1db89_GT.json | information_bottleneck     | Outcome: SAFE               | Leaves:  22895 | Clr: 169.922 mm | t_trial: 12.594 s

[PLANNED RESTART] Trial count 2928: Triggering planned restart 366...
[PLANNED RESTART] Terminating existing move_group process...
[PLANNED RESTART COMPLETE] New PID: 827621 | Ready in 11.476 s | Initial RSS: 168.02 MB
[2929/3720] 10kitchen_i-am-sleepy_GT.json       | identity                   | Outcome: SAFE               | Leaves:  40696 | Clr: 179.688 mm | t_trial: 13.037 s
[2930/3720] 10kitchen_i-am-sleepy_GT.json       | identity                   | Outcome: SAFE               | Leaves:  40696 | Clr: 181.641 mm | t_trial: 12.389 s
[2931/3720] 10kitchen_i-am-sleepy_GT.json       | identity                   | Outcome: SAFE               | Leaves:  40696 | Clr: 178.516 mm | t_trial: 12.330 s
[2932/3720] 10kitchen_i-am-sleepy_GT.json       | label_radius               | Outcome: BELIEF_PLAN_FAILED | Leaves:   2672 | Clr: N/A       | t_trial: 0.024 s
[2933/3720] 10kitchen_i-am-sleepy_GT.json       | label_radius               | Outcome: BELIEF_PLAN_FAILED | Leaves:   2672 | Clr: N/A       | t_trial: 0.021 s
[2934/3720] 10kitchen_i-am-sleepy_GT.json       | label_radius               | Outcome: BELIEF_PLAN_FAILED | Leaves:   2672 | Clr: N/A       | t_trial: 0.022 s
[2935/3720] 10kitchen_i-am-sleepy_GT.json       | combined_quantile_adaptive | Outcome: SAFE               | Leaves:   2672 | Clr: 181.250 mm | t_trial: 11.780 s
[2936/3720] 10kitchen_i-am-sleepy_GT.json       | combined_quantile_adaptive | Outcome: SAFE               | Leaves:   2672 | Clr: 175.977 mm | t_trial: 11.772 s

[PLANNED RESTART] Trial count 2936: Triggering planned restart 367...
[PLANNED RESTART] Terminating existing move_group process...
[PLANNED RESTART COMPLETE] New PID: 828985 | Ready in 11.545 s | Initial RSS: 168.55 MB
[2937/3720] 10kitchen_i-am-sleepy_GT.json       | combined_quantile_adaptive | Outcome: SAFE               | Leaves:   2672 | Clr: 175.586 mm | t_trial: 12.069 s
[2938/3720] 10kitchen_i-am-sleepy_GT.json       | affordance_inherit         | Outcome: SAFE               | Leaves:   1180 | Clr: 180.273 mm | t_trial: 12.531 s
[2939/3720] 10kitchen_i-am-sleepy_GT.json       | affordance_inherit         | Outcome: SAFE               | Leaves:   1180 | Clr: 176.953 mm | t_trial: 12.392 s
[2940/3720] 10kitchen_i-am-sleepy_GT.json       | affordance_inherit         | Outcome: SAFE               | Leaves:   1180 | Clr: 181.055 mm | t_trial: 11.274 s
[2941/3720] 10kitchen_i-am-sleepy_GT.json       | label_inherit              | Outcome: SAFE               | Leaves:   1492 | Clr: 179.883 mm | t_trial: 11.803 s
[2942/3720] 10kitchen_i-am-sleepy_GT.json       | label_inherit              | Outcome: SAFE               | Leaves:   1492 | Clr: 179.688 mm | t_trial: 11.301 s
[2943/3720] 10kitchen_i-am-sleepy_GT.json       | label_inherit              | Outcome: SAFE               | Leaves:   1492 | Clr: 176.172 mm | t_trial: 11.883 s
[2944/3720] 10kitchen_i-am-sleepy_GT.json       | label_only                 | Outcome: SAFE               | Leaves:   1441 | Clr: 178.711 mm | t_trial: 11.698 s

[PLANNED RESTART] Trial count 2944: Triggering planned restart 368...
[PLANNED RESTART] Terminating existing move_group process...
[PLANNED RESTART COMPLETE] New PID: 830955 | Ready in 11.574 s | Initial RSS: 168.34 MB
[2945/3720] 10kitchen_i-am-sleepy_GT.json       | label_only                 | Outcome: SAFE               | Leaves:   1441 | Clr: 180.078 mm | t_trial: 13.314 s
[2946/3720] 10kitchen_i-am-sleepy_GT.json       | label_only                 | Outcome: SAFE               | Leaves:   1441 | Clr: 176.953 mm | t_trial: 12.472 s
[2947/3720] 10kitchen_i-am-sleepy_GT.json       | combined_inherit           | Outcome: SAFE               | Leaves:   1492 | Clr: 180.273 mm | t_trial: 11.758 s
[2948/3720] 10kitchen_i-am-sleepy_GT.json       | combined_inherit           | Outcome: SAFE               | Leaves:   1492 | Clr: 175.000 mm | t_trial: 11.734 s
[2949/3720] 10kitchen_i-am-sleepy_GT.json       | combined_inherit           | Outcome: SAFE               | Leaves:   1492 | Clr: 180.078 mm | t_trial: 11.730 s
[2950/3720] 10kitchen_i-am-sleepy_GT.json       | information_bottleneck     | Outcome: SAFE               | Leaves:      0 | Clr: 178.320 mm | t_trial: 11.860 s
[2951/3720] 10kitchen_i-am-sleepy_GT.json       | information_bottleneck     | Outcome: SAFE               | Leaves:      0 | Clr: 179.492 mm | t_trial: 11.175 s
[2952/3720] 10kitchen_i-am-sleepy_GT.json       | information_bottleneck     | Outcome: SAFE               | Leaves:      0 | Clr: 178.125 mm | t_trial: 11.789 s

[PLANNED RESTART] Trial count 2952: Triggering planned restart 369...
[PLANNED RESTART] Terminating existing move_group process...
[PLANNED RESTART COMPLETE] New PID: 832924 | Ready in 11.496 s | Initial RSS: 168.28 MB
[2953/3720] 11bedroom_open-the-desk-drawer_GT.json | identity                   | Outcome: SAFE               | Leaves:  29614 | Clr: 107.617 mm | t_trial: 12.627 s
[2954/3720] 11bedroom_open-the-desk-drawer_GT.json | identity                   | Outcome: SAFE               | Leaves:  29614 | Clr: 107.617 mm | t_trial: 12.040 s
[2955/3720] 11bedroom_open-the-desk-drawer_GT.json | identity                   | Outcome: SAFE               | Leaves:  29614 | Clr: 107.617 mm | t_trial: 12.245 s
[2956/3720] 11bedroom_open-the-desk-drawer_GT.json | label_radius               | Outcome: SAFE               | Leaves:    847 | Clr: 107.617 mm | t_trial: 11.453 s
[2957/3720] 11bedroom_open-the-desk-drawer_GT.json | label_radius               | Outcome: SAFE               | Leaves:    847 | Clr: 107.617 mm | t_trial: 11.477 s
[2958/3720] 11bedroom_open-the-desk-drawer_GT.json | label_radius               | Outcome: SAFE               | Leaves:    847 | Clr: 107.617 mm | t_trial: 11.698 s
[2959/3720] 11bedroom_open-the-desk-drawer_GT.json | combined_quantile_adaptive | Outcome: SAFE               | Leaves:    559 | Clr: 107.617 mm | t_trial: 11.331 s
[2960/3720] 11bedroom_open-the-desk-drawer_GT.json | combined_quantile_adaptive | Outcome: SAFE               | Leaves:    559 | Clr: 107.617 mm | t_trial: 11.738 s

[PLANNED RESTART] Trial count 2960: Triggering planned restart 370...
[PLANNED RESTART] Terminating existing move_group process...
[PLANNED RESTART COMPLETE] New PID: 834881 | Ready in 11.478 s | Initial RSS: 168.66 MB
[2961/3720] 11bedroom_open-the-desk-drawer_GT.json | combined_quantile_adaptive | Outcome: SAFE               | Leaves:    559 | Clr: 107.617 mm | t_trial: 12.864 s
[2962/3720] 11bedroom_open-the-desk-drawer_GT.json | affordance_inherit         | Outcome: SAFE               | Leaves:  14777 | Clr: 107.617 mm | t_trial: 11.831 s
[2963/3720] 11bedroom_open-the-desk-drawer_GT.json | affordance_inherit         | Outcome: SAFE               | Leaves:  14777 | Clr: 107.617 mm | t_trial: 12.088 s
[2964/3720] 11bedroom_open-the-desk-drawer_GT.json | affordance_inherit         | Outcome: SAFE               | Leaves:  14777 | Clr: 107.617 mm | t_trial: 11.616 s
[2965/3720] 11bedroom_open-the-desk-drawer_GT.json | label_inherit              | Outcome: SAFE               | Leaves:    559 | Clr: 107.617 mm | t_trial: 11.501 s
[2966/3720] 11bedroom_open-the-desk-drawer_GT.json | label_inherit              | Outcome: SAFE               | Leaves:    559 | Clr: 107.617 mm | t_trial: 11.523 s
[2967/3720] 11bedroom_open-the-desk-drawer_GT.json | label_inherit              | Outcome: SAFE               | Leaves:    559 | Clr: 107.617 mm | t_trial: 11.371 s
[2968/3720] 11bedroom_open-the-desk-drawer_GT.json | label_only                 | Outcome: SAFE               | Leaves:    553 | Clr: 107.617 mm | t_trial: 12.075 s

[PLANNED RESTART] Trial count 2968: Triggering planned restart 371...
[PLANNED RESTART] Terminating existing move_group process...
[PLANNED RESTART COMPLETE] New PID: 836847 | Ready in 11.567 s | Initial RSS: 168.52 MB
[2969/3720] 11bedroom_open-the-desk-drawer_GT.json | label_only                 | Outcome: SAFE               | Leaves:    553 | Clr: 107.617 mm | t_trial: 12.588 s
[2970/3720] 11bedroom_open-the-desk-drawer_GT.json | label_only                 | Outcome: SAFE               | Leaves:    553 | Clr: 107.617 mm | t_trial: 12.036 s
[2971/3720] 11bedroom_open-the-desk-drawer_GT.json | combined_inherit           | Outcome: SAFE               | Leaves:    559 | Clr: 107.617 mm | t_trial: 12.015 s
[2972/3720] 11bedroom_open-the-desk-drawer_GT.json | combined_inherit           | Outcome: SAFE               | Leaves:    559 | Clr: 107.617 mm | t_trial: 10.987 s
[2973/3720] 11bedroom_open-the-desk-drawer_GT.json | combined_inherit           | Outcome: SAFE               | Leaves:    559 | Clr: 107.617 mm | t_trial: 11.462 s
[2974/3720] 11bedroom_open-the-desk-drawer_GT.json | information_bottleneck     | Outcome: SAFE               | Leaves:    559 | Clr: 107.617 mm | t_trial: 11.622 s
[2975/3720] 11bedroom_open-the-desk-drawer_GT.json | information_bottleneck     | Outcome: SAFE               | Leaves:    559 | Clr: 107.617 mm | t_trial: 11.453 s
[2976/3720] 11bedroom_open-the-desk-drawer_GT.json | information_bottleneck     | Outcome: SAFE               | Leaves:    559 | Clr: 107.617 mm | t_trial: 11.896 s

[PLANNED RESTART] Trial count 2976: Triggering planned restart 372...
[PLANNED RESTART] Terminating existing move_group process...
[PLANNED RESTART COMPLETE] New PID: 838782 | Ready in 11.473 s | Initial RSS: 168.92 MB
[2977/3720] 11bedroom_open-the-door_GT.json     | identity                   | Outcome: SAFE               | Leaves:  29614 | Clr: 106.250 mm | t_trial: 13.327 s
[2978/3720] 11bedroom_open-the-door_GT.json     | identity                   | Outcome: SAFE               | Leaves:  29614 | Clr: 111.133 mm | t_trial: 12.791 s
[2979/3720] 11bedroom_open-the-door_GT.json     | identity                   | Outcome: SAFE               | Leaves:  29614 | Clr: 108.984 mm | t_trial: 12.176 s
[2980/3720] 11bedroom_open-the-door_GT.json     | label_radius               | Outcome: SAFE               | Leaves:  15079 | Clr: 107.812 mm | t_trial: 11.647 s
[2981/3720] 11bedroom_open-the-door_GT.json     | label_radius               | Outcome: SAFE               | Leaves:  15079 | Clr: 107.227 mm | t_trial: 11.227 s
[2982/3720] 11bedroom_open-the-door_GT.json     | label_radius               | Outcome: SAFE               | Leaves:  15079 | Clr: 109.375 mm | t_trial: 11.822 s
[2983/3720] 11bedroom_open-the-door_GT.json     | combined_quantile_adaptive | Outcome: SAFE               | Leaves:  14777 | Clr: 105.859 mm | t_trial: 11.638 s
[2984/3720] 11bedroom_open-the-door_GT.json     | combined_quantile_adaptive | Outcome: SAFE               | Leaves:  14777 | Clr: 109.180 mm | t_trial: 11.482 s

[PLANNED RESTART] Trial count 2984: Triggering planned restart 373...
[PLANNED RESTART] Terminating existing move_group process...
[PLANNED RESTART COMPLETE] New PID: 840764 | Ready in 11.505 s | Initial RSS: 168.60 MB
[2985/3720] 11bedroom_open-the-door_GT.json     | combined_quantile_adaptive | Outcome: SAFE               | Leaves:  14777 | Clr: 108.398 mm | t_trial: 13.036 s
[2986/3720] 11bedroom_open-the-door_GT.json     | affordance_inherit         | Outcome: SAFE               | Leaves:    559 | Clr: 108.398 mm | t_trial: 12.243 s
[2987/3720] 11bedroom_open-the-door_GT.json     | affordance_inherit         | Outcome: SAFE               | Leaves:    559 | Clr: 107.812 mm | t_trial: 12.139 s
[2988/3720] 11bedroom_open-the-door_GT.json     | affordance_inherit         | Outcome: SAFE               | Leaves:    559 | Clr: 106.836 mm | t_trial: 11.662 s
[2989/3720] 11bedroom_open-the-door_GT.json     | label_inherit              | Outcome: SAFE               | Leaves:  14777 | Clr: 109.180 mm | t_trial: 11.253 s
[2990/3720] 11bedroom_open-the-door_GT.json     | label_inherit              | Outcome: SAFE               | Leaves:  14777 | Clr: 110.156 mm | t_trial: 11.342 s
[2991/3720] 11bedroom_open-the-door_GT.json     | label_inherit              | Outcome: SAFE               | Leaves:  14777 | Clr: 105.664 mm | t_trial: 11.170 s
[2992/3720] 11bedroom_open-the-door_GT.json     | label_only                 | Outcome: SAFE               | Leaves:  14744 | Clr: 109.180 mm | t_trial: 11.629 s

[PLANNED RESTART] Trial count 2992: Triggering planned restart 374...
[PLANNED RESTART] Terminating existing move_group process...
[PLANNED RESTART COMPLETE] New PID: 842711 | Ready in 11.546 s | Initial RSS: 168.55 MB
[2993/3720] 11bedroom_open-the-door_GT.json     | label_only                 | Outcome: SAFE               | Leaves:  14744 | Clr: 108.789 mm | t_trial: 12.900 s
[2994/3720] 11bedroom_open-the-door_GT.json     | label_only                 | Outcome: SAFE               | Leaves:  14744 | Clr: 107.617 mm | t_trial: 12.774 s
[2995/3720] 11bedroom_open-the-door_GT.json     | combined_inherit           | Outcome: SAFE               | Leaves:  15336 | Clr: 107.812 mm | t_trial: 12.147 s
[2996/3720] 11bedroom_open-the-door_GT.json     | combined_inherit           | Outcome: SAFE               | Leaves:  15336 | Clr: 108.984 mm | t_trial: 11.812 s
[2997/3720] 11bedroom_open-the-door_GT.json     | combined_inherit           | Outcome: SAFE               | Leaves:  15336 | Clr: 107.227 mm | t_trial: 11.592 s
[2998/3720] 11bedroom_open-the-door_GT.json     | information_bottleneck     | Outcome: SAFE               | Leaves:  15330 | Clr: 107.422 mm | t_trial: 11.406 s
[2999/3720] 11bedroom_open-the-door_GT.json     | information_bottleneck     | Outcome: SAFE               | Leaves:  15330 | Clr: 105.469 mm | t_trial: 11.497 s
[3000/3720] 11bedroom_open-the-door_GT.json     | information_bottleneck     | Outcome: SAFE               | Leaves:  15330 | Clr: 107.617 mm | t_trial: 12.159 s

[PLANNED RESTART] Trial count 3000: Triggering planned restart 375...
[PLANNED RESTART] Terminating existing move_group process...
[PLANNED RESTART COMPLETE] New PID: 844704 | Ready in 11.483 s | Initial RSS: 168.74 MB
[3001/3720] 11bedroom_open-the-window_GT.json   | identity                   | Outcome: SAFE               | Leaves:  29614 | Clr: 174.805 mm | t_trial: 12.953 s
[3002/3720] 11bedroom_open-the-window_GT.json   | identity                   | Outcome: SAFE               | Leaves:  29614 | Clr: 174.609 mm | t_trial: 12.193 s
[3003/3720] 11bedroom_open-the-window_GT.json   | identity                   | Outcome: SAFE               | Leaves:  29614 | Clr: 171.875 mm | t_trial: 12.316 s
[3004/3720] 11bedroom_open-the-window_GT.json   | label_radius               | Outcome: SAFE               | Leaves:  27126 | Clr: 175.781 mm | t_trial: 11.796 s
[3005/3720] 11bedroom_open-the-window_GT.json   | label_radius               | Outcome: SAFE               | Leaves:  27126 | Clr: 175.977 mm | t_trial: 11.623 s
[3006/3720] 11bedroom_open-the-window_GT.json   | label_radius               | Outcome: SAFE               | Leaves:  27126 | Clr: 171.289 mm | t_trial: 11.275 s
[3007/3720] 11bedroom_open-the-window_GT.json   | combined_quantile_adaptive | Outcome: SAFE               | Leaves:  12047 | Clr: 174.219 mm | t_trial: 11.074 s
[3008/3720] 11bedroom_open-the-window_GT.json   | combined_quantile_adaptive | Outcome: SAFE               | Leaves:  12047 | Clr: 173.438 mm | t_trial: 12.050 s

[PLANNED RESTART] Trial count 3008: Triggering planned restart 376...
[PLANNED RESTART] Terminating existing move_group process...
[PLANNED RESTART COMPLETE] New PID: 846653 | Ready in 11.499 s | Initial RSS: 168.28 MB
[3009/3720] 11bedroom_open-the-window_GT.json   | combined_quantile_adaptive | Outcome: SAFE               | Leaves:  12047 | Clr: 175.195 mm | t_trial: 13.146 s
[3010/3720] 11bedroom_open-the-window_GT.json   | affordance_inherit         | Outcome: SAFE               | Leaves:    559 | Clr: 172.656 mm | t_trial: 12.633 s
[3011/3720] 11bedroom_open-the-window_GT.json   | affordance_inherit         | Outcome: SAFE               | Leaves:    559 | Clr: 175.977 mm | t_trial: 11.764 s
[3012/3720] 11bedroom_open-the-window_GT.json   | affordance_inherit         | Outcome: SAFE               | Leaves:    559 | Clr: 174.609 mm | t_trial: 11.595 s
[3013/3720] 11bedroom_open-the-window_GT.json   | label_inherit              | Outcome: SAFE               | Leaves:  26824 | Clr: 171.680 mm | t_trial: 11.769 s
[3014/3720] 11bedroom_open-the-window_GT.json   | label_inherit              | Outcome: SAFE               | Leaves:  26824 | Clr: 171.289 mm | t_trial: 11.923 s
[3015/3720] 11bedroom_open-the-window_GT.json   | label_inherit              | Outcome: SAFE               | Leaves:  26824 | Clr: 175.781 mm | t_trial: 11.789 s
[3016/3720] 11bedroom_open-the-window_GT.json   | label_only                 | Outcome: SAFE               | Leaves:  26715 | Clr: 175.000 mm | t_trial: 12.378 s

[PLANNED RESTART] Trial count 3016: Triggering planned restart 377...
[PLANNED RESTART] Terminating existing move_group process...
[PLANNED RESTART COMPLETE] New PID: 848659 | Ready in 12.123 s | Initial RSS: 168.50 MB
[3017/3720] 11bedroom_open-the-window_GT.json   | label_only                 | Outcome: SAFE               | Leaves:  26715 | Clr: 176.367 mm | t_trial: 12.924 s
[3018/3720] 11bedroom_open-the-window_GT.json   | label_only                 | Outcome: SAFE               | Leaves:  26715 | Clr: 176.367 mm | t_trial: 12.202 s
[3019/3720] 11bedroom_open-the-window_GT.json   | combined_inherit           | Outcome: SAFE               | Leaves:  26824 | Clr: 171.680 mm | t_trial: 12.176 s
[3020/3720] 11bedroom_open-the-window_GT.json   | combined_inherit           | Outcome: SAFE               | Leaves:  26824 | Clr: 174.609 mm | t_trial: 11.752 s
[3021/3720] 11bedroom_open-the-window_GT.json   | combined_inherit           | Outcome: SAFE               | Leaves:  26824 | Clr: 176.758 mm | t_trial: 11.638 s
[3022/3720] 11bedroom_open-the-window_GT.json   | information_bottleneck     | Outcome: SAFE               | Leaves:      0 | Clr: 173.438 mm | t_trial: 11.235 s
[3023/3720] 11bedroom_open-the-window_GT.json   | information_bottleneck     | Outcome: SAFE               | Leaves:      0 | Clr: 176.562 mm | t_trial: 11.480 s
[3024/3720] 11bedroom_open-the-window_GT.json   | information_bottleneck     | Outcome: SAFE               | Leaves:      0 | Clr: 174.219 mm | t_trial: 11.568 s

[PLANNED RESTART] Trial count 3024: Triggering planned restart 378...
[PLANNED RESTART] Terminating existing move_group process...
[PLANNED RESTART COMPLETE] New PID: 850615 | Ready in 11.499 s | Initial RSS: 168.52 MB
[3025/3720] 11bedroom_turn-on-the-lamp_015b3931_GT.json | identity                   | Outcome: SAFE               | Leaves:  29614 | Clr: 118.750 mm | t_trial: 12.963 s
[3026/3720] 11bedroom_turn-on-the-lamp_015b3931_GT.json | identity                   | Outcome: SAFE               | Leaves:  29614 | Clr: 120.312 mm | t_trial: 12.317 s
[3027/3720] 11bedroom_turn-on-the-lamp_015b3931_GT.json | identity                   | Outcome: SAFE               | Leaves:  29614 | Clr: 118.555 mm | t_trial: 12.110 s
[3028/3720] 11bedroom_turn-on-the-lamp_015b3931_GT.json | label_radius               | Outcome: SAFE               | Leaves:  17567 | Clr: 123.438 mm | t_trial: 11.565 s
[3029/3720] 11bedroom_turn-on-the-lamp_015b3931_GT.json | label_radius               | Outcome: SAFE               | Leaves:  17567 | Clr: 121.875 mm | t_trial: 11.613 s
[3030/3720] 11bedroom_turn-on-the-lamp_015b3931_GT.json | label_radius               | Outcome: SAFE               | Leaves:  17567 | Clr: 120.312 mm | t_trial: 11.032 s
[3031/3720] 11bedroom_turn-on-the-lamp_015b3931_GT.json | combined_quantile_adaptive | Outcome: SAFE               | Leaves:   2231 | Clr: 120.117 mm | t_trial: 10.937 s
[3032/3720] 11bedroom_turn-on-the-lamp_015b3931_GT.json | combined_quantile_adaptive | Outcome: SAFE               | Leaves:   2231 | Clr: 122.070 mm | t_trial: 11.764 s

[PLANNED RESTART] Trial count 3032: Triggering planned restart 379...
[PLANNED RESTART] Terminating existing move_group process...
[PLANNED RESTART COMPLETE] New PID: 852575 | Ready in 11.474 s | Initial RSS: 168.39 MB
[3033/3720] 11bedroom_turn-on-the-lamp_015b3931_GT.json | combined_quantile_adaptive | Outcome: SAFE               | Leaves:   2231 | Clr: 121.094 mm | t_trial: 13.017 s
[3034/3720] 11bedroom_turn-on-the-lamp_015b3931_GT.json | affordance_inherit         | Outcome: SAFE               | Leaves:    978 | Clr: 122.656 mm | t_trial: 12.154 s
[3035/3720] 11bedroom_turn-on-the-lamp_015b3931_GT.json | affordance_inherit         | Outcome: SAFE               | Leaves:    978 | Clr: 121.094 mm | t_trial: 12.013 s
[3036/3720] 11bedroom_turn-on-the-lamp_015b3931_GT.json | affordance_inherit         | Outcome: SAFE               | Leaves:    978 | Clr: 119.141 mm | t_trial: 11.458 s
[3037/3720] 11bedroom_turn-on-the-lamp_015b3931_GT.json | label_inherit              | Outcome: SAFE               | Leaves:   2231 | Clr: 121.680 mm | t_trial: 11.543 s
[3038/3720] 11bedroom_turn-on-the-lamp_015b3931_GT.json | label_inherit              | Outcome: SAFE               | Leaves:   2231 | Clr: 121.680 mm | t_trial: 11.717 s
[3039/3720] 11bedroom_turn-on-the-lamp_015b3931_GT.json | label_inherit              | Outcome: SAFE               | Leaves:   2231 | Clr: 118.750 mm | t_trial: 10.967 s
[3040/3720] 11bedroom_turn-on-the-lamp_015b3931_GT.json | label_only                 | Outcome: SAFE               | Leaves:   2011 | Clr: 122.070 mm | t_trial: 11.999 s

[PLANNED RESTART] Trial count 3040: Triggering planned restart 380...
[PLANNED RESTART] Terminating existing move_group process...
[PLANNED RESTART COMPLETE] New PID: 854556 | Ready in 11.500 s | Initial RSS: 168.60 MB
[3041/3720] 11bedroom_turn-on-the-lamp_015b3931_GT.json | label_only                 | Outcome: SAFE               | Leaves:   2011 | Clr: 123.047 mm | t_trial: 12.639 s
[3042/3720] 11bedroom_turn-on-the-lamp_015b3931_GT.json | label_only                 | Outcome: SAFE               | Leaves:   2011 | Clr: 122.461 mm | t_trial: 12.317 s
[3043/3720] 11bedroom_turn-on-the-lamp_015b3931_GT.json | combined_inherit           | Outcome: SAFE               | Leaves:   2231 | Clr: 121.680 mm | t_trial: 12.042 s
[3044/3720] 11bedroom_turn-on-the-lamp_015b3931_GT.json | combined_inherit           | Outcome: SAFE               | Leaves:   2231 | Clr: 122.461 mm | t_trial: 11.502 s
[3045/3720] 11bedroom_turn-on-the-lamp_015b3931_GT.json | combined_inherit           | Outcome: SAFE               | Leaves:   2231 | Clr: 119.336 mm | t_trial: 11.057 s
[3046/3720] 11bedroom_turn-on-the-lamp_015b3931_GT.json | information_bottleneck     | Outcome: SAFE               | Leaves:   2231 | Clr: 119.922 mm | t_trial: 11.584 s
[3047/3720] 11bedroom_turn-on-the-lamp_015b3931_GT.json | information_bottleneck     | Outcome: SAFE               | Leaves:   2231 | Clr: 120.703 mm | t_trial: 11.021 s
[3048/3720] 11bedroom_turn-on-the-lamp_015b3931_GT.json | information_bottleneck     | Outcome: SAFE               | Leaves:   2231 | Clr: 121.094 mm | t_trial: 11.148 s

[PLANNED RESTART] Trial count 3048: Triggering planned restart 381...
[PLANNED RESTART] Terminating existing move_group process...
[PLANNED RESTART COMPLETE] New PID: 856475 | Ready in 11.481 s | Initial RSS: 167.94 MB
[3049/3720] 11bedroom_turn-on-the-lamp_57cb09de_GT.json | identity                   | Outcome: SAFE               | Leaves:  29614 | Clr: 141.797 mm | t_trial: 13.303 s
[3050/3720] 11bedroom_turn-on-the-lamp_57cb09de_GT.json | identity                   | Outcome: SAFE               | Leaves:  29614 | Clr: 142.773 mm | t_trial: 12.295 s
[3051/3720] 11bedroom_turn-on-the-lamp_57cb09de_GT.json | identity                   | Outcome: SAFE               | Leaves:  29614 | Clr: 144.141 mm | t_trial: 12.168 s
[3052/3720] 11bedroom_turn-on-the-lamp_57cb09de_GT.json | label_radius               | Outcome: SAFE               | Leaves:  17567 | Clr: 143.164 mm | t_trial: 11.621 s
[3053/3720] 11bedroom_turn-on-the-lamp_57cb09de_GT.json | label_radius               | Outcome: SAFE               | Leaves:  17567 | Clr: 142.773 mm | t_trial: 11.613 s
[3054/3720] 11bedroom_turn-on-the-lamp_57cb09de_GT.json | label_radius               | Outcome: SAFE               | Leaves:  17567 | Clr: 143.945 mm | t_trial: 11.337 s
[3055/3720] 11bedroom_turn-on-the-lamp_57cb09de_GT.json | combined_quantile_adaptive | Outcome: SAFE               | Leaves:   2231 | Clr: 141.992 mm | t_trial: 11.558 s
[3056/3720] 11bedroom_turn-on-the-lamp_57cb09de_GT.json | combined_quantile_adaptive | Outcome: SAFE               | Leaves:   2231 | Clr: 145.898 mm | t_trial: 11.835 s

[PLANNED RESTART] Trial count 3056: Triggering planned restart 382...
[PLANNED RESTART] Terminating existing move_group process...
[PLANNED RESTART COMPLETE] New PID: 858435 | Ready in 12.082 s | Initial RSS: 168.34 MB
[3057/3720] 11bedroom_turn-on-the-lamp_57cb09de_GT.json | combined_quantile_adaptive | Outcome: SAFE               | Leaves:   2231 | Clr: 139.648 mm | t_trial: 12.519 s
[3058/3720] 11bedroom_turn-on-the-lamp_57cb09de_GT.json | affordance_inherit         | Outcome: SAFE               | Leaves:    978 | Clr: 142.969 mm | t_trial: 12.213 s
[3059/3720] 11bedroom_turn-on-the-lamp_57cb09de_GT.json | affordance_inherit         | Outcome: SAFE               | Leaves:    978 | Clr: 143.555 mm | t_trial: 12.167 s
[3060/3720] 11bedroom_turn-on-the-lamp_57cb09de_GT.json | affordance_inherit         | Outcome: SAFE               | Leaves:    978 | Clr: 142.773 mm | t_trial: 11.628 s
[3061/3720] 11bedroom_turn-on-the-lamp_57cb09de_GT.json | label_inherit              | Outcome: SAFE               | Leaves:   2231 | Clr: 139.844 mm | t_trial: 11.163 s
[3062/3720] 11bedroom_turn-on-the-lamp_57cb09de_GT.json | label_inherit              | Outcome: SAFE               | Leaves:   2231 | Clr: 143.750 mm | t_trial: 11.806 s
[3063/3720] 11bedroom_turn-on-the-lamp_57cb09de_GT.json | label_inherit              | Outcome: SAFE               | Leaves:   2231 | Clr: 142.969 mm | t_trial: 11.593 s
[3064/3720] 11bedroom_turn-on-the-lamp_57cb09de_GT.json | label_only                 | Outcome: SAFE               | Leaves:   2011 | Clr: 141.016 mm | t_trial: 11.418 s

[PLANNED RESTART] Trial count 3064: Triggering planned restart 383...
[PLANNED RESTART] Terminating existing move_group process...
[PLANNED RESTART COMPLETE] New PID: 860405 | Ready in 11.496 s | Initial RSS: 168.76 MB
[3065/3720] 11bedroom_turn-on-the-lamp_57cb09de_GT.json | label_only                 | Outcome: SAFE               | Leaves:   2011 | Clr: 142.383 mm | t_trial: 13.081 s
[3066/3720] 11bedroom_turn-on-the-lamp_57cb09de_GT.json | label_only                 | Outcome: SAFE               | Leaves:   2011 | Clr: 143.945 mm | t_trial: 12.169 s
[3067/3720] 11bedroom_turn-on-the-lamp_57cb09de_GT.json | combined_inherit           | Outcome: SAFE               | Leaves:   2231 | Clr: 142.773 mm | t_trial: 12.204 s
[3068/3720] 11bedroom_turn-on-the-lamp_57cb09de_GT.json | combined_inherit           | Outcome: SAFE               | Leaves:   2231 | Clr: 147.852 mm | t_trial: 11.149 s
[3069/3720] 11bedroom_turn-on-the-lamp_57cb09de_GT.json | combined_inherit           | Outcome: SAFE               | Leaves:   2231 | Clr: 144.922 mm | t_trial: 11.637 s
[3070/3720] 11bedroom_turn-on-the-lamp_57cb09de_GT.json | information_bottleneck     | Outcome: SAFE               | Leaves:   2231 | Clr: 143.945 mm | t_trial: 11.792 s
[3071/3720] 11bedroom_turn-on-the-lamp_57cb09de_GT.json | information_bottleneck     | Outcome: SAFE               | Leaves:   2231 | Clr: 146.680 mm | t_trial: 11.633 s
[3072/3720] 11bedroom_turn-on-the-lamp_57cb09de_GT.json | information_bottleneck     | Outcome: SAFE               | Leaves:   2231 | Clr: 140.039 mm | t_trial: 11.528 s

[PLANNED RESTART] Trial count 3072: Triggering planned restart 384...
[PLANNED RESTART] Terminating existing move_group process...
[PLANNED RESTART COMPLETE] New PID: 862375 | Ready in 11.476 s | Initial RSS: 168.44 MB
[3073/3720] 11bedroom_turn-on-the-lamp_7c2e7afd_GT.json | identity                   | Outcome: SAFE               | Leaves:  29614 | Clr: 63.086 mm | t_trial: 12.503 s
[3074/3720] 11bedroom_turn-on-the-lamp_7c2e7afd_GT.json | identity                   | Outcome: SAFE               | Leaves:  29614 | Clr: 58.398 mm | t_trial: 12.029 s
[3075/3720] 11bedroom_turn-on-the-lamp_7c2e7afd_GT.json | identity                   | Outcome: SAFE               | Leaves:  29614 | Clr: 60.352 mm | t_trial: 12.185 s
[3076/3720] 11bedroom_turn-on-the-lamp_7c2e7afd_GT.json | label_radius               | Outcome: SAFE               | Leaves:  17567 | Clr: 55.078 mm | t_trial: 10.993 s
[3077/3720] 11bedroom_turn-on-the-lamp_7c2e7afd_GT.json | label_radius               | Outcome: SAFE               | Leaves:  17567 | Clr: 60.547 mm | t_trial: 11.503 s
[3078/3720] 11bedroom_turn-on-the-lamp_7c2e7afd_GT.json | label_radius               | Outcome: SAFE               | Leaves:  17567 | Clr: 62.109 mm | t_trial: 11.642 s
[3079/3720] 11bedroom_turn-on-the-lamp_7c2e7afd_GT.json | combined_quantile_adaptive | Outcome: SAFE               | Leaves:   2231 | Clr: 58.984 mm | t_trial: 11.358 s
[3080/3720] 11bedroom_turn-on-the-lamp_7c2e7afd_GT.json | combined_quantile_adaptive | Outcome: SAFE               | Leaves:   2231 | Clr: 54.883 mm | t_trial: 11.230 s

[PLANNED RESTART] Trial count 3080: Triggering planned restart 385...
[PLANNED RESTART] Terminating existing move_group process...
[PLANNED RESTART COMPLETE] New PID: 864302 | Ready in 11.505 s | Initial RSS: 168.04 MB
[3081/3720] 11bedroom_turn-on-the-lamp_7c2e7afd_GT.json | combined_quantile_adaptive | Outcome: SAFE               | Leaves:   2231 | Clr: 58.203 mm | t_trial: 12.882 s
[3082/3720] 11bedroom_turn-on-the-lamp_7c2e7afd_GT.json | affordance_inherit         | Outcome: SAFE               | Leaves:    978 | Clr: 56.445 mm | t_trial: 12.401 s
[3083/3720] 11bedroom_turn-on-the-lamp_7c2e7afd_GT.json | affordance_inherit         | Outcome: SAFE               | Leaves:    978 | Clr: 61.719 mm | t_trial: 11.402 s
[3084/3720] 11bedroom_turn-on-the-lamp_7c2e7afd_GT.json | affordance_inherit         | Outcome: SAFE               | Leaves:    978 | Clr: 59.375 mm | t_trial: 11.379 s
[3085/3720] 11bedroom_turn-on-the-lamp_7c2e7afd_GT.json | label_inherit              | Outcome: SAFE               | Leaves:   2231 | Clr: 59.180 mm | t_trial: 11.524 s
[3086/3720] 11bedroom_turn-on-the-lamp_7c2e7afd_GT.json | label_inherit              | Outcome: SAFE               | Leaves:   2231 | Clr: 61.914 mm | t_trial: 11.489 s
[3087/3720] 11bedroom_turn-on-the-lamp_7c2e7afd_GT.json | label_inherit              | Outcome: SAFE               | Leaves:   2231 | Clr: 58.398 mm | t_trial: 11.360 s
[3088/3720] 11bedroom_turn-on-the-lamp_7c2e7afd_GT.json | label_only                 | Outcome: SAFE               | Leaves:   2011 | Clr: 58.398 mm | t_trial: 12.448 s

[PLANNED RESTART] Trial count 3088: Triggering planned restart 386...
[PLANNED RESTART] Terminating existing move_group process...
[PLANNED RESTART COMPLETE] New PID: 866272 | Ready in 11.468 s | Initial RSS: 168.18 MB
[3089/3720] 11bedroom_turn-on-the-lamp_7c2e7afd_GT.json | label_only                 | Outcome: SAFE               | Leaves:   2011 | Clr: 62.500 mm | t_trial: 12.647 s
[3090/3720] 11bedroom_turn-on-the-lamp_7c2e7afd_GT.json | label_only                 | Outcome: SAFE               | Leaves:   2011 | Clr: 58.008 mm | t_trial: 11.556 s
[3091/3720] 11bedroom_turn-on-the-lamp_7c2e7afd_GT.json | combined_inherit           | Outcome: SAFE               | Leaves:   2231 | Clr: 56.641 mm | t_trial: 11.831 s
[3092/3720] 11bedroom_turn-on-the-lamp_7c2e7afd_GT.json | combined_inherit           | Outcome: SAFE               | Leaves:   2231 | Clr: 59.375 mm | t_trial: 11.428 s
[3093/3720] 11bedroom_turn-on-the-lamp_7c2e7afd_GT.json | combined_inherit           | Outcome: SAFE               | Leaves:   2231 | Clr: 59.766 mm | t_trial: 10.981 s
[3094/3720] 11bedroom_turn-on-the-lamp_7c2e7afd_GT.json | information_bottleneck     | Outcome: SAFE               | Leaves:   2231 | Clr: 60.547 mm | t_trial: 11.532 s
[3095/3720] 11bedroom_turn-on-the-lamp_7c2e7afd_GT.json | information_bottleneck     | Outcome: SAFE               | Leaves:   2231 | Clr: 57.812 mm | t_trial: 10.916 s
[3096/3720] 11bedroom_turn-on-the-lamp_7c2e7afd_GT.json | information_bottleneck     | Outcome: SAFE               | Leaves:   2231 | Clr: 61.328 mm | t_trial: 11.917 s

[PLANNED RESTART] Trial count 3096: Triggering planned restart 387...
[PLANNED RESTART] Terminating existing move_group process...
[PLANNED RESTART COMPLETE] New PID: 868184 | Ready in 11.598 s | Initial RSS: 168.63 MB
[3097/3720] 11bedroom_i-need-office-supplies-from-my-desk_GT.json | identity                   | Outcome: SAFE               | Leaves:  29614 | Clr: 107.617 mm | t_trial: 13.138 s
[3098/3720] 11bedroom_i-need-office-supplies-from-my-desk_GT.json | identity                   | Outcome: SAFE               | Leaves:  29614 | Clr: 107.617 mm | t_trial: 11.986 s
[3099/3720] 11bedroom_i-need-office-supplies-from-my-desk_GT.json | identity                   | Outcome: SAFE               | Leaves:  29614 | Clr: 107.617 mm | t_trial: 12.131 s
[3100/3720] 11bedroom_i-need-office-supplies-from-my-desk_GT.json | label_radius               | Outcome: SAFE               | Leaves:    847 | Clr: 107.617 mm | t_trial: 11.505 s
[3101/3720] 11bedroom_i-need-office-supplies-from-my-desk_GT.json | label_radius               | Outcome: SAFE               | Leaves:    847 | Clr: 107.617 mm | t_trial: 11.526 s
[3102/3720] 11bedroom_i-need-office-supplies-from-my-desk_GT.json | label_radius               | Outcome: SAFE               | Leaves:    847 | Clr: 107.617 mm | t_trial: 11.641 s
[3103/3720] 11bedroom_i-need-office-supplies-from-my-desk_GT.json | combined_quantile_adaptive | Outcome: SAFE               | Leaves:    559 | Clr: 107.617 mm | t_trial: 11.427 s
[3104/3720] 11bedroom_i-need-office-supplies-from-my-desk_GT.json | combined_quantile_adaptive | Outcome: SAFE               | Leaves:    559 | Clr: 107.617 mm | t_trial: 11.931 s

[PLANNED RESTART] Trial count 3104: Triggering planned restart 388...
[PLANNED RESTART] Terminating existing move_group process...
[PLANNED RESTART COMPLETE] New PID: 870154 | Ready in 11.472 s | Initial RSS: 168.96 MB
[3105/3720] 11bedroom_i-need-office-supplies-from-my-desk_GT.json | combined_quantile_adaptive | Outcome: SAFE               | Leaves:    559 | Clr: 107.617 mm | t_trial: 12.630 s
[3106/3720] 11bedroom_i-need-office-supplies-from-my-desk_GT.json | affordance_inherit         | Outcome: SAFE               | Leaves:    784 | Clr: 107.617 mm | t_trial: 12.074 s
[3107/3720] 11bedroom_i-need-office-supplies-from-my-desk_GT.json | affordance_inherit         | Outcome: SAFE               | Leaves:    784 | Clr: 107.617 mm | t_trial: 11.987 s
[3108/3720] 11bedroom_i-need-office-supplies-from-my-desk_GT.json | affordance_inherit         | Outcome: SAFE               | Leaves:    784 | Clr: 107.617 mm | t_trial: 11.398 s
[3109/3720] 11bedroom_i-need-office-supplies-from-my-desk_GT.json | label_inherit              | Outcome: SAFE               | Leaves:    559 | Clr: 107.617 mm | t_trial: 11.424 s
[3110/3720] 11bedroom_i-need-office-supplies-from-my-desk_GT.json | label_inherit              | Outcome: SAFE               | Leaves:    559 | Clr: 107.617 mm | t_trial: 11.698 s
[3111/3720] 11bedroom_i-need-office-supplies-from-my-desk_GT.json | label_inherit              | Outcome: SAFE               | Leaves:    559 | Clr: 107.617 mm | t_trial: 11.474 s
[3112/3720] 11bedroom_i-need-office-supplies-from-my-desk_GT.json | label_only                 | Outcome: SAFE               | Leaves:    553 | Clr: 107.617 mm | t_trial: 11.420 s

[PLANNED RESTART] Trial count 3112: Triggering planned restart 389...
[PLANNED RESTART] Terminating existing move_group process...
[PLANNED RESTART COMPLETE] New PID: 872110 | Ready in 12.153 s | Initial RSS: 168.55 MB
[3113/3720] 11bedroom_i-need-office-supplies-from-my-desk_GT.json | label_only                 | Outcome: SAFE               | Leaves:    553 | Clr: 107.617 mm | t_trial: 12.918 s
[3114/3720] 11bedroom_i-need-office-supplies-from-my-desk_GT.json | label_only                 | Outcome: SAFE               | Leaves:    553 | Clr: 107.617 mm | t_trial: 12.376 s
[3115/3720] 11bedroom_i-need-office-supplies-from-my-desk_GT.json | combined_inherit           | Outcome: SAFE               | Leaves:    559 | Clr: 107.617 mm | t_trial: 11.446 s
[3116/3720] 11bedroom_i-need-office-supplies-from-my-desk_GT.json | combined_inherit           | Outcome: SAFE               | Leaves:    559 | Clr: 107.617 mm | t_trial: 11.433 s
[3117/3720] 11bedroom_i-need-office-supplies-from-my-desk_GT.json | combined_inherit           | Outcome: SAFE               | Leaves:    559 | Clr: 107.617 mm | t_trial: 11.488 s
[3118/3720] 11bedroom_i-need-office-supplies-from-my-desk_GT.json | information_bottleneck     | Outcome: SAFE               | Leaves:    559 | Clr: 107.617 mm | t_trial: 11.452 s
[3119/3720] 11bedroom_i-need-office-supplies-from-my-desk_GT.json | information_bottleneck     | Outcome: SAFE               | Leaves:    559 | Clr: 107.617 mm | t_trial: 11.421 s
[3120/3720] 11bedroom_i-need-office-supplies-from-my-desk_GT.json | information_bottleneck     | Outcome: SAFE               | Leaves:    559 | Clr: 107.617 mm | t_trial: 11.778 s

[PLANNED RESTART] Trial count 3120: Triggering planned restart 390...
[PLANNED RESTART] Terminating existing move_group process...
[PLANNED RESTART COMPLETE] New PID: 874049 | Ready in 11.471 s | Initial RSS: 168.20 MB
[3121/3720] 11bedroom_its-dark-in-here_015b3931_GT.json | identity                   | Outcome: SAFE               | Leaves:  29614 | Clr: 118.750 mm | t_trial: 12.802 s
[3122/3720] 11bedroom_its-dark-in-here_015b3931_GT.json | identity                   | Outcome: SAFE               | Leaves:  29614 | Clr: 119.141 mm | t_trial: 11.550 s
[3123/3720] 11bedroom_its-dark-in-here_015b3931_GT.json | identity                   | Outcome: SAFE               | Leaves:  29614 | Clr: 118.750 mm | t_trial: 12.164 s
[3124/3720] 11bedroom_its-dark-in-here_015b3931_GT.json | label_radius               | Outcome: SAFE               | Leaves:  15079 | Clr: 120.703 mm | t_trial: 11.625 s
[3125/3720] 11bedroom_its-dark-in-here_015b3931_GT.json | label_radius               | Outcome: SAFE               | Leaves:  15079 | Clr: 122.461 mm | t_trial: 11.683 s
[3126/3720] 11bedroom_its-dark-in-here_015b3931_GT.json | label_radius               | Outcome: SAFE               | Leaves:  15079 | Clr: 121.875 mm | t_trial: 11.650 s
[3127/3720] 11bedroom_its-dark-in-here_015b3931_GT.json | combined_quantile_adaptive | Outcome: SAFE               | Leaves:  14777 | Clr: 118.164 mm | t_trial: 10.964 s
[3128/3720] 11bedroom_its-dark-in-here_015b3931_GT.json | combined_quantile_adaptive | Outcome: SAFE               | Leaves:  14777 | Clr: 119.336 mm | t_trial: 11.956 s

[PLANNED RESTART] Trial count 3128: Triggering planned restart 391...
[PLANNED RESTART] Terminating existing move_group process...
[PLANNED RESTART COMPLETE] New PID: 875998 | Ready in 11.461 s | Initial RSS: 168.38 MB
[3129/3720] 11bedroom_its-dark-in-here_015b3931_GT.json | combined_quantile_adaptive | Outcome: SAFE               | Leaves:  14777 | Clr: 124.023 mm | t_trial: 13.073 s
[3130/3720] 11bedroom_its-dark-in-here_015b3931_GT.json | affordance_inherit         | Outcome: SAFE               | Leaves:  14777 | Clr: 118.750 mm | t_trial: 12.243 s
[3131/3720] 11bedroom_its-dark-in-here_015b3931_GT.json | affordance_inherit         | Outcome: SAFE               | Leaves:  14777 | Clr: 123.047 mm | t_trial: 12.135 s
[3132/3720] 11bedroom_its-dark-in-here_015b3931_GT.json | affordance_inherit         | Outcome: SAFE               | Leaves:  14777 | Clr: 118.750 mm | t_trial: 11.745 s
[3133/3720] 11bedroom_its-dark-in-here_015b3931_GT.json | label_inherit              | Outcome: SAFE               | Leaves:  14777 | Clr: 119.531 mm | t_trial: 11.038 s
[3134/3720] 11bedroom_its-dark-in-here_015b3931_GT.json | label_inherit              | Outcome: SAFE               | Leaves:  14777 | Clr: 119.922 mm | t_trial: 11.156 s
[3135/3720] 11bedroom_its-dark-in-here_015b3931_GT.json | label_inherit              | Outcome: SAFE               | Leaves:  14777 | Clr: 122.070 mm | t_trial: 11.085 s
[3136/3720] 11bedroom_its-dark-in-here_015b3931_GT.json | label_only                 | Outcome: SAFE               | Leaves:  14744 | Clr: 119.336 mm | t_trial: 11.265 s

[PLANNED RESTART] Trial count 3136: Triggering planned restart 392...
[PLANNED RESTART] Terminating existing move_group process...
[PLANNED RESTART COMPLETE] New PID: 877937 | Ready in 11.500 s | Initial RSS: 168.53 MB
[3137/3720] 11bedroom_its-dark-in-here_015b3931_GT.json | label_only                 | Outcome: SAFE               | Leaves:  14744 | Clr: 123.242 mm | t_trial: 12.708 s
[3138/3720] 11bedroom_its-dark-in-here_015b3931_GT.json | label_only                 | Outcome: SAFE               | Leaves:  14744 | Clr: 121.289 mm | t_trial: 12.212 s
[3139/3720] 11bedroom_its-dark-in-here_015b3931_GT.json | combined_inherit           | Outcome: SAFE               | Leaves:  14777 | Clr: 118.945 mm | t_trial: 11.555 s
[3140/3720] 11bedroom_its-dark-in-here_015b3931_GT.json | combined_inherit           | Outcome: SAFE               | Leaves:  14777 | Clr: 120.508 mm | t_trial: 11.105 s
[3141/3720] 11bedroom_its-dark-in-here_015b3931_GT.json | combined_inherit           | Outcome: SAFE               | Leaves:  14777 | Clr: 117.969 mm | t_trial: 11.477 s
[3142/3720] 11bedroom_its-dark-in-here_015b3931_GT.json | information_bottleneck     | Outcome: SAFE               | Leaves:  28726 | Clr: 119.336 mm | t_trial: 11.339 s
[3143/3720] 11bedroom_its-dark-in-here_015b3931_GT.json | information_bottleneck     | Outcome: SAFE               | Leaves:  28726 | Clr: 121.484 mm | t_trial: 11.589 s
[3144/3720] 11bedroom_its-dark-in-here_015b3931_GT.json | information_bottleneck     | Outcome: SAFE               | Leaves:  28726 | Clr: 121.484 mm | t_trial: 12.318 s

[PLANNED RESTART] Trial count 3144: Triggering planned restart 393...
[PLANNED RESTART] Terminating existing move_group process...
[PLANNED RESTART COMPLETE] New PID: 879901 | Ready in 11.470 s | Initial RSS: 167.95 MB
[3145/3720] 11bedroom_its-dark-in-here_57cb09de_GT.json | identity                   | Outcome: SAFE               | Leaves:  29614 | Clr: 141.797 mm | t_trial: 13.140 s
[3146/3720] 11bedroom_its-dark-in-here_57cb09de_GT.json | identity                   | Outcome: SAFE               | Leaves:  29614 | Clr: 140.625 mm | t_trial: 12.742 s
[3147/3720] 11bedroom_its-dark-in-here_57cb09de_GT.json | identity                   | Outcome: SAFE               | Leaves:  29614 | Clr: 143.555 mm | t_trial: 12.201 s
[3148/3720] 11bedroom_its-dark-in-here_57cb09de_GT.json | label_radius               | Outcome: SAFE               | Leaves:  15079 | Clr: 144.141 mm | t_trial: 11.755 s
[3149/3720] 11bedroom_its-dark-in-here_57cb09de_GT.json | label_radius               | Outcome: SAFE               | Leaves:  15079 | Clr: 139.648 mm | t_trial: 11.083 s
[3150/3720] 11bedroom_its-dark-in-here_57cb09de_GT.json | label_radius               | Outcome: SAFE               | Leaves:  15079 | Clr: 139.453 mm | t_trial: 11.807 s
[3151/3720] 11bedroom_its-dark-in-here_57cb09de_GT.json | combined_quantile_adaptive | Outcome: SAFE               | Leaves:  14777 | Clr: 142.773 mm | t_trial: 11.121 s
[3152/3720] 11bedroom_its-dark-in-here_57cb09de_GT.json | combined_quantile_adaptive | Outcome: SAFE               | Leaves:  14777 | Clr: 141.992 mm | t_trial: 12.208 s

[PLANNED RESTART] Trial count 3152: Triggering planned restart 394...
[PLANNED RESTART] Terminating existing move_group process...
[PLANNED RESTART COMPLETE] New PID: 881855 | Ready in 11.489 s | Initial RSS: 168.53 MB
[3153/3720] 11bedroom_its-dark-in-here_57cb09de_GT.json | combined_quantile_adaptive | Outcome: SAFE               | Leaves:  14777 | Clr: 142.188 mm | t_trial: 12.887 s
[3154/3720] 11bedroom_its-dark-in-here_57cb09de_GT.json | affordance_inherit         | Outcome: SAFE               | Leaves:  14777 | Clr: 143.750 mm | t_trial: 12.225 s
[3155/3720] 11bedroom_its-dark-in-here_57cb09de_GT.json | affordance_inherit         | Outcome: SAFE               | Leaves:  14777 | Clr: 146.289 mm | t_trial: 11.624 s
[3156/3720] 11bedroom_its-dark-in-here_57cb09de_GT.json | affordance_inherit         | Outcome: SAFE               | Leaves:  14777 | Clr: 141.406 mm | t_trial: 11.588 s
[3157/3720] 11bedroom_its-dark-in-here_57cb09de_GT.json | label_inherit              | Outcome: SAFE               | Leaves:  14777 | Clr: 143.164 mm | t_trial: 11.086 s
[3158/3720] 11bedroom_its-dark-in-here_57cb09de_GT.json | label_inherit              | Outcome: SAFE               | Leaves:  14777 | Clr: 141.602 mm | t_trial: 11.823 s
[3159/3720] 11bedroom_its-dark-in-here_57cb09de_GT.json | label_inherit              | Outcome: SAFE               | Leaves:  14777 | Clr: 142.578 mm | t_trial: 11.592 s
[3160/3720] 11bedroom_its-dark-in-here_57cb09de_GT.json | label_only                 | Outcome: SAFE               | Leaves:  14744 | Clr: 140.234 mm | t_trial: 12.496 s

[PLANNED RESTART] Trial count 3160: Triggering planned restart 395...
[PLANNED RESTART] Terminating existing move_group process...
[PLANNED RESTART COMPLETE] New PID: 883822 | Ready in 11.485 s | Initial RSS: 168.55 MB
[3161/3720] 11bedroom_its-dark-in-here_57cb09de_GT.json | label_only                 | Outcome: SAFE               | Leaves:  14744 | Clr: 141.406 mm | t_trial: 12.847 s
[3162/3720] 11bedroom_its-dark-in-here_57cb09de_GT.json | label_only                 | Outcome: SAFE               | Leaves:  14744 | Clr: 147.461 mm | t_trial: 12.666 s
[3163/3720] 11bedroom_its-dark-in-here_57cb09de_GT.json | combined_inherit           | Outcome: SAFE               | Leaves:  14777 | Clr: 144.727 mm | t_trial: 12.080 s
[3164/3720] 11bedroom_its-dark-in-here_57cb09de_GT.json | combined_inherit           | Outcome: SAFE               | Leaves:  14777 | Clr: 146.094 mm | t_trial: 11.593 s
[3165/3720] 11bedroom_its-dark-in-here_57cb09de_GT.json | combined_inherit           | Outcome: SAFE               | Leaves:  14777 | Clr: 144.141 mm | t_trial: 11.742 s
[3166/3720] 11bedroom_its-dark-in-here_57cb09de_GT.json | information_bottleneck     | Outcome: SAFE               | Leaves:  28726 | Clr: 141.406 mm | t_trial: 11.810 s
[3167/3720] 11bedroom_its-dark-in-here_57cb09de_GT.json | information_bottleneck     | Outcome: SAFE               | Leaves:  28726 | Clr: 141.992 mm | t_trial: 11.613 s
[3168/3720] 11bedroom_its-dark-in-here_57cb09de_GT.json | information_bottleneck     | Outcome: SAFE               | Leaves:  28726 | Clr: 139.844 mm | t_trial: 12.364 s

[PLANNED RESTART] Trial count 3168: Triggering planned restart 396...
[PLANNED RESTART] Terminating existing move_group process...
[PLANNED RESTART COMPLETE] New PID: 885821 | Ready in 11.508 s | Initial RSS: 168.42 MB
[3169/3720] 11bedroom_its-dark-in-here_7c2e7afd_GT.json | identity                   | Outcome: SAFE               | Leaves:  29614 | Clr: 57.031 mm | t_trial: 13.047 s
[3170/3720] 11bedroom_its-dark-in-here_7c2e7afd_GT.json | identity                   | Outcome: SAFE               | Leaves:  29614 | Clr: 61.719 mm | t_trial: 12.006 s
[3171/3720] 11bedroom_its-dark-in-here_7c2e7afd_GT.json | identity                   | Outcome: SAFE               | Leaves:  29614 | Clr: 59.961 mm | t_trial: 11.965 s
[3172/3720] 11bedroom_its-dark-in-here_7c2e7afd_GT.json | label_radius               | Outcome: SAFE               | Leaves:  15079 | Clr: 60.938 mm | t_trial: 11.425 s
[3173/3720] 11bedroom_its-dark-in-here_7c2e7afd_GT.json | label_radius               | Outcome: SAFE               | Leaves:  15079 | Clr: 61.523 mm | t_trial: 11.498 s
[3174/3720] 11bedroom_its-dark-in-here_7c2e7afd_GT.json | label_radius               | Outcome: SAFE               | Leaves:  15079 | Clr: 56.250 mm | t_trial: 10.981 s
[3175/3720] 11bedroom_its-dark-in-here_7c2e7afd_GT.json | combined_quantile_adaptive | Outcome: SAFE               | Leaves:  14777 | Clr: 61.133 mm | t_trial: 11.795 s
[3176/3720] 11bedroom_its-dark-in-here_7c2e7afd_GT.json | combined_quantile_adaptive | Outcome: SAFE               | Leaves:  14777 | Clr: 60.547 mm | t_trial: 11.472 s

[PLANNED RESTART] Trial count 3176: Triggering planned restart 397...
[PLANNED RESTART] Terminating existing move_group process...
[PLANNED RESTART COMPLETE] New PID: 887765 | Ready in 11.969 s | Initial RSS: 168.71 MB
[3177/3720] 11bedroom_its-dark-in-here_7c2e7afd_GT.json | combined_quantile_adaptive | Outcome: SAFE               | Leaves:  14777 | Clr: 56.250 mm | t_trial: 12.541 s
[3178/3720] 11bedroom_its-dark-in-here_7c2e7afd_GT.json | affordance_inherit         | Outcome: SAFE               | Leaves:  14777 | Clr: 60.742 mm | t_trial: 12.054 s
[3179/3720] 11bedroom_its-dark-in-here_7c2e7afd_GT.json | affordance_inherit         | Outcome: SAFE               | Leaves:  14777 | Clr: 62.695 mm | t_trial: 12.177 s
[3180/3720] 11bedroom_its-dark-in-here_7c2e7afd_GT.json | affordance_inherit         | Outcome: SAFE               | Leaves:  14777 | Clr: 59.766 mm | t_trial: 10.867 s
[3181/3720] 11bedroom_its-dark-in-here_7c2e7afd_GT.json | label_inherit              | Outcome: SAFE               | Leaves:  14777 | Clr: 57.812 mm | t_trial: 10.894 s
[3182/3720] 11bedroom_its-dark-in-here_7c2e7afd_GT.json | label_inherit              | Outcome: SAFE               | Leaves:  14777 | Clr: 55.078 mm | t_trial: 11.591 s
[3183/3720] 11bedroom_its-dark-in-here_7c2e7afd_GT.json | label_inherit              | Outcome: SAFE               | Leaves:  14777 | Clr: 59.961 mm | t_trial: 10.946 s
[3184/3720] 11bedroom_its-dark-in-here_7c2e7afd_GT.json | label_only                 | Outcome: SAFE               | Leaves:  14744 | Clr: 59.766 mm | t_trial: 11.226 s

[PLANNED RESTART] Trial count 3184: Triggering planned restart 398...
[PLANNED RESTART] Terminating existing move_group process...
[PLANNED RESTART COMPLETE] New PID: 889700 | Ready in 11.479 s | Initial RSS: 168.18 MB
[3185/3720] 11bedroom_its-dark-in-here_7c2e7afd_GT.json | label_only                 | Outcome: SAFE               | Leaves:  14744 | Clr: 60.938 mm | t_trial: 12.859 s
[3186/3720] 11bedroom_its-dark-in-here_7c2e7afd_GT.json | label_only                 | Outcome: SAFE               | Leaves:  14744 | Clr: 58.203 mm | t_trial: 11.750 s
[3187/3720] 11bedroom_its-dark-in-here_7c2e7afd_GT.json | combined_inherit           | Outcome: SAFE               | Leaves:  14777 | Clr: 55.859 mm | t_trial: 11.882 s
[3188/3720] 11bedroom_its-dark-in-here_7c2e7afd_GT.json | combined_inherit           | Outcome: SAFE               | Leaves:  14777 | Clr: 61.523 mm | t_trial: 11.433 s
[3189/3720] 11bedroom_its-dark-in-here_7c2e7afd_GT.json | combined_inherit           | Outcome: SAFE               | Leaves:  14777 | Clr: 59.961 mm | t_trial: 11.459 s
[3190/3720] 11bedroom_its-dark-in-here_7c2e7afd_GT.json | information_bottleneck     | Outcome: SAFE               | Leaves:  28726 | Clr: 62.109 mm | t_trial: 11.522 s
[3191/3720] 11bedroom_its-dark-in-here_7c2e7afd_GT.json | information_bottleneck     | Outcome: SAFE               | Leaves:  28726 | Clr: 56.055 mm | t_trial: 11.073 s
[3192/3720] 11bedroom_its-dark-in-here_7c2e7afd_GT.json | information_bottleneck     | Outcome: SAFE               | Leaves:  28726 | Clr: 62.109 mm | t_trial: 12.100 s

[PLANNED RESTART] Trial count 3192: Triggering planned restart 399...
[PLANNED RESTART] Terminating existing move_group process...
[PLANNED RESTART COMPLETE] New PID: 891628 | Ready in 11.477 s | Initial RSS: 168.66 MB
[3193/3720] 11bedroom_someone-is-knocking-at-the-door_GT.json | identity                   | Outcome: SAFE               | Leaves:  29614 | Clr: 107.422 mm | t_trial: 12.925 s
[3194/3720] 11bedroom_someone-is-knocking-at-the-door_GT.json | identity                   | Outcome: SAFE               | Leaves:  29614 | Clr: 105.859 mm | t_trial: 12.258 s
[3195/3720] 11bedroom_someone-is-knocking-at-the-door_GT.json | identity                   | Outcome: SAFE               | Leaves:  29614 | Clr: 108.398 mm | t_trial: 11.823 s
[3196/3720] 11bedroom_someone-is-knocking-at-the-door_GT.json | label_radius               | Outcome: SAFE               | Leaves:  15079 | Clr: 111.328 mm | t_trial: 11.719 s
[3197/3720] 11bedroom_someone-is-knocking-at-the-door_GT.json | label_radius               | Outcome: SAFE               | Leaves:  15079 | Clr: 108.008 mm | t_trial: 11.674 s
[3198/3720] 11bedroom_someone-is-knocking-at-the-door_GT.json | label_radius               | Outcome: SAFE               | Leaves:  15079 | Clr: 109.375 mm | t_trial: 11.896 s
[3199/3720] 11bedroom_someone-is-knocking-at-the-door_GT.json | combined_quantile_adaptive | Outcome: SAFE               | Leaves:  14777 | Clr: 108.008 mm | t_trial: 11.167 s
[3200/3720] 11bedroom_someone-is-knocking-at-the-door_GT.json | combined_quantile_adaptive | Outcome: SAFE               | Leaves:  14777 | Clr: 108.008 mm | t_trial: 12.091 s

[PLANNED RESTART] Trial count 3200: Triggering planned restart 400...
[PLANNED RESTART] Terminating existing move_group process...
[PLANNED RESTART COMPLETE] New PID: 893603 | Ready in 12.107 s | Initial RSS: 168.36 MB
[3201/3720] 11bedroom_someone-is-knocking-at-the-door_GT.json | combined_quantile_adaptive | Outcome: SAFE               | Leaves:  14777 | Clr: 108.398 mm | t_trial: 12.617 s
[3202/3720] 11bedroom_someone-is-knocking-at-the-door_GT.json | affordance_inherit         | Outcome: SAFE               | Leaves:    559 | Clr: 106.055 mm | t_trial: 12.557 s
[3203/3720] 11bedroom_someone-is-knocking-at-the-door_GT.json | affordance_inherit         | Outcome: SAFE               | Leaves:    559 | Clr: 105.469 mm | t_trial: 12.088 s
[3204/3720] 11bedroom_someone-is-knocking-at-the-door_GT.json | affordance_inherit         | Outcome: SAFE               | Leaves:    559 | Clr: 108.008 mm | t_trial: 11.645 s
[3205/3720] 11bedroom_someone-is-knocking-at-the-door_GT.json | label_inherit              | Outcome: SAFE               | Leaves:  14777 | Clr: 107.422 mm | t_trial: 11.660 s
[3206/3720] 11bedroom_someone-is-knocking-at-the-door_GT.json | label_inherit              | Outcome: SAFE               | Leaves:  14777 | Clr: 109.766 mm | t_trial: 11.352 s
[3207/3720] 11bedroom_someone-is-knocking-at-the-door_GT.json | label_inherit              | Outcome: SAFE               | Leaves:  14777 | Clr: 106.055 mm | t_trial: 11.697 s
[3208/3720] 11bedroom_someone-is-knocking-at-the-door_GT.json | label_only                 | Outcome: SAFE               | Leaves:  14744 | Clr: 108.008 mm | t_trial: 11.496 s

[PLANNED RESTART] Trial count 3208: Triggering planned restart 401...
[PLANNED RESTART] Terminating existing move_group process...
[PLANNED RESTART COMPLETE] New PID: 895572 | Ready in 11.500 s | Initial RSS: 168.58 MB
[3209/3720] 11bedroom_someone-is-knocking-at-the-door_GT.json | label_only                 | Outcome: SAFE               | Leaves:  14744 | Clr: 104.492 mm | t_trial: 12.773 s
[3210/3720] 11bedroom_someone-is-knocking-at-the-door_GT.json | label_only                 | Outcome: SAFE               | Leaves:  14744 | Clr: 108.398 mm | t_trial: 11.752 s
[3211/3720] 11bedroom_someone-is-knocking-at-the-door_GT.json | combined_inherit           | Outcome: SAFE               | Leaves:  14777 | Clr: 109.375 mm | t_trial: 12.276 s
[3212/3720] 11bedroom_someone-is-knocking-at-the-door_GT.json | combined_inherit           | Outcome: SAFE               | Leaves:  14777 | Clr: 108.789 mm | t_trial: 11.214 s
[3213/3720] 11bedroom_someone-is-knocking-at-the-door_GT.json | combined_inherit           | Outcome: SAFE               | Leaves:  14777 | Clr: 107.227 mm | t_trial: 11.703 s
[3214/3720] 11bedroom_someone-is-knocking-at-the-door_GT.json | information_bottleneck     | Outcome: SAFE               | Leaves:  14777 | Clr: 106.836 mm | t_trial: 11.827 s
[3215/3720] 11bedroom_someone-is-knocking-at-the-door_GT.json | information_bottleneck     | Outcome: SAFE               | Leaves:  14777 | Clr: 110.547 mm | t_trial: 11.742 s
[3216/3720] 11bedroom_someone-is-knocking-at-the-door_GT.json | information_bottleneck     | Outcome: SAFE               | Leaves:  14777 | Clr: 105.469 mm | t_trial: 12.023 s

[PLANNED RESTART] Trial count 3216: Triggering planned restart 402...
[PLANNED RESTART] Terminating existing move_group process...
[PLANNED RESTART COMPLETE] New PID: 897547 | Ready in 11.475 s | Initial RSS: 168.59 MB
[3217/3720] 11bedroom_there-is-smoke-in-the-room_GT.json | identity                   | Outcome: SAFE               | Leaves:  29614 | Clr: 171.875 mm | t_trial: 13.196 s
[3218/3720] 11bedroom_there-is-smoke-in-the-room_GT.json | identity                   | Outcome: SAFE               | Leaves:  29614 | Clr: 174.805 mm | t_trial: 12.798 s
[3219/3720] 11bedroom_there-is-smoke-in-the-room_GT.json | identity                   | Outcome: SAFE               | Leaves:  29614 | Clr: 175.977 mm | t_trial: 12.267 s
[3220/3720] 11bedroom_there-is-smoke-in-the-room_GT.json | label_radius               | Outcome: SAFE               | Leaves:  12047 | Clr: 172.461 mm | t_trial: 11.643 s
[3221/3720] 11bedroom_there-is-smoke-in-the-room_GT.json | label_radius               | Outcome: SAFE               | Leaves:  12047 | Clr: 175.000 mm | t_trial: 11.619 s
[3222/3720] 11bedroom_there-is-smoke-in-the-room_GT.json | label_radius               | Outcome: SAFE               | Leaves:  12047 | Clr: 173.828 mm | t_trial: 11.416 s
[3223/3720] 11bedroom_there-is-smoke-in-the-room_GT.json | combined_quantile_adaptive | Outcome: SAFE               | Leaves:  12047 | Clr: 175.977 mm | t_trial: 11.185 s
[3224/3720] 11bedroom_there-is-smoke-in-the-room_GT.json | combined_quantile_adaptive | Outcome: SAFE               | Leaves:  12047 | Clr: 175.781 mm | t_trial: 11.590 s

[PLANNED RESTART] Trial count 3224: Triggering planned restart 403...
[PLANNED RESTART] Terminating existing move_group process...
[PLANNED RESTART COMPLETE] New PID: 899522 | Ready in 11.506 s | Initial RSS: 167.43 MB
[3225/3720] 11bedroom_there-is-smoke-in-the-room_GT.json | combined_quantile_adaptive | Outcome: SAFE               | Leaves:  12047 | Clr: 175.195 mm | t_trial: 13.044 s
[3226/3720] 11bedroom_there-is-smoke-in-the-room_GT.json | affordance_inherit         | Outcome: SAFE               | Leaves:    978 | Clr: 174.805 mm | t_trial: 12.273 s
[3227/3720] 11bedroom_there-is-smoke-in-the-room_GT.json | affordance_inherit         | Outcome: SAFE               | Leaves:    978 | Clr: 177.148 mm | t_trial: 12.061 s
[3228/3720] 11bedroom_there-is-smoke-in-the-room_GT.json | affordance_inherit         | Outcome: SAFE               | Leaves:    978 | Clr: 175.391 mm | t_trial: 11.571 s
[3229/3720] 11bedroom_there-is-smoke-in-the-room_GT.json | label_inherit              | Outcome: SAFE               | Leaves:  12047 | Clr: 171.680 mm | t_trial: 11.564 s
[3230/3720] 11bedroom_there-is-smoke-in-the-room_GT.json | label_inherit              | Outcome: SAFE               | Leaves:  12047 | Clr: 175.000 mm | t_trial: 11.296 s
[3231/3720] 11bedroom_there-is-smoke-in-the-room_GT.json | label_inherit              | Outcome: SAFE               | Leaves:  12047 | Clr: 172.461 mm | t_trial: 11.702 s
[3232/3720] 11bedroom_there-is-smoke-in-the-room_GT.json | label_only                 | Outcome: SAFE               | Leaves:  11971 | Clr: 175.781 mm | t_trial: 11.829 s

[PLANNED RESTART] Trial count 3232: Triggering planned restart 404...
[PLANNED RESTART] Terminating existing move_group process...
[PLANNED RESTART COMPLETE] New PID: 901478 | Ready in 11.478 s | Initial RSS: 168.48 MB
[3233/3720] 11bedroom_there-is-smoke-in-the-room_GT.json | label_only                 | Outcome: SAFE               | Leaves:  11971 | Clr: 172.656 mm | t_trial: 12.802 s
[3234/3720] 11bedroom_there-is-smoke-in-the-room_GT.json | label_only                 | Outcome: SAFE               | Leaves:  11971 | Clr: 172.852 mm | t_trial: 12.659 s
[3235/3720] 11bedroom_there-is-smoke-in-the-room_GT.json | combined_inherit           | Outcome: SAFE               | Leaves:  12047 | Clr: 174.023 mm | t_trial: 11.683 s
[3236/3720] 11bedroom_there-is-smoke-in-the-room_GT.json | combined_inherit           | Outcome: SAFE               | Leaves:  12047 | Clr: 174.609 mm | t_trial: 11.671 s
[3237/3720] 11bedroom_there-is-smoke-in-the-room_GT.json | combined_inherit           | Outcome: SAFE               | Leaves:  12047 | Clr: 176.758 mm | t_trial: 11.628 s
[3238/3720] 11bedroom_there-is-smoke-in-the-room_GT.json | information_bottleneck     | Outcome: SAFE               | Leaves:  11971 | Clr: 173.633 mm | t_trial: 11.859 s
[3239/3720] 11bedroom_there-is-smoke-in-the-room_GT.json | information_bottleneck     | Outcome: SAFE               | Leaves:  11971 | Clr: 171.875 mm | t_trial: 11.597 s
[3240/3720] 11bedroom_there-is-smoke-in-the-room_GT.json | information_bottleneck     | Outcome: SAFE               | Leaves:  11971 | Clr: 171.484 mm | t_trial: 12.305 s

[PLANNED RESTART] Trial count 3240: Triggering planned restart 405...
[PLANNED RESTART] Terminating existing move_group process...
[PLANNED RESTART COMPLETE] New PID: 903445 | Ready in 11.465 s | Initial RSS: 168.80 MB
[3241/3720] 12kitchen_open-the-door_GT.json     | identity                   | Outcome: SAFE               | Leaves:  93794 | Clr: 175.586 mm | t_trial: 13.757 s
[3242/3720] 12kitchen_open-the-door_GT.json     | identity                   | Outcome: SAFE               | Leaves:  93794 | Clr: 175.000 mm | t_trial: 12.569 s
[3243/3720] 12kitchen_open-the-door_GT.json     | identity                   | Outcome: SAFE               | Leaves:  93794 | Clr: 174.805 mm | t_trial: 12.237 s
[3244/3720] 12kitchen_open-the-door_GT.json     | label_radius               | Outcome: SAFE               | Leaves:  12548 | Clr: 175.391 mm | t_trial: 11.327 s
[3245/3720] 12kitchen_open-the-door_GT.json     | label_radius               | Outcome: SAFE               | Leaves:  12548 | Clr: 173.047 mm | t_trial: 11.824 s
[3246/3720] 12kitchen_open-the-door_GT.json     | label_radius               | Outcome: SAFE               | Leaves:  12548 | Clr: 174.219 mm | t_trial: 11.812 s
[3247/3720] 12kitchen_open-the-door_GT.json     | combined_quantile_adaptive | Outcome: SAFE               | Leaves:  12328 | Clr: 174.414 mm | t_trial: 12.148 s
[3248/3720] 12kitchen_open-the-door_GT.json     | combined_quantile_adaptive | Outcome: SAFE               | Leaves:  12328 | Clr: 176.172 mm | t_trial: 11.687 s

[PLANNED RESTART] Trial count 3248: Triggering planned restart 406...
[PLANNED RESTART] Terminating existing move_group process...
[PLANNED RESTART COMPLETE] New PID: 905455 | Ready in 11.501 s | Initial RSS: 168.61 MB
[3249/3720] 12kitchen_open-the-door_GT.json     | combined_quantile_adaptive | Outcome: SAFE               | Leaves:  12328 | Clr: 173.438 mm | t_trial: 13.303 s
[3250/3720] 12kitchen_open-the-door_GT.json     | affordance_inherit         | Outcome: SAFE               | Leaves:  67456 | Clr: 175.000 mm | t_trial: 12.863 s
[3251/3720] 12kitchen_open-the-door_GT.json     | affordance_inherit         | Outcome: SAFE               | Leaves:  67456 | Clr: 173.828 mm | t_trial: 12.523 s
[3252/3720] 12kitchen_open-the-door_GT.json     | affordance_inherit         | Outcome: SAFE               | Leaves:  67456 | Clr: 175.000 mm | t_trial: 11.572 s
[3253/3720] 12kitchen_open-the-door_GT.json     | label_inherit              | Outcome: SAFE               | Leaves:  12328 | Clr: 175.000 mm | t_trial: 11.344 s
[3254/3720] 12kitchen_open-the-door_GT.json     | label_inherit              | Outcome: SAFE               | Leaves:  12328 | Clr: 175.586 mm | t_trial: 11.894 s
[3255/3720] 12kitchen_open-the-door_GT.json     | label_inherit              | Outcome: SAFE               | Leaves:  12328 | Clr: 175.586 mm | t_trial: 11.816 s
[3256/3720] 12kitchen_open-the-door_GT.json     | label_only                 | Outcome: SAFE               | Leaves:  12303 | Clr: 175.391 mm | t_trial: 12.725 s

[PLANNED RESTART] Trial count 3256: Triggering planned restart 407...
[PLANNED RESTART] Terminating existing move_group process...
[PLANNED RESTART COMPLETE] New PID: 907467 | Ready in 11.460 s | Initial RSS: 168.73 MB
[3257/3720] 12kitchen_open-the-door_GT.json     | label_only                 | Outcome: SAFE               | Leaves:  12303 | Clr: 173.828 mm | t_trial: 12.949 s
[3258/3720] 12kitchen_open-the-door_GT.json     | label_only                 | Outcome: SAFE               | Leaves:  12303 | Clr: 174.805 mm | t_trial: 11.961 s
[3259/3720] 12kitchen_open-the-door_GT.json     | combined_inherit           | Outcome: SAFE               | Leaves:  79784 | Clr: 174.023 mm | t_trial: 12.737 s
[3260/3720] 12kitchen_open-the-door_GT.json     | combined_inherit           | Outcome: SAFE               | Leaves:  79784 | Clr: 174.414 mm | t_trial: 12.053 s
[3261/3720] 12kitchen_open-the-door_GT.json     | combined_inherit           | Outcome: SAFE               | Leaves:  79784 | Clr: 175.781 mm | t_trial: 11.938 s
[3262/3720] 12kitchen_open-the-door_GT.json     | information_bottleneck     | Outcome: SAFE               | Leaves:      0 | Clr: 174.609 mm | t_trial: 11.934 s
[3263/3720] 12kitchen_open-the-door_GT.json     | information_bottleneck     | Outcome: SAFE               | Leaves:      0 | Clr: 173.828 mm | t_trial: 11.754 s
[3264/3720] 12kitchen_open-the-door_GT.json     | information_bottleneck     | Outcome: SAFE               | Leaves:      0 | Clr: 174.023 mm | t_trial: 12.179 s

[PLANNED RESTART] Trial count 3264: Triggering planned restart 408...
[PLANNED RESTART] Terminating existing move_group process...
[PLANNED RESTART COMPLETE] New PID: 909481 | Ready in 11.472 s | Initial RSS: 168.96 MB
[3265/3720] 12kitchen_open-the-fridge_GT.json   | identity                   | Outcome: SAFE               | Leaves:  93794 | Clr: 168.359 mm | t_trial: 14.182 s
[3266/3720] 12kitchen_open-the-fridge_GT.json   | identity                   | Outcome: SAFE               | Leaves:  93794 | Clr: 167.383 mm | t_trial: 12.588 s
[3267/3720] 12kitchen_open-the-fridge_GT.json   | identity                   | Outcome: SAFE               | Leaves:  93794 | Clr: 168.555 mm | t_trial: 12.703 s
[3268/3720] 12kitchen_open-the-fridge_GT.json   | label_radius               | Outcome: SAFE               | Leaves:  20918 | Clr: 166.211 mm | t_trial: 12.086 s
[3269/3720] 12kitchen_open-the-fridge_GT.json   | label_radius               | Outcome: SAFE               | Leaves:  20918 | Clr: 168.164 mm | t_trial: 11.931 s
[3270/3720] 12kitchen_open-the-fridge_GT.json   | label_radius               | Outcome: SAFE               | Leaves:  20918 | Clr: 167.578 mm | t_trial: 12.178 s
[3271/3720] 12kitchen_open-the-fridge_GT.json   | combined_quantile_adaptive | Outcome: SAFE               | Leaves:  20403 | Clr: 168.164 mm | t_trial: 11.899 s
[3272/3720] 12kitchen_open-the-fridge_GT.json   | combined_quantile_adaptive | Outcome: SAFE               | Leaves:  20403 | Clr: 170.898 mm | t_trial: 12.547 s

[PLANNED RESTART] Trial count 3272: Triggering planned restart 409...
[PLANNED RESTART] Terminating existing move_group process...
[PLANNED RESTART COMPLETE] New PID: 911515 | Ready in 11.529 s | Initial RSS: 169.03 MB
[3273/3720] 12kitchen_open-the-fridge_GT.json   | combined_quantile_adaptive | Outcome: SAFE               | Leaves:  20403 | Clr: 168.359 mm | t_trial: 13.218 s
[3274/3720] 12kitchen_open-the-fridge_GT.json   | affordance_inherit         | Outcome: BELIEF_PLAN_FAILED | Leaves:   8100 | Clr: N/A       | t_trial: 0.491 s
[3275/3720] 12kitchen_open-the-fridge_GT.json   | affordance_inherit         | Outcome: BELIEF_PLAN_FAILED | Leaves:   8100 | Clr: N/A       | t_trial: 0.068 s
[3276/3720] 12kitchen_open-the-fridge_GT.json   | affordance_inherit         | Outcome: BELIEF_PLAN_FAILED | Leaves:   8100 | Clr: N/A       | t_trial: 0.058 s
[3277/3720] 12kitchen_open-the-fridge_GT.json   | label_inherit              | Outcome: SAFE               | Leaves:  20403 | Clr: 167.578 mm | t_trial: 12.502 s
[3278/3720] 12kitchen_open-the-fridge_GT.json   | label_inherit              | Outcome: SAFE               | Leaves:  20403 | Clr: 169.141 mm | t_trial: 12.378 s
[3279/3720] 12kitchen_open-the-fridge_GT.json   | label_inherit              | Outcome: SAFE               | Leaves:  20403 | Clr: 168.164 mm | t_trial: 12.020 s
[3280/3720] 12kitchen_open-the-fridge_GT.json   | label_only                 | Outcome: SAFE               | Leaves:  20310 | Clr: 169.922 mm | t_trial: 11.998 s

[PLANNED RESTART] Trial count 3280: Triggering planned restart 410...
[PLANNED RESTART] Terminating existing move_group process...
[PLANNED RESTART COMPLETE] New PID: 912925 | Ready in 10.973 s | Initial RSS: 168.24 MB
[3281/3720] 12kitchen_open-the-fridge_GT.json   | label_only                 | Outcome: SAFE               | Leaves:  20310 | Clr: 168.945 mm | t_trial: 13.228 s
[3282/3720] 12kitchen_open-the-fridge_GT.json   | label_only                 | Outcome: SAFE               | Leaves:  20310 | Clr: 169.922 mm | t_trial: 12.438 s
[3283/3720] 12kitchen_open-the-fridge_GT.json   | combined_inherit           | Outcome: SAFE               | Leaves:  20403 | Clr: 168.555 mm | t_trial: 12.484 s
[3284/3720] 12kitchen_open-the-fridge_GT.json   | combined_inherit           | Outcome: SAFE               | Leaves:  20403 | Clr: 165.039 mm | t_trial: 12.104 s
[3285/3720] 12kitchen_open-the-fridge_GT.json   | combined_inherit           | Outcome: SAFE               | Leaves:  20403 | Clr: 166.406 mm | t_trial: 11.914 s
[3286/3720] 12kitchen_open-the-fridge_GT.json   | information_bottleneck     | Outcome: SAFE               | Leaves:  79816 | Clr: 166.992 mm | t_trial: 12.399 s
[3287/3720] 12kitchen_open-the-fridge_GT.json   | information_bottleneck     | Outcome: SAFE               | Leaves:  79816 | Clr: 168.359 mm | t_trial: 12.168 s
[3288/3720] 12kitchen_open-the-fridge_GT.json   | information_bottleneck     | Outcome: SAFE               | Leaves:  79816 | Clr: 167.773 mm | t_trial: 13.147 s

[PLANNED RESTART] Trial count 3288: Triggering planned restart 411...
[PLANNED RESTART] Terminating existing move_group process...
[PLANNED RESTART COMPLETE] New PID: 914966 | Ready in 11.474 s | Initial RSS: 168.77 MB
[3289/3720] 12kitchen_open-the-kitchen-cabinet_1df7ab42_GT.json | identity                   | Outcome: SAFE               | Leaves:  93794 | Clr: 124.609 mm | t_trial: 13.359 s
[3290/3720] 12kitchen_open-the-kitchen-cabinet_1df7ab42_GT.json | identity                   | Outcome: SAFE               | Leaves:  93794 | Clr: 125.586 mm | t_trial: 12.926 s
[3291/3720] 12kitchen_open-the-kitchen-cabinet_1df7ab42_GT.json | identity                   | Outcome: SAFE               | Leaves:  93794 | Clr: 125.781 mm | t_trial: 12.099 s
[3292/3720] 12kitchen_open-the-kitchen-cabinet_1df7ab42_GT.json | label_radius               | Outcome: SAFE               | Leaves:  69715 | Clr: 125.781 mm | t_trial: 11.587 s
[3293/3720] 12kitchen_open-the-kitchen-cabinet_1df7ab42_GT.json | label_radius               | Outcome: SAFE               | Leaves:  69715 | Clr: 122.266 mm | t_trial: 12.171 s
[3294/3720] 12kitchen_open-the-kitchen-cabinet_1df7ab42_GT.json | label_radius               | Outcome: SAFE               | Leaves:  69715 | Clr: 122.266 mm | t_trial: 12.090 s
[3295/3720] 12kitchen_open-the-kitchen-cabinet_1df7ab42_GT.json | combined_quantile_adaptive | Outcome: SAFE               | Leaves:  22884 | Clr: 124.023 mm | t_trial: 11.977 s
[3296/3720] 12kitchen_open-the-kitchen-cabinet_1df7ab42_GT.json | combined_quantile_adaptive | Outcome: SAFE               | Leaves:  22884 | Clr: 128.906 mm | t_trial: 12.674 s

[PLANNED RESTART] Trial count 3296: Triggering planned restart 412...
[PLANNED RESTART] Terminating existing move_group process...
[PLANNED RESTART COMPLETE] New PID: 916968 | Ready in 11.487 s | Initial RSS: 168.26 MB
[3297/3720] 12kitchen_open-the-kitchen-cabinet_1df7ab42_GT.json | combined_quantile_adaptive | Outcome: SAFE               | Leaves:  22884 | Clr: 124.805 mm | t_trial: 12.987 s
[3298/3720] 12kitchen_open-the-kitchen-cabinet_1df7ab42_GT.json | affordance_inherit         | Outcome: SAFE               | Leaves:   8100 | Clr: 124.023 mm | t_trial: 12.465 s
[3299/3720] 12kitchen_open-the-kitchen-cabinet_1df7ab42_GT.json | affordance_inherit         | Outcome: SAFE               | Leaves:   8100 | Clr: 125.977 mm | t_trial: 12.497 s
[3300/3720] 12kitchen_open-the-kitchen-cabinet_1df7ab42_GT.json | affordance_inherit         | Outcome: SAFE               | Leaves:   8100 | Clr: 124.805 mm | t_trial: 11.917 s
[3301/3720] 12kitchen_open-the-kitchen-cabinet_1df7ab42_GT.json | label_inherit              | Outcome: SAFE               | Leaves:  60938 | Clr: 126.953 mm | t_trial: 12.161 s
[3302/3720] 12kitchen_open-the-kitchen-cabinet_1df7ab42_GT.json | label_inherit              | Outcome: SAFE               | Leaves:  60938 | Clr: 122.461 mm | t_trial: 12.191 s
[3303/3720] 12kitchen_open-the-kitchen-cabinet_1df7ab42_GT.json | label_inherit              | Outcome: SAFE               | Leaves:  60938 | Clr: 124.023 mm | t_trial: 11.761 s
[3304/3720] 12kitchen_open-the-kitchen-cabinet_1df7ab42_GT.json | label_only                 | Outcome: SAFE               | Leaves:  60031 | Clr: 125.781 mm | t_trial: 11.800 s

[PLANNED RESTART] Trial count 3304: Triggering planned restart 413...
[PLANNED RESTART] Terminating existing move_group process...
[PLANNED RESTART COMPLETE] New PID: 918970 | Ready in 11.466 s | Initial RSS: 168.16 MB
[3305/3720] 12kitchen_open-the-kitchen-cabinet_1df7ab42_GT.json | label_only                 | Outcome: SAFE               | Leaves:  60031 | Clr: 125.781 mm | t_trial: 13.499 s
[3306/3720] 12kitchen_open-the-kitchen-cabinet_1df7ab42_GT.json | label_only                 | Outcome: SAFE               | Leaves:  60031 | Clr: 121.680 mm | t_trial: 12.826 s
[3307/3720] 12kitchen_open-the-kitchen-cabinet_1df7ab42_GT.json | combined_inherit           | Outcome: SAFE               | Leaves:  60938 | Clr: 125.586 mm | t_trial: 12.471 s
[3308/3720] 12kitchen_open-the-kitchen-cabinet_1df7ab42_GT.json | combined_inherit           | Outcome: SAFE               | Leaves:  60938 | Clr: 122.852 mm | t_trial: 12.130 s
[3309/3720] 12kitchen_open-the-kitchen-cabinet_1df7ab42_GT.json | combined_inherit           | Outcome: SAFE               | Leaves:  60938 | Clr: 122.656 mm | t_trial: 11.913 s
[3310/3720] 12kitchen_open-the-kitchen-cabinet_1df7ab42_GT.json | information_bottleneck     | Outcome: SAFE               | Leaves:  61282 | Clr: 122.266 mm | t_trial: 12.240 s
[3311/3720] 12kitchen_open-the-kitchen-cabinet_1df7ab42_GT.json | information_bottleneck     | Outcome: SAFE               | Leaves:  61282 | Clr: 125.586 mm | t_trial: 11.478 s
[3312/3720] 12kitchen_open-the-kitchen-cabinet_1df7ab42_GT.json | information_bottleneck     | Outcome: SAFE               | Leaves:  61282 | Clr: 128.320 mm | t_trial: 12.139 s

[PLANNED RESTART] Trial count 3312: Triggering planned restart 414...
[PLANNED RESTART] Terminating existing move_group process...
[PLANNED RESTART COMPLETE] New PID: 920998 | Ready in 11.478 s | Initial RSS: 168.45 MB
[3313/3720] 12kitchen_open-the-kitchen-cabinet_8dda16d0_GT.json | identity                   | Outcome: SAFE               | Leaves:  93794 | Clr: 70.312 mm | t_trial: 12.918 s
[3314/3720] 12kitchen_open-the-kitchen-cabinet_8dda16d0_GT.json | identity                   | Outcome: SAFE               | Leaves:  93794 | Clr: 70.312 mm | t_trial: 12.065 s
[3315/3720] 12kitchen_open-the-kitchen-cabinet_8dda16d0_GT.json | identity                   | Outcome: SAFE               | Leaves:  93794 | Clr: 70.312 mm | t_trial: 12.235 s
[3316/3720] 12kitchen_open-the-kitchen-cabinet_8dda16d0_GT.json | label_radius               | Outcome: SAFE               | Leaves:  69715 | Clr: 70.312 mm | t_trial: 11.490 s
[3317/3720] 12kitchen_open-the-kitchen-cabinet_8dda16d0_GT.json | label_radius               | Outcome: SAFE               | Leaves:  69715 | Clr: 70.312 mm | t_trial: 11.463 s
[3318/3720] 12kitchen_open-the-kitchen-cabinet_8dda16d0_GT.json | label_radius               | Outcome: SAFE               | Leaves:  69715 | Clr: 70.312 mm | t_trial: 11.209 s
[3319/3720] 12kitchen_open-the-kitchen-cabinet_8dda16d0_GT.json | combined_quantile_adaptive | Outcome: SAFE               | Leaves:  22884 | Clr: 70.312 mm | t_trial: 11.384 s
[3320/3720] 12kitchen_open-the-kitchen-cabinet_8dda16d0_GT.json | combined_quantile_adaptive | Outcome: SAFE               | Leaves:  22884 | Clr: 70.312 mm | t_trial: 11.760 s

[PLANNED RESTART] Trial count 3320: Triggering planned restart 415...
[PLANNED RESTART] Terminating existing move_group process...
[PLANNED RESTART COMPLETE] New PID: 922952 | Ready in 11.522 s | Initial RSS: 168.27 MB
[3321/3720] 12kitchen_open-the-kitchen-cabinet_8dda16d0_GT.json | combined_quantile_adaptive | Outcome: SAFE               | Leaves:  22884 | Clr: 70.312 mm | t_trial: 12.714 s
[3322/3720] 12kitchen_open-the-kitchen-cabinet_8dda16d0_GT.json | affordance_inherit         | Outcome: SAFE               | Leaves:   8100 | Clr: 70.312 mm | t_trial: 12.129 s
[3323/3720] 12kitchen_open-the-kitchen-cabinet_8dda16d0_GT.json | affordance_inherit         | Outcome: SAFE               | Leaves:   8100 | Clr: 70.312 mm | t_trial: 11.380 s
[3324/3720] 12kitchen_open-the-kitchen-cabinet_8dda16d0_GT.json | affordance_inherit         | Outcome: SAFE               | Leaves:   8100 | Clr: 70.312 mm | t_trial: 11.340 s
[3325/3720] 12kitchen_open-the-kitchen-cabinet_8dda16d0_GT.json | label_inherit              | Outcome: SAFE               | Leaves:  60938 | Clr: 70.312 mm | t_trial: 11.456 s
[3326/3720] 12kitchen_open-the-kitchen-cabinet_8dda16d0_GT.json | label_inherit              | Outcome: SAFE               | Leaves:  60938 | Clr: 70.312 mm | t_trial: 11.653 s
[3327/3720] 12kitchen_open-the-kitchen-cabinet_8dda16d0_GT.json | label_inherit              | Outcome: SAFE               | Leaves:  60938 | Clr: 70.312 mm | t_trial: 11.455 s
[3328/3720] 12kitchen_open-the-kitchen-cabinet_8dda16d0_GT.json | label_only                 | Outcome: SAFE               | Leaves:  60031 | Clr: 70.312 mm | t_trial: 11.825 s

[PLANNED RESTART] Trial count 3328: Triggering planned restart 416...
[PLANNED RESTART] Terminating existing move_group process...
[PLANNED RESTART COMPLETE] New PID: 924906 | Ready in 11.469 s | Initial RSS: 168.75 MB
[3329/3720] 12kitchen_open-the-kitchen-cabinet_8dda16d0_GT.json | label_only                 | Outcome: SAFE               | Leaves:  60031 | Clr: 70.312 mm | t_trial: 12.559 s
[3330/3720] 12kitchen_open-the-kitchen-cabinet_8dda16d0_GT.json | label_only                 | Outcome: SAFE               | Leaves:  60031 | Clr: 70.312 mm | t_trial: 11.951 s
[3331/3720] 12kitchen_open-the-kitchen-cabinet_8dda16d0_GT.json | combined_inherit           | Outcome: SAFE               | Leaves:  60938 | Clr: 70.312 mm | t_trial: 11.989 s
[3332/3720] 12kitchen_open-the-kitchen-cabinet_8dda16d0_GT.json | combined_inherit           | Outcome: SAFE               | Leaves:  60938 | Clr: 70.312 mm | t_trial: 10.980 s
[3333/3720] 12kitchen_open-the-kitchen-cabinet_8dda16d0_GT.json | combined_inherit           | Outcome: SAFE               | Leaves:  60938 | Clr: 70.312 mm | t_trial: 11.452 s
[3334/3720] 12kitchen_open-the-kitchen-cabinet_8dda16d0_GT.json | information_bottleneck     | Outcome: SAFE               | Leaves:  61282 | Clr: 70.312 mm | t_trial: 11.544 s
[3335/3720] 12kitchen_open-the-kitchen-cabinet_8dda16d0_GT.json | information_bottleneck     | Outcome: SAFE               | Leaves:  61282 | Clr: 70.312 mm | t_trial: 11.563 s
[3336/3720] 12kitchen_open-the-kitchen-cabinet_8dda16d0_GT.json | information_bottleneck     | Outcome: SAFE               | Leaves:  61282 | Clr: 70.312 mm | t_trial: 11.676 s

[PLANNED RESTART] Trial count 3336: Triggering planned restart 417...
[PLANNED RESTART] Terminating existing move_group process...
[PLANNED RESTART COMPLETE] New PID: 926838 | Ready in 11.509 s | Initial RSS: 168.66 MB
[3337/3720] 12kitchen_open-the-microwave-oven_GT.json | identity                   | Outcome: SAFE               | Leaves:  93794 | Clr: 159.180 mm | t_trial: 13.510 s
[3338/3720] 12kitchen_open-the-microwave-oven_GT.json | identity                   | Outcome: SAFE               | Leaves:  93794 | Clr: 158.984 mm | t_trial: 12.749 s
[3339/3720] 12kitchen_open-the-microwave-oven_GT.json | identity                   | Outcome: SAFE               | Leaves:  93794 | Clr: 158.984 mm | t_trial: 12.459 s
[3340/3720] 12kitchen_open-the-microwave-oven_GT.json | label_radius               | Outcome: SAFE               | Leaves:  13453 | Clr: 156.445 mm | t_trial: 11.561 s
[3341/3720] 12kitchen_open-the-microwave-oven_GT.json | label_radius               | Outcome: SAFE               | Leaves:  13453 | Clr: 158.984 mm | t_trial: 11.795 s
[3342/3720] 12kitchen_open-the-microwave-oven_GT.json | label_radius               | Outcome: SAFE               | Leaves:  13453 | Clr: 159.570 mm | t_trial: 11.181 s
[3343/3720] 12kitchen_open-the-microwave-oven_GT.json | combined_quantile_adaptive | Outcome: SAFE               | Leaves:   1122 | Clr: 157.422 mm | t_trial: 11.563 s
[3344/3720] 12kitchen_open-the-microwave-oven_GT.json | combined_quantile_adaptive | Outcome: SAFE               | Leaves:   1122 | Clr: 159.961 mm | t_trial: 12.204 s

[PLANNED RESTART] Trial count 3344: Triggering planned restart 418...
[PLANNED RESTART] Terminating existing move_group process...
[PLANNED RESTART COMPLETE] New PID: 928815 | Ready in 11.600 s | Initial RSS: 168.36 MB
[3345/3720] 12kitchen_open-the-microwave-oven_GT.json | combined_quantile_adaptive | Outcome: SAFE               | Leaves:   1122 | Clr: 159.570 mm | t_trial: 12.733 s
[3346/3720] 12kitchen_open-the-microwave-oven_GT.json | affordance_inherit         | Outcome: SAFE               | Leaves:   8100 | Clr: 157.031 mm | t_trial: 11.710 s
[3347/3720] 12kitchen_open-the-microwave-oven_GT.json | affordance_inherit         | Outcome: SAFE               | Leaves:   8100 | Clr: 158.789 mm | t_trial: 12.237 s
[3348/3720] 12kitchen_open-the-microwave-oven_GT.json | affordance_inherit         | Outcome: SAFE               | Leaves:   8100 | Clr: 157.422 mm | t_trial: 11.749 s
[3349/3720] 12kitchen_open-the-microwave-oven_GT.json | label_inherit              | Outcome: SAFE               | Leaves:   9222 | Clr: 159.766 mm | t_trial: 11.732 s
[3350/3720] 12kitchen_open-the-microwave-oven_GT.json | label_inherit              | Outcome: SAFE               | Leaves:   9222 | Clr: 158.008 mm | t_trial: 11.813 s
[3351/3720] 12kitchen_open-the-microwave-oven_GT.json | label_inherit              | Outcome: SAFE               | Leaves:   9222 | Clr: 161.133 mm | t_trial: 11.669 s
[3352/3720] 12kitchen_open-the-microwave-oven_GT.json | label_only                 | Outcome: SAFE               | Leaves:   8738 | Clr: 159.766 mm | t_trial: 11.587 s

[PLANNED RESTART] Trial count 3352: Triggering planned restart 419...
[PLANNED RESTART] Terminating existing move_group process...
[PLANNED RESTART COMPLETE] New PID: 930794 | Ready in 11.615 s | Initial RSS: 169.04 MB
[3353/3720] 12kitchen_open-the-microwave-oven_GT.json | label_only                 | Outcome: SAFE               | Leaves:   8738 | Clr: 160.547 mm | t_trial: 13.075 s
[3354/3720] 12kitchen_open-the-microwave-oven_GT.json | label_only                 | Outcome: SAFE               | Leaves:   8738 | Clr: 158.984 mm | t_trial: 12.662 s
[3355/3720] 12kitchen_open-the-microwave-oven_GT.json | combined_inherit           | Outcome: SAFE               | Leaves:   9222 | Clr: 155.859 mm | t_trial: 12.141 s
[3356/3720] 12kitchen_open-the-microwave-oven_GT.json | combined_inherit           | Outcome: SAFE               | Leaves:   9222 | Clr: 159.570 mm | t_trial: 11.621 s
[3357/3720] 12kitchen_open-the-microwave-oven_GT.json | combined_inherit           | Outcome: SAFE               | Leaves:   9222 | Clr: 157.422 mm | t_trial: 11.694 s
[3358/3720] 12kitchen_open-the-microwave-oven_GT.json | information_bottleneck     | Outcome: SAFE               | Leaves:   9749 | Clr: 158.984 mm | t_trial: 11.882 s
[3359/3720] 12kitchen_open-the-microwave-oven_GT.json | information_bottleneck     | Outcome: SAFE               | Leaves:   9749 | Clr: 158.984 mm | t_trial: 11.723 s
[3360/3720] 12kitchen_open-the-microwave-oven_GT.json | information_bottleneck     | Outcome: SAFE               | Leaves:   9749 | Clr: 159.766 mm | t_trial: 11.709 s

[PLANNED RESTART] Trial count 3360: Triggering planned restart 420...
[PLANNED RESTART] Terminating existing move_group process...
[PLANNED RESTART COMPLETE] New PID: 932784 | Ready in 11.475 s | Initial RSS: 168.37 MB
[3361/3720] 12kitchen_open-the-oven_GT.json     | identity                   | Outcome: SAFE               | Leaves:  93794 | Clr: 146.680 mm | t_trial: 13.450 s
[3362/3720] 12kitchen_open-the-oven_GT.json     | identity                   | Outcome: SAFE               | Leaves:  93794 | Clr: 149.219 mm | t_trial: 12.453 s
[3363/3720] 12kitchen_open-the-oven_GT.json     | identity                   | Outcome: SAFE               | Leaves:  93794 | Clr: 149.023 mm | t_trial: 12.065 s
[3364/3720] 12kitchen_open-the-oven_GT.json     | label_radius               | Outcome: SAFE               | Leaves:  13453 | Clr: 150.195 mm | t_trial: 11.797 s
[3365/3720] 12kitchen_open-the-oven_GT.json     | label_radius               | Outcome: SAFE               | Leaves:  13453 | Clr: 150.391 mm | t_trial: 11.752 s
[3366/3720] 12kitchen_open-the-oven_GT.json     | label_radius               | Outcome: SAFE               | Leaves:  13453 | Clr: 144.531 mm | t_trial: 11.919 s
[3367/3720] 12kitchen_open-the-oven_GT.json     | combined_quantile_adaptive | Outcome: SAFE               | Leaves:   8100 | Clr: 147.461 mm | t_trial: 11.209 s
[3368/3720] 12kitchen_open-the-oven_GT.json     | combined_quantile_adaptive | Outcome: SAFE               | Leaves:   8100 | Clr: 149.805 mm | t_trial: 12.095 s

[PLANNED RESTART] Trial count 3368: Triggering planned restart 421...
[PLANNED RESTART] Terminating existing move_group process...
[PLANNED RESTART COMPLETE] New PID: 934767 | Ready in 11.469 s | Initial RSS: 168.40 MB
[3369/3720] 12kitchen_open-the-oven_GT.json     | combined_quantile_adaptive | Outcome: SAFE               | Leaves:   8100 | Clr: 147.656 mm | t_trial: 13.179 s
[3370/3720] 12kitchen_open-the-oven_GT.json     | affordance_inherit         | Outcome: SAFE               | Leaves:   8100 | Clr: 146.484 mm | t_trial: 12.461 s
[3371/3720] 12kitchen_open-the-oven_GT.json     | affordance_inherit         | Outcome: SAFE               | Leaves:   8100 | Clr: 146.094 mm | t_trial: 12.181 s
[3372/3720] 12kitchen_open-the-oven_GT.json     | affordance_inherit         | Outcome: SAFE               | Leaves:   8100 | Clr: 149.609 mm | t_trial: 11.219 s
[3373/3720] 12kitchen_open-the-oven_GT.json     | label_inherit              | Outcome: SAFE               | Leaves:   9222 | Clr: 147.266 mm | t_trial: 11.676 s
[3374/3720] 12kitchen_open-the-oven_GT.json     | label_inherit              | Outcome: SAFE               | Leaves:   9222 | Clr: 146.680 mm | t_trial: 11.882 s
[3375/3720] 12kitchen_open-the-oven_GT.json     | label_inherit              | Outcome: SAFE               | Leaves:   9222 | Clr: 145.312 mm | t_trial: 11.176 s
[3376/3720] 12kitchen_open-the-oven_GT.json     | label_only                 | Outcome: SAFE               | Leaves:   8738 | Clr: 147.461 mm | t_trial: 12.088 s

[PLANNED RESTART] Trial count 3376: Triggering planned restart 422...
[PLANNED RESTART] Terminating existing move_group process...
[PLANNED RESTART COMPLETE] New PID: 936742 | Ready in 11.515 s | Initial RSS: 168.54 MB
[3377/3720] 12kitchen_open-the-oven_GT.json     | label_only                 | Outcome: SAFE               | Leaves:   8738 | Clr: 146.484 mm | t_trial: 12.498 s
[3378/3720] 12kitchen_open-the-oven_GT.json     | label_only                 | Outcome: SAFE               | Leaves:   8738 | Clr: 145.508 mm | t_trial: 12.381 s
[3379/3720] 12kitchen_open-the-oven_GT.json     | combined_inherit           | Outcome: SAFE               | Leaves:   9222 | Clr: 147.266 mm | t_trial: 11.820 s
[3380/3720] 12kitchen_open-the-oven_GT.json     | combined_inherit           | Outcome: SAFE               | Leaves:   9222 | Clr: 149.219 mm | t_trial: 11.735 s
[3381/3720] 12kitchen_open-the-oven_GT.json     | combined_inherit           | Outcome: SAFE               | Leaves:   9222 | Clr: 146.680 mm | t_trial: 11.276 s
[3382/3720] 12kitchen_open-the-oven_GT.json     | information_bottleneck     | Outcome: SAFE               | Leaves:  10105 | Clr: 148.438 mm | t_trial: 11.801 s
[3383/3720] 12kitchen_open-the-oven_GT.json     | information_bottleneck     | Outcome: SAFE               | Leaves:  10105 | Clr: 148.633 mm | t_trial: 11.682 s
[3384/3720] 12kitchen_open-the-oven_GT.json     | information_bottleneck     | Outcome: SAFE               | Leaves:  10105 | Clr: 147.852 mm | t_trial: 12.062 s

[PLANNED RESTART] Trial count 3384: Triggering planned restart 423...
[PLANNED RESTART] Terminating existing move_group process...
[PLANNED RESTART COMPLETE] New PID: 938695 | Ready in 11.472 s | Initial RSS: 168.84 MB
[3385/3720] 12kitchen_i-am-hungry_1df7ab42_GT.json | identity                   | Outcome: SAFE               | Leaves:  93794 | Clr: 123.047 mm | t_trial: 13.987 s
[3386/3720] 12kitchen_i-am-hungry_1df7ab42_GT.json | identity                   | Outcome: SAFE               | Leaves:  93794 | Clr: 128.516 mm | t_trial: 12.314 s
[3387/3720] 12kitchen_i-am-hungry_1df7ab42_GT.json | identity                   | Outcome: SAFE               | Leaves:  93794 | Clr: 122.852 mm | t_trial: 12.626 s
[3388/3720] 12kitchen_i-am-hungry_1df7ab42_GT.json | label_radius               | Outcome: SAFE               | Leaves:  11526 | Clr: 121.680 mm | t_trial: 11.381 s
[3389/3720] 12kitchen_i-am-hungry_1df7ab42_GT.json | label_radius               | Outcome: SAFE               | Leaves:  11526 | Clr: 127.539 mm | t_trial: 11.941 s
[3390/3720] 12kitchen_i-am-hungry_1df7ab42_GT.json | label_radius               | Outcome: SAFE               | Leaves:  11526 | Clr: 128.516 mm | t_trial: 11.473 s
[3391/3720] 12kitchen_i-am-hungry_1df7ab42_GT.json | combined_quantile_adaptive | Outcome: SAFE               | Leaves:   8100 | Clr: 124.023 mm | t_trial: 11.321 s
[3392/3720] 12kitchen_i-am-hungry_1df7ab42_GT.json | combined_quantile_adaptive | Outcome: SAFE               | Leaves:   8100 | Clr: 126.367 mm | t_trial: 12.215 s

[PLANNED RESTART] Trial count 3392: Triggering planned restart 424...
[PLANNED RESTART] Terminating existing move_group process...
[PLANNED RESTART COMPLETE] New PID: 940701 | Ready in 11.515 s | Initial RSS: 168.61 MB
[3393/3720] 12kitchen_i-am-hungry_1df7ab42_GT.json | combined_quantile_adaptive | Outcome: SAFE               | Leaves:   8100 | Clr: 126.758 mm | t_trial: 12.953 s
[3394/3720] 12kitchen_i-am-hungry_1df7ab42_GT.json | affordance_inherit         | Outcome: SAFE               | Leaves:    965 | Clr: 125.781 mm | t_trial: 12.549 s
[3395/3720] 12kitchen_i-am-hungry_1df7ab42_GT.json | affordance_inherit         | Outcome: SAFE               | Leaves:    965 | Clr: 126.367 mm | t_trial: 11.954 s
[3396/3720] 12kitchen_i-am-hungry_1df7ab42_GT.json | affordance_inherit         | Outcome: SAFE               | Leaves:    965 | Clr: 123.828 mm | t_trial: 11.888 s
[3397/3720] 12kitchen_i-am-hungry_1df7ab42_GT.json | label_inherit              | Outcome: SAFE               | Leaves:   8100 | Clr: 126.562 mm | t_trial: 11.380 s
[3398/3720] 12kitchen_i-am-hungry_1df7ab42_GT.json | label_inherit              | Outcome: SAFE               | Leaves:   8100 | Clr: 124.414 mm | t_trial: 11.520 s
[3399/3720] 12kitchen_i-am-hungry_1df7ab42_GT.json | label_inherit              | Outcome: SAFE               | Leaves:   8100 | Clr: 124.805 mm | t_trial: 11.919 s
[3400/3720] 12kitchen_i-am-hungry_1df7ab42_GT.json | label_only                 | Outcome: SAFE               | Leaves:   7725 | Clr: 125.000 mm | t_trial: 12.013 s

[PLANNED RESTART] Trial count 3400: Triggering planned restart 425...
[PLANNED RESTART] Terminating existing move_group process...
[PLANNED RESTART COMPLETE] New PID: 942680 | Ready in 11.601 s | Initial RSS: 168.45 MB
[3401/3720] 12kitchen_i-am-hungry_1df7ab42_GT.json | label_only                 | Outcome: SAFE               | Leaves:   7725 | Clr: 124.805 mm | t_trial: 13.207 s
[3402/3720] 12kitchen_i-am-hungry_1df7ab42_GT.json | label_only                 | Outcome: SAFE               | Leaves:   7725 | Clr: 125.781 mm | t_trial: 12.574 s
[3403/3720] 12kitchen_i-am-hungry_1df7ab42_GT.json | combined_inherit           | Outcome: SAFE               | Leaves:   8100 | Clr: 125.000 mm | t_trial: 12.301 s
[3404/3720] 12kitchen_i-am-hungry_1df7ab42_GT.json | combined_inherit           | Outcome: SAFE               | Leaves:   8100 | Clr: 127.734 mm | t_trial: 11.453 s
[3405/3720] 12kitchen_i-am-hungry_1df7ab42_GT.json | combined_inherit           | Outcome: SAFE               | Leaves:   8100 | Clr: 127.344 mm | t_trial: 11.826 s
[3406/3720] 12kitchen_i-am-hungry_1df7ab42_GT.json | information_bottleneck     | Outcome: SAFE               | Leaves:  22228 | Clr: 125.586 mm | t_trial: 12.075 s
[3407/3720] 12kitchen_i-am-hungry_1df7ab42_GT.json | information_bottleneck     | Outcome: SAFE               | Leaves:  22228 | Clr: 125.195 mm | t_trial: 11.798 s
[3408/3720] 12kitchen_i-am-hungry_1df7ab42_GT.json | information_bottleneck     | Outcome: SAFE               | Leaves:  22228 | Clr: 123.047 mm | t_trial: 12.538 s

[PLANNED RESTART] Trial count 3408: Triggering planned restart 426...
[PLANNED RESTART] Terminating existing move_group process...
[PLANNED RESTART COMPLETE] New PID: 944688 | Ready in 11.471 s | Initial RSS: 168.00 MB
[3409/3720] 12kitchen_i-am-hungry_2_GT.json     | identity                   | Outcome: SAFE               | Leaves:  93794 | Clr: 148.633 mm | t_trial: 13.357 s
[3410/3720] 12kitchen_i-am-hungry_2_GT.json     | identity                   | Outcome: SAFE               | Leaves:  93794 | Clr: 148.828 mm | t_trial: 12.485 s
[3411/3720] 12kitchen_i-am-hungry_2_GT.json     | identity                   | Outcome: SAFE               | Leaves:  93794 | Clr: 148.828 mm | t_trial: 12.079 s
[3412/3720] 12kitchen_i-am-hungry_2_GT.json     | label_radius               | Outcome: SAFE               | Leaves:  11526 | Clr: 148.242 mm | t_trial: 11.689 s
[3413/3720] 12kitchen_i-am-hungry_2_GT.json     | label_radius               | Outcome: SAFE               | Leaves:  11526 | Clr: 147.070 mm | t_trial: 11.781 s
[3414/3720] 12kitchen_i-am-hungry_2_GT.json     | label_radius               | Outcome: SAFE               | Leaves:  11526 | Clr: 145.703 mm | t_trial: 11.730 s
[3415/3720] 12kitchen_i-am-hungry_2_GT.json     | combined_quantile_adaptive | Outcome: SAFE               | Leaves:   8100 | Clr: 149.609 mm | t_trial: 11.732 s
[3416/3720] 12kitchen_i-am-hungry_2_GT.json     | combined_quantile_adaptive | Outcome: SAFE               | Leaves:   8100 | Clr: 148.633 mm | t_trial: 11.974 s

[PLANNED RESTART] Trial count 3416: Triggering planned restart 427...
[PLANNED RESTART] Terminating existing move_group process...
[PLANNED RESTART COMPLETE] New PID: 946675 | Ready in 11.526 s | Initial RSS: 168.55 MB
[3417/3720] 12kitchen_i-am-hungry_2_GT.json     | combined_quantile_adaptive | Outcome: SAFE               | Leaves:   8100 | Clr: 147.656 mm | t_trial: 13.275 s
[3418/3720] 12kitchen_i-am-hungry_2_GT.json     | affordance_inherit         | Outcome: SAFE               | Leaves:    965 | Clr: 149.219 mm | t_trial: 12.349 s
[3419/3720] 12kitchen_i-am-hungry_2_GT.json     | affordance_inherit         | Outcome: SAFE               | Leaves:    965 | Clr: 147.266 mm | t_trial: 12.202 s
[3420/3720] 12kitchen_i-am-hungry_2_GT.json     | affordance_inherit         | Outcome: SAFE               | Leaves:    965 | Clr: 149.609 mm | t_trial: 11.128 s
[3421/3720] 12kitchen_i-am-hungry_2_GT.json     | label_inherit              | Outcome: SAFE               | Leaves:   8100 | Clr: 146.680 mm | t_trial: 11.297 s
[3422/3720] 12kitchen_i-am-hungry_2_GT.json     | label_inherit              | Outcome: SAFE               | Leaves:   8100 | Clr: 149.609 mm | t_trial: 11.950 s
[3423/3720] 12kitchen_i-am-hungry_2_GT.json     | label_inherit              | Outcome: SAFE               | Leaves:   8100 | Clr: 146.094 mm | t_trial: 11.207 s
[3424/3720] 12kitchen_i-am-hungry_2_GT.json     | label_only                 | Outcome: SAFE               | Leaves:   7725 | Clr: 147.852 mm | t_trial: 12.413 s

[PLANNED RESTART] Trial count 3424: Triggering planned restart 428...
[PLANNED RESTART] Terminating existing move_group process...
[PLANNED RESTART COMPLETE] New PID: 948668 | Ready in 11.674 s | Initial RSS: 168.60 MB
[3425/3720] 12kitchen_i-am-hungry_2_GT.json     | label_only                 | Outcome: SAFE               | Leaves:   7725 | Clr: 148.828 mm | t_trial: 12.784 s
[3426/3720] 12kitchen_i-am-hungry_2_GT.json     | label_only                 | Outcome: SAFE               | Leaves:   7725 | Clr: 146.875 mm | t_trial: 12.581 s
[3427/3720] 12kitchen_i-am-hungry_2_GT.json     | combined_inherit           | Outcome: SAFE               | Leaves:   8100 | Clr: 147.656 mm | t_trial: 12.354 s
[3428/3720] 12kitchen_i-am-hungry_2_GT.json     | combined_inherit           | Outcome: SAFE               | Leaves:   8100 | Clr: 148.047 mm | t_trial: 11.725 s
[3429/3720] 12kitchen_i-am-hungry_2_GT.json     | combined_inherit           | Outcome: SAFE               | Leaves:   8100 | Clr: 149.414 mm | t_trial: 11.741 s
[3430/3720] 12kitchen_i-am-hungry_2_GT.json     | information_bottleneck     | Outcome: SAFE               | Leaves:  22228 | Clr: 144.531 mm | t_trial: 11.876 s
[3431/3720] 12kitchen_i-am-hungry_2_GT.json     | information_bottleneck     | Outcome: SAFE               | Leaves:  22228 | Clr: 148.633 mm | t_trial: 11.267 s
[3432/3720] 12kitchen_i-am-hungry_2_GT.json     | information_bottleneck     | Outcome: SAFE               | Leaves:  22228 | Clr: 148.047 mm | t_trial: 11.583 s

[PLANNED RESTART] Trial count 3432: Triggering planned restart 429...
[PLANNED RESTART] Terminating existing move_group process...
[PLANNED RESTART COMPLETE] New PID: 950622 | Ready in 11.477 s | Initial RSS: 168.48 MB
[3433/3720] 12kitchen_i-am-hungry_3_GT.json     | identity                   | Outcome: SAFE               | Leaves:  93794 | Clr: 149.023 mm | t_trial: 13.046 s
[3434/3720] 12kitchen_i-am-hungry_3_GT.json     | identity                   | Outcome: SAFE               | Leaves:  93794 | Clr: 147.266 mm | t_trial: 12.360 s
[3435/3720] 12kitchen_i-am-hungry_3_GT.json     | identity                   | Outcome: SAFE               | Leaves:  93794 | Clr: 145.703 mm | t_trial: 12.544 s
[3436/3720] 12kitchen_i-am-hungry_3_GT.json     | label_radius               | Outcome: SAFE               | Leaves:  11526 | Clr: 147.461 mm | t_trial: 11.908 s
[3437/3720] 12kitchen_i-am-hungry_3_GT.json     | label_radius               | Outcome: SAFE               | Leaves:  11526 | Clr: 148.047 mm | t_trial: 11.641 s
[3438/3720] 12kitchen_i-am-hungry_3_GT.json     | label_radius               | Outcome: SAFE               | Leaves:  11526 | Clr: 148.047 mm | t_trial: 11.380 s
[3439/3720] 12kitchen_i-am-hungry_3_GT.json     | combined_quantile_adaptive | Outcome: SAFE               | Leaves:   8100 | Clr: 146.875 mm | t_trial: 11.707 s
[3440/3720] 12kitchen_i-am-hungry_3_GT.json     | combined_quantile_adaptive | Outcome: SAFE               | Leaves:   8100 | Clr: 146.875 mm | t_trial: 11.971 s

[PLANNED RESTART] Trial count 3440: Triggering planned restart 430...
[PLANNED RESTART] Terminating existing move_group process...
[PLANNED RESTART COMPLETE] New PID: 952617 | Ready in 11.510 s | Initial RSS: 168.77 MB
[3441/3720] 12kitchen_i-am-hungry_3_GT.json     | combined_quantile_adaptive | Outcome: SAFE               | Leaves:   8100 | Clr: 147.266 mm | t_trial: 12.692 s
[3442/3720] 12kitchen_i-am-hungry_3_GT.json     | affordance_inherit         | Outcome: SAFE               | Leaves:    965 | Clr: 148.633 mm | t_trial: 12.583 s
[3443/3720] 12kitchen_i-am-hungry_3_GT.json     | affordance_inherit         | Outcome: SAFE               | Leaves:    965 | Clr: 150.391 mm | t_trial: 11.899 s
[3444/3720] 12kitchen_i-am-hungry_3_GT.json     | affordance_inherit         | Outcome: SAFE               | Leaves:    965 | Clr: 145.703 mm | t_trial: 11.708 s
[3445/3720] 12kitchen_i-am-hungry_3_GT.json     | label_inherit              | Outcome: SAFE               | Leaves:   8100 | Clr: 149.219 mm | t_trial: 11.691 s
[3446/3720] 12kitchen_i-am-hungry_3_GT.json     | label_inherit              | Outcome: SAFE               | Leaves:   8100 | Clr: 150.000 mm | t_trial: 11.315 s
[3447/3720] 12kitchen_i-am-hungry_3_GT.json     | label_inherit              | Outcome: SAFE               | Leaves:   8100 | Clr: 148.438 mm | t_trial: 11.706 s
[3448/3720] 12kitchen_i-am-hungry_3_GT.json     | label_only                 | Outcome: SAFE               | Leaves:   7725 | Clr: 149.219 mm | t_trial: 11.548 s

[PLANNED RESTART] Trial count 3448: Triggering planned restart 431...
[PLANNED RESTART] Terminating existing move_group process...
[PLANNED RESTART COMPLETE] New PID: 954573 | Ready in 11.467 s | Initial RSS: 168.14 MB
[3449/3720] 12kitchen_i-am-hungry_3_GT.json     | label_only                 | Outcome: SAFE               | Leaves:   7725 | Clr: 148.242 mm | t_trial: 13.376 s
[3450/3720] 12kitchen_i-am-hungry_3_GT.json     | label_only                 | Outcome: SAFE               | Leaves:   7725 | Clr: 149.609 mm | t_trial: 11.847 s
[3451/3720] 12kitchen_i-am-hungry_3_GT.json     | combined_inherit           | Outcome: SAFE               | Leaves:   8100 | Clr: 149.414 mm | t_trial: 12.210 s
[3452/3720] 12kitchen_i-am-hungry_3_GT.json     | combined_inherit           | Outcome: SAFE               | Leaves:   8100 | Clr: 148.633 mm | t_trial: 11.686 s
[3453/3720] 12kitchen_i-am-hungry_3_GT.json     | combined_inherit           | Outcome: SAFE               | Leaves:   8100 | Clr: 149.219 mm | t_trial: 11.237 s
[3454/3720] 12kitchen_i-am-hungry_3_GT.json     | information_bottleneck     | Outcome: SAFE               | Leaves:  22228 | Clr: 150.195 mm | t_trial: 11.896 s
[3455/3720] 12kitchen_i-am-hungry_3_GT.json     | information_bottleneck     | Outcome: SAFE               | Leaves:  22228 | Clr: 149.609 mm | t_trial: 12.087 s
[3456/3720] 12kitchen_i-am-hungry_3_GT.json     | information_bottleneck     | Outcome: SAFE               | Leaves:  22228 | Clr: 144.141 mm | t_trial: 12.456 s

[PLANNED RESTART] Trial count 3456: Triggering planned restart 432...
[PLANNED RESTART] Terminating existing move_group process...
[PLANNED RESTART COMPLETE] New PID: 956556 | Ready in 11.496 s | Initial RSS: 168.77 MB
[3457/3720] 12kitchen_i-am-hungry_8dda16d0_GT.json | identity                   | Outcome: SAFE               | Leaves:  93794 | Clr: 70.312 mm | t_trial: 13.002 s
[3458/3720] 12kitchen_i-am-hungry_8dda16d0_GT.json | identity                   | Outcome: SAFE               | Leaves:  93794 | Clr: 70.312 mm | t_trial: 11.993 s
[3459/3720] 12kitchen_i-am-hungry_8dda16d0_GT.json | identity                   | Outcome: SAFE               | Leaves:  93794 | Clr: 70.312 mm | t_trial: 12.280 s
[3460/3720] 12kitchen_i-am-hungry_8dda16d0_GT.json | label_radius               | Outcome: SAFE               | Leaves:  11526 | Clr: 70.312 mm | t_trial: 11.298 s
[3461/3720] 12kitchen_i-am-hungry_8dda16d0_GT.json | label_radius               | Outcome: SAFE               | Leaves:  11526 | Clr: 70.312 mm | t_trial: 11.371 s
[3462/3720] 12kitchen_i-am-hungry_8dda16d0_GT.json | label_radius               | Outcome: SAFE               | Leaves:  11526 | Clr: 70.312 mm | t_trial: 11.410 s
[3463/3720] 12kitchen_i-am-hungry_8dda16d0_GT.json | combined_quantile_adaptive | Outcome: SAFE               | Leaves:   8100 | Clr: 70.312 mm | t_trial: 10.772 s
[3464/3720] 12kitchen_i-am-hungry_8dda16d0_GT.json | combined_quantile_adaptive | Outcome: SAFE               | Leaves:   8100 | Clr: 70.312 mm | t_trial: 11.783 s

[PLANNED RESTART] Trial count 3464: Triggering planned restart 433...
[PLANNED RESTART] Terminating existing move_group process...
[PLANNED RESTART COMPLETE] New PID: 958493 | Ready in 11.475 s | Initial RSS: 168.87 MB
[3465/3720] 12kitchen_i-am-hungry_8dda16d0_GT.json | combined_quantile_adaptive | Outcome: SAFE               | Leaves:   8100 | Clr: 70.312 mm | t_trial: 12.738 s
[3466/3720] 12kitchen_i-am-hungry_8dda16d0_GT.json | affordance_inherit         | Outcome: SAFE               | Leaves:    965 | Clr: 70.312 mm | t_trial: 12.197 s
[3467/3720] 12kitchen_i-am-hungry_8dda16d0_GT.json | affordance_inherit         | Outcome: SAFE               | Leaves:    965 | Clr: 70.312 mm | t_trial: 11.854 s
[3468/3720] 12kitchen_i-am-hungry_8dda16d0_GT.json | affordance_inherit         | Outcome: SAFE               | Leaves:    965 | Clr: 70.312 mm | t_trial: 11.337 s
[3469/3720] 12kitchen_i-am-hungry_8dda16d0_GT.json | label_inherit              | Outcome: SAFE               | Leaves:   8100 | Clr: 70.312 mm | t_trial: 10.702 s
[3470/3720] 12kitchen_i-am-hungry_8dda16d0_GT.json | label_inherit              | Outcome: SAFE               | Leaves:   8100 | Clr: 70.312 mm | t_trial: 11.387 s
[3471/3720] 12kitchen_i-am-hungry_8dda16d0_GT.json | label_inherit              | Outcome: SAFE               | Leaves:   8100 | Clr: 70.312 mm | t_trial: 11.367 s
[3472/3720] 12kitchen_i-am-hungry_8dda16d0_GT.json | label_only                 | Outcome: SAFE               | Leaves:   7725 | Clr: 70.312 mm | t_trial: 12.167 s

[PLANNED RESTART] Trial count 3472: Triggering planned restart 434...
[PLANNED RESTART] Terminating existing move_group process...
[PLANNED RESTART COMPLETE] New PID: 960437 | Ready in 11.508 s | Initial RSS: 168.53 MB
[3473/3720] 12kitchen_i-am-hungry_8dda16d0_GT.json | label_only                 | Outcome: SAFE               | Leaves:   7725 | Clr: 70.312 mm | t_trial: 12.449 s
[3474/3720] 12kitchen_i-am-hungry_8dda16d0_GT.json | label_only                 | Outcome: SAFE               | Leaves:   7725 | Clr: 70.312 mm | t_trial: 11.906 s
[3475/3720] 12kitchen_i-am-hungry_8dda16d0_GT.json | combined_inherit           | Outcome: SAFE               | Leaves:   8100 | Clr: 70.312 mm | t_trial: 11.768 s
[3476/3720] 12kitchen_i-am-hungry_8dda16d0_GT.json | combined_inherit           | Outcome: SAFE               | Leaves:   8100 | Clr: 70.312 mm | t_trial: 11.292 s
[3477/3720] 12kitchen_i-am-hungry_8dda16d0_GT.json | combined_inherit           | Outcome: SAFE               | Leaves:   8100 | Clr: 70.312 mm | t_trial: 11.363 s
[3478/3720] 12kitchen_i-am-hungry_8dda16d0_GT.json | information_bottleneck     | Outcome: SAFE               | Leaves:  22228 | Clr: 70.312 mm | t_trial: 11.521 s
[3479/3720] 12kitchen_i-am-hungry_8dda16d0_GT.json | information_bottleneck     | Outcome: SAFE               | Leaves:  22228 | Clr: 70.312 mm | t_trial: 11.574 s
[3480/3720] 12kitchen_i-am-hungry_8dda16d0_GT.json | information_bottleneck     | Outcome: SAFE               | Leaves:  22228 | Clr: 70.312 mm | t_trial: 11.456 s

[PLANNED RESTART] Trial count 3480: Triggering planned restart 435...
[PLANNED RESTART] Terminating existing move_group process...
[PLANNED RESTART COMPLETE] New PID: 962365 | Ready in 11.516 s | Initial RSS: 168.53 MB
[3481/3720] 12kitchen_i-am-hungry_GT.json       | identity                   | Outcome: SAFE               | Leaves:  93794 | Clr: 169.727 mm | t_trial: 13.620 s
[3482/3720] 12kitchen_i-am-hungry_GT.json       | identity                   | Outcome: SAFE               | Leaves:  93794 | Clr: 168.555 mm | t_trial: 12.924 s
[3483/3720] 12kitchen_i-am-hungry_GT.json       | identity                   | Outcome: SAFE               | Leaves:  93794 | Clr: 169.336 mm | t_trial: 12.793 s
[3484/3720] 12kitchen_i-am-hungry_GT.json       | label_radius               | Outcome: BELIEF_PLAN_FAILED | Leaves:  11526 | Clr: N/A       | t_trial: 0.078 s
[3485/3720] 12kitchen_i-am-hungry_GT.json       | label_radius               | Outcome: BELIEF_PLAN_FAILED | Leaves:  11526 | Clr: N/A       | t_trial: 0.081 s
[3486/3720] 12kitchen_i-am-hungry_GT.json       | label_radius               | Outcome: BELIEF_PLAN_FAILED | Leaves:  11526 | Clr: N/A       | t_trial: 0.071 s
[3487/3720] 12kitchen_i-am-hungry_GT.json       | combined_quantile_adaptive | Outcome: SAFE               | Leaves:   8100 | Clr: 166.602 mm | t_trial: 11.797 s
[3488/3720] 12kitchen_i-am-hungry_GT.json       | combined_quantile_adaptive | Outcome: SAFE               | Leaves:   8100 | Clr: 169.141 mm | t_trial: 11.889 s

[PLANNED RESTART] Trial count 3488: Triggering planned restart 436...
[PLANNED RESTART] Terminating existing move_group process...
[PLANNED RESTART COMPLETE] New PID: 963779 | Ready in 11.477 s | Initial RSS: 168.64 MB
[3489/3720] 12kitchen_i-am-hungry_GT.json       | combined_quantile_adaptive | Outcome: SAFE               | Leaves:   8100 | Clr: 168.164 mm | t_trial: 13.172 s
[3490/3720] 12kitchen_i-am-hungry_GT.json       | affordance_inherit         | Outcome: SAFE               | Leaves:    965 | Clr: 167.578 mm | t_trial: 12.608 s
[3491/3720] 12kitchen_i-am-hungry_GT.json       | affordance_inherit         | Outcome: SAFE               | Leaves:    965 | Clr: 168.945 mm | t_trial: 12.301 s
[3492/3720] 12kitchen_i-am-hungry_GT.json       | affordance_inherit         | Outcome: SAFE               | Leaves:    965 | Clr: 165.234 mm | t_trial: 11.971 s
[3493/3720] 12kitchen_i-am-hungry_GT.json       | label_inherit              | Outcome: SAFE               | Leaves:   8100 | Clr: 168.164 mm | t_trial: 11.994 s
[3494/3720] 12kitchen_i-am-hungry_GT.json       | label_inherit              | Outcome: SAFE               | Leaves:   8100 | Clr: 167.383 mm | t_trial: 12.262 s
[3495/3720] 12kitchen_i-am-hungry_GT.json       | label_inherit              | Outcome: SAFE               | Leaves:   8100 | Clr: 168.750 mm | t_trial: 11.528 s
[3496/3720] 12kitchen_i-am-hungry_GT.json       | label_only                 | Outcome: SAFE               | Leaves:   7725 | Clr: 168.359 mm | t_trial: 12.139 s

[PLANNED RESTART] Trial count 3496: Triggering planned restart 437...
[PLANNED RESTART] Terminating existing move_group process...
[PLANNED RESTART COMPLETE] New PID: 965790 | Ready in 11.553 s | Initial RSS: 168.59 MB
[3497/3720] 12kitchen_i-am-hungry_GT.json       | label_only                 | Outcome: SAFE               | Leaves:   7725 | Clr: 167.578 mm | t_trial: 13.024 s
[3498/3720] 12kitchen_i-am-hungry_GT.json       | label_only                 | Outcome: SAFE               | Leaves:   7725 | Clr: 167.969 mm | t_trial: 12.910 s
[3499/3720] 12kitchen_i-am-hungry_GT.json       | combined_inherit           | Outcome: SAFE               | Leaves:   8100 | Clr: 167.773 mm | t_trial: 12.501 s
[3500/3720] 12kitchen_i-am-hungry_GT.json       | combined_inherit           | Outcome: SAFE               | Leaves:   8100 | Clr: 169.336 mm | t_trial: 11.968 s
[3501/3720] 12kitchen_i-am-hungry_GT.json       | combined_inherit           | Outcome: SAFE               | Leaves:   8100 | Clr: 169.531 mm | t_trial: 11.527 s
[3502/3720] 12kitchen_i-am-hungry_GT.json       | information_bottleneck     | Outcome: SAFE               | Leaves:  22228 | Clr: 169.727 mm | t_trial: 12.093 s
[3503/3720] 12kitchen_i-am-hungry_GT.json       | information_bottleneck     | Outcome: SAFE               | Leaves:  22228 | Clr: 167.773 mm | t_trial: 11.983 s
[3504/3720] 12kitchen_i-am-hungry_GT.json       | information_bottleneck     | Outcome: SAFE               | Leaves:  22228 | Clr: 170.508 mm | t_trial: 11.762 s

[PLANNED RESTART] Trial count 3504: Triggering planned restart 438...
[PLANNED RESTART] Terminating existing move_group process...
[PLANNED RESTART COMPLETE] New PID: 967796 | Ready in 11.478 s | Initial RSS: 168.52 MB
[3505/3720] 12kitchen_someone-is-knocking-at-the-door_GT.json | identity                   | Outcome: SAFE               | Leaves:  93794 | Clr: 173.438 mm | t_trial: 13.259 s
[3506/3720] 12kitchen_someone-is-knocking-at-the-door_GT.json | identity                   | Outcome: SAFE               | Leaves:  93794 | Clr: 170.898 mm | t_trial: 12.358 s
[3507/3720] 12kitchen_someone-is-knocking-at-the-door_GT.json | identity                   | Outcome: SAFE               | Leaves:  93794 | Clr: 174.414 mm | t_trial: 12.754 s
[3508/3720] 12kitchen_someone-is-knocking-at-the-door_GT.json | label_radius               | Outcome: SAFE               | Leaves:  12548 | Clr: 174.805 mm | t_trial: 11.824 s
[3509/3720] 12kitchen_someone-is-knocking-at-the-door_GT.json | label_radius               | Outcome: SAFE               | Leaves:  12548 | Clr: 174.023 mm | t_trial: 11.835 s
[3510/3720] 12kitchen_someone-is-knocking-at-the-door_GT.json | label_radius               | Outcome: SAFE               | Leaves:  12548 | Clr: 174.219 mm | t_trial: 11.945 s
[3511/3720] 12kitchen_someone-is-knocking-at-the-door_GT.json | combined_quantile_adaptive | Outcome: SAFE               | Leaves:  12328 | Clr: 175.195 mm | t_trial: 11.761 s
[3512/3720] 12kitchen_someone-is-knocking-at-the-door_GT.json | combined_quantile_adaptive | Outcome: SAFE               | Leaves:  12328 | Clr: 173.438 mm | t_trial: 12.516 s

[PLANNED RESTART] Trial count 3512: Triggering planned restart 439...
[PLANNED RESTART] Terminating existing move_group process...
[PLANNED RESTART COMPLETE] New PID: 969819 | Ready in 11.474 s | Initial RSS: 168.78 MB
[3513/3720] 12kitchen_someone-is-knocking-at-the-door_GT.json | combined_quantile_adaptive | Outcome: SAFE               | Leaves:  12328 | Clr: 172.656 mm | t_trial: 13.485 s
[3514/3720] 12kitchen_someone-is-knocking-at-the-door_GT.json | affordance_inherit         | Outcome: SAFE               | Leaves:   8100 | Clr: 175.977 mm | t_trial: 12.451 s
[3515/3720] 12kitchen_someone-is-knocking-at-the-door_GT.json | affordance_inherit         | Outcome: SAFE               | Leaves:   8100 | Clr: 176.758 mm | t_trial: 12.221 s
[3516/3720] 12kitchen_someone-is-knocking-at-the-door_GT.json | affordance_inherit         | Outcome: SAFE               | Leaves:   8100 | Clr: 175.391 mm | t_trial: 11.831 s
[3517/3720] 12kitchen_someone-is-knocking-at-the-door_GT.json | label_inherit              | Outcome: SAFE               | Leaves:  12328 | Clr: 175.586 mm | t_trial: 11.786 s
[3518/3720] 12kitchen_someone-is-knocking-at-the-door_GT.json | label_inherit              | Outcome: SAFE               | Leaves:  12328 | Clr: 174.414 mm | t_trial: 11.932 s
[3519/3720] 12kitchen_someone-is-knocking-at-the-door_GT.json | label_inherit              | Outcome: SAFE               | Leaves:  12328 | Clr: 175.586 mm | t_trial: 11.313 s
[3520/3720] 12kitchen_someone-is-knocking-at-the-door_GT.json | label_only                 | Outcome: SAFE               | Leaves:  12303 | Clr: 174.609 mm | t_trial: 12.591 s

[PLANNED RESTART] Trial count 3520: Triggering planned restart 440...
[PLANNED RESTART] Terminating existing move_group process...
[PLANNED RESTART COMPLETE] New PID: 971829 | Ready in 11.489 s | Initial RSS: 169.11 MB
[3521/3720] 12kitchen_someone-is-knocking-at-the-door_GT.json | label_only                 | Outcome: SAFE               | Leaves:  12303 | Clr: 175.000 mm | t_trial: 12.690 s
[3522/3720] 12kitchen_someone-is-knocking-at-the-door_GT.json | label_only                 | Outcome: SAFE               | Leaves:  12303 | Clr: 175.586 mm | t_trial: 12.461 s
[3523/3720] 12kitchen_someone-is-knocking-at-the-door_GT.json | combined_inherit           | Outcome: SAFE               | Leaves:  12328 | Clr: 174.414 mm | t_trial: 12.377 s
[3524/3720] 12kitchen_someone-is-knocking-at-the-door_GT.json | combined_inherit           | Outcome: SAFE               | Leaves:  12328 | Clr: 172.852 mm | t_trial: 11.868 s
[3525/3720] 12kitchen_someone-is-knocking-at-the-door_GT.json | combined_inherit           | Outcome: SAFE               | Leaves:  12328 | Clr: 174.609 mm | t_trial: 11.792 s
[3526/3720] 12kitchen_someone-is-knocking-at-the-door_GT.json | information_bottleneck     | Outcome: SAFE               | Leaves:  12328 | Clr: 174.805 mm | t_trial: 12.022 s
[3527/3720] 12kitchen_someone-is-knocking-at-the-door_GT.json | information_bottleneck     | Outcome: SAFE               | Leaves:  12328 | Clr: 174.609 mm | t_trial: 11.792 s
[3528/3720] 12kitchen_someone-is-knocking-at-the-door_GT.json | information_bottleneck     | Outcome: SAFE               | Leaves:  12328 | Clr: 173.438 mm | t_trial: 12.013 s

[PLANNED RESTART] Trial count 3528: Triggering planned restart 441...
[PLANNED RESTART] Terminating existing move_group process...
[PLANNED RESTART COMPLETE] New PID: 973799 | Ready in 11.473 s | Initial RSS: 168.81 MB
[3529/3720] 13bathroom_adjust-the-radiator-temperature_GT.json | identity                   | Outcome: SAFE               | Leaves:  67523 | Clr: 136.133 mm | t_trial: 13.863 s
[3530/3720] 13bathroom_adjust-the-radiator-temperature_GT.json | identity                   | Outcome: SAFE               | Leaves:  67523 | Clr: 143.555 mm | t_trial: 12.706 s
[3531/3720] 13bathroom_adjust-the-radiator-temperature_GT.json | identity                   | Outcome: SAFE               | Leaves:  67523 | Clr: 135.938 mm | t_trial: 12.355 s
[3532/3720] 13bathroom_adjust-the-radiator-temperature_GT.json | label_radius               | Outcome: SAFE               | Leaves:   6331 | Clr: 140.820 mm | t_trial: 11.717 s
[3533/3720] 13bathroom_adjust-the-radiator-temperature_GT.json | label_radius               | Outcome: SAFE               | Leaves:   6331 | Clr: 137.500 mm | t_trial: 11.771 s
[3534/3720] 13bathroom_adjust-the-radiator-temperature_GT.json | label_radius               | Outcome: SAFE               | Leaves:   6331 | Clr: 137.305 mm | t_trial: 11.894 s
[3535/3720] 13bathroom_adjust-the-radiator-temperature_GT.json | combined_quantile_adaptive | Outcome: SAFE               | Leaves:   6094 | Clr: 143.945 mm | t_trial: 11.227 s
[3536/3720] 13bathroom_adjust-the-radiator-temperature_GT.json | combined_quantile_adaptive | Outcome: SAFE               | Leaves:   6094 | Clr: 140.039 mm | t_trial: 11.631 s

[PLANNED RESTART] Trial count 3536: Triggering planned restart 442...
[PLANNED RESTART] Terminating existing move_group process...
[PLANNED RESTART COMPLETE] New PID: 975800 | Ready in 11.502 s | Initial RSS: 168.25 MB
[3537/3720] 13bathroom_adjust-the-radiator-temperature_GT.json | combined_quantile_adaptive | Outcome: SAFE               | Leaves:   6094 | Clr: 140.234 mm | t_trial: 12.904 s
[3538/3720] 13bathroom_adjust-the-radiator-temperature_GT.json | affordance_inherit         | Outcome: SAFE               | Leaves:   6094 | Clr: 137.305 mm | t_trial: 12.254 s
[3539/3720] 13bathroom_adjust-the-radiator-temperature_GT.json | affordance_inherit         | Outcome: SAFE               | Leaves:   6094 | Clr: 139.844 mm | t_trial: 12.215 s
[3540/3720] 13bathroom_adjust-the-radiator-temperature_GT.json | affordance_inherit         | Outcome: SAFE               | Leaves:   6094 | Clr: 138.867 mm | t_trial: 11.706 s
[3541/3720] 13bathroom_adjust-the-radiator-temperature_GT.json | label_inherit              | Outcome: SAFE               | Leaves:   6094 | Clr: 143.555 mm | t_trial: 11.745 s
[3542/3720] 13bathroom_adjust-the-radiator-temperature_GT.json | label_inherit              | Outcome: SAFE               | Leaves:   6094 | Clr: 139.648 mm | t_trial: 11.351 s
[3543/3720] 13bathroom_adjust-the-radiator-temperature_GT.json | label_inherit              | Outcome: SAFE               | Leaves:   6094 | Clr: 138.477 mm | t_trial: 11.116 s
[3544/3720] 13bathroom_adjust-the-radiator-temperature_GT.json | label_only                 | Outcome: SAFE               | Leaves:   6019 | Clr: 140.430 mm | t_trial: 11.829 s

[PLANNED RESTART] Trial count 3544: Triggering planned restart 443...
[PLANNED RESTART] Terminating existing move_group process...
[PLANNED RESTART COMPLETE] New PID: 977761 | Ready in 11.477 s | Initial RSS: 168.51 MB
[3545/3720] 13bathroom_adjust-the-radiator-temperature_GT.json | label_only                 | Outcome: SAFE               | Leaves:   6019 | Clr: 139.062 mm | t_trial: 12.916 s
[3546/3720] 13bathroom_adjust-the-radiator-temperature_GT.json | label_only                 | Outcome: SAFE               | Leaves:   6019 | Clr: 135.156 mm | t_trial: 12.696 s
[3547/3720] 13bathroom_adjust-the-radiator-temperature_GT.json | combined_inherit           | Outcome: SAFE               | Leaves:   6094 | Clr: 141.992 mm | t_trial: 12.232 s
[3548/3720] 13bathroom_adjust-the-radiator-temperature_GT.json | combined_inherit           | Outcome: SAFE               | Leaves:   6094 | Clr: 140.039 mm | t_trial: 11.639 s
[3549/3720] 13bathroom_adjust-the-radiator-temperature_GT.json | combined_inherit           | Outcome: SAFE               | Leaves:   6094 | Clr: 138.281 mm | t_trial: 11.668 s
[3550/3720] 13bathroom_adjust-the-radiator-temperature_GT.json | information_bottleneck     | Outcome: SAFE               | Leaves:   6094 | Clr: 138.086 mm | t_trial: 11.912 s
[3551/3720] 13bathroom_adjust-the-radiator-temperature_GT.json | information_bottleneck     | Outcome: SAFE               | Leaves:   6094 | Clr: 140.234 mm | t_trial: 11.062 s
[3552/3720] 13bathroom_adjust-the-radiator-temperature_GT.json | information_bottleneck     | Outcome: SAFE               | Leaves:   6094 | Clr: 139.062 mm | t_trial: 12.145 s

[PLANNED RESTART] Trial count 3552: Triggering planned restart 444...
[PLANNED RESTART] Terminating existing move_group process...
[PLANNED RESTART COMPLETE] New PID: 979746 | Ready in 11.474 s | Initial RSS: 168.50 MB
[3553/3720] 13bathroom_open-the-bathroom-vanity_GT.json | identity                   | Outcome: SAFE               | Leaves:  67523 | Clr: 193.750 mm | t_trial: 13.333 s
[3554/3720] 13bathroom_open-the-bathroom-vanity_GT.json | identity                   | Outcome: SAFE               | Leaves:  67523 | Clr: 194.727 mm | t_trial: 12.640 s
[3555/3720] 13bathroom_open-the-bathroom-vanity_GT.json | identity                   | Outcome: SAFE               | Leaves:  67523 | Clr: 194.336 mm | t_trial: 12.615 s
[3556/3720] 13bathroom_open-the-bathroom-vanity_GT.json | label_radius               | Outcome: SAFE               | Leaves:   9277 | Clr: 194.922 mm | t_trial: 11.924 s
[3557/3720] 13bathroom_open-the-bathroom-vanity_GT.json | label_radius               | Outcome: SAFE               | Leaves:   9277 | Clr: 194.531 mm | t_trial: 11.850 s
[3558/3720] 13bathroom_open-the-bathroom-vanity_GT.json | label_radius               | Outcome: SAFE               | Leaves:   9277 | Clr: 193.945 mm | t_trial: 11.548 s
[3559/3720] 13bathroom_open-the-bathroom-vanity_GT.json | combined_quantile_adaptive | Outcome: SAFE               | Leaves:   7562 | Clr: 194.141 mm | t_trial: 11.849 s
[3560/3720] 13bathroom_open-the-bathroom-vanity_GT.json | combined_quantile_adaptive | Outcome: SAFE               | Leaves:   7562 | Clr: 194.922 mm | t_trial: 11.582 s

[PLANNED RESTART] Trial count 3560: Triggering planned restart 445...
[PLANNED RESTART] Terminating existing move_group process...
[PLANNED RESTART COMPLETE] New PID: 981755 | Ready in 11.509 s | Initial RSS: 168.59 MB
[3561/3720] 13bathroom_open-the-bathroom-vanity_GT.json | combined_quantile_adaptive | Outcome: SAFE               | Leaves:   7562 | Clr: 195.117 mm | t_trial: 13.460 s
[3562/3720] 13bathroom_open-the-bathroom-vanity_GT.json | affordance_inherit         | Outcome: SAFE               | Leaves:   7562 | Clr: 196.484 mm | t_trial: 12.868 s
[3563/3720] 13bathroom_open-the-bathroom-vanity_GT.json | affordance_inherit         | Outcome: SAFE               | Leaves:   7562 | Clr: 192.578 mm | t_trial: 11.889 s
[3564/3720] 13bathroom_open-the-bathroom-vanity_GT.json | affordance_inherit         | Outcome: SAFE               | Leaves:   7562 | Clr: 191.992 mm | t_trial: 11.883 s
[3565/3720] 13bathroom_open-the-bathroom-vanity_GT.json | label_inherit              | Outcome: SAFE               | Leaves:   9017 | Clr: 194.727 mm | t_trial: 11.884 s
[3566/3720] 13bathroom_open-the-bathroom-vanity_GT.json | label_inherit              | Outcome: SAFE               | Leaves:   9017 | Clr: 195.703 mm | t_trial: 12.064 s
[3567/3720] 13bathroom_open-the-bathroom-vanity_GT.json | label_inherit              | Outcome: SAFE               | Leaves:   9017 | Clr: 194.922 mm | t_trial: 11.845 s
[3568/3720] 13bathroom_open-the-bathroom-vanity_GT.json | label_only                 | Outcome: SAFE               | Leaves:   8795 | Clr: 195.117 mm | t_trial: 12.345 s

[PLANNED RESTART] Trial count 3568: Triggering planned restart 446...
[PLANNED RESTART] Terminating existing move_group process...
[PLANNED RESTART COMPLETE] New PID: 983752 | Ready in 11.471 s | Initial RSS: 168.25 MB
[3569/3720] 13bathroom_open-the-bathroom-vanity_GT.json | label_only                 | Outcome: SAFE               | Leaves:   8795 | Clr: 193.945 mm | t_trial: 12.864 s
[3570/3720] 13bathroom_open-the-bathroom-vanity_GT.json | label_only                 | Outcome: SAFE               | Leaves:   8795 | Clr: 193.359 mm | t_trial: 12.439 s
[3571/3720] 13bathroom_open-the-bathroom-vanity_GT.json | combined_inherit           | Outcome: SAFE               | Leaves:   9017 | Clr: 196.680 mm | t_trial: 12.654 s
[3572/3720] 13bathroom_open-the-bathroom-vanity_GT.json | combined_inherit           | Outcome: SAFE               | Leaves:   9017 | Clr: 194.336 mm | t_trial: 11.871 s
[3573/3720] 13bathroom_open-the-bathroom-vanity_GT.json | combined_inherit           | Outcome: SAFE               | Leaves:   9017 | Clr: 197.461 mm | t_trial: 11.837 s
[3574/3720] 13bathroom_open-the-bathroom-vanity_GT.json | information_bottleneck     | Outcome: SAFE               | Leaves:   8839 | Clr: 192.969 mm | t_trial: 12.158 s
[3575/3720] 13bathroom_open-the-bathroom-vanity_GT.json | information_bottleneck     | Outcome: SAFE               | Leaves:   8839 | Clr: 195.703 mm | t_trial: 11.263 s
[3576/3720] 13bathroom_open-the-bathroom-vanity_GT.json | information_bottleneck     | Outcome: SAFE               | Leaves:   8839 | Clr: 194.531 mm | t_trial: 12.026 s

[PLANNED RESTART] Trial count 3576: Triggering planned restart 447...
[PLANNED RESTART] Terminating existing move_group process...
[PLANNED RESTART COMPLETE] New PID: 985754 | Ready in 11.472 s | Initial RSS: 168.50 MB
[3577/3720] 13bathroom_open-the-door_GT.json    | identity                   | Outcome: SAFE               | Leaves:  67523 | Clr: 151.563 mm | t_trial: 13.695 s
[3578/3720] 13bathroom_open-the-door_GT.json    | identity                   | Outcome: SAFE               | Leaves:  67523 | Clr: 151.172 mm | t_trial: 12.715 s
[3579/3720] 13bathroom_open-the-door_GT.json    | identity                   | Outcome: SAFE               | Leaves:  67523 | Clr: 149.609 mm | t_trial: 12.364 s
[3580/3720] 13bathroom_open-the-door_GT.json    | label_radius               | Outcome: SAFE               | Leaves:  18080 | Clr: 150.977 mm | t_trial: 11.277 s
[3581/3720] 13bathroom_open-the-door_GT.json    | label_radius               | Outcome: SAFE               | Leaves:  18080 | Clr: 152.539 mm | t_trial: 11.150 s
[3582/3720] 13bathroom_open-the-door_GT.json    | label_radius               | Outcome: SAFE               | Leaves:  18080 | Clr: 151.172 mm | t_trial: 11.845 s
[3583/3720] 13bathroom_open-the-door_GT.json    | combined_quantile_adaptive | Outcome: SAFE               | Leaves:  17873 | Clr: 152.539 mm | t_trial: 11.660 s
[3584/3720] 13bathroom_open-the-door_GT.json    | combined_quantile_adaptive | Outcome: SAFE               | Leaves:  17873 | Clr: 152.930 mm | t_trial: 12.458 s

[PLANNED RESTART] Trial count 3584: Triggering planned restart 448...
[PLANNED RESTART] Terminating existing move_group process...
[PLANNED RESTART COMPLETE] New PID: 987739 | Ready in 11.502 s | Initial RSS: 168.96 MB
[3585/3720] 13bathroom_open-the-door_GT.json    | combined_quantile_adaptive | Outcome: SAFE               | Leaves:  17873 | Clr: 148.438 mm | t_trial: 12.985 s
[3586/3720] 13bathroom_open-the-door_GT.json    | affordance_inherit         | Outcome: SAFE               | Leaves:   2101 | Clr: 149.805 mm | t_trial: 12.205 s
[3587/3720] 13bathroom_open-the-door_GT.json    | affordance_inherit         | Outcome: SAFE               | Leaves:   2101 | Clr: 150.391 mm | t_trial: 12.115 s
[3588/3720] 13bathroom_open-the-door_GT.json    | affordance_inherit         | Outcome: SAFE               | Leaves:   2101 | Clr: 153.125 mm | t_trial: 11.179 s
[3589/3720] 13bathroom_open-the-door_GT.json    | label_inherit              | Outcome: SAFE               | Leaves:  17873 | Clr: 149.609 mm | t_trial: 11.729 s
[3590/3720] 13bathroom_open-the-door_GT.json    | label_inherit              | Outcome: SAFE               | Leaves:  17873 | Clr: 151.953 mm | t_trial: 11.786 s
[3591/3720] 13bathroom_open-the-door_GT.json    | label_inherit              | Outcome: SAFE               | Leaves:  17873 | Clr: 150.977 mm | t_trial: 11.640 s
[3592/3720] 13bathroom_open-the-door_GT.json    | label_only                 | Outcome: SAFE               | Leaves:  17844 | Clr: 151.563 mm | t_trial: 12.263 s

[PLANNED RESTART] Trial count 3592: Triggering planned restart 449...
[PLANNED RESTART] Terminating existing move_group process...
[PLANNED RESTART COMPLETE] New PID: 989734 | Ready in 11.508 s | Initial RSS: 168.69 MB
[3593/3720] 13bathroom_open-the-door_GT.json    | label_only                 | Outcome: SAFE               | Leaves:  17844 | Clr: 151.758 mm | t_trial: 13.016 s
[3594/3720] 13bathroom_open-the-door_GT.json    | label_only                 | Outcome: SAFE               | Leaves:  17844 | Clr: 151.563 mm | t_trial: 12.345 s
[3595/3720] 13bathroom_open-the-door_GT.json    | combined_inherit           | Outcome: SAFE               | Leaves:  19974 | Clr: 149.805 mm | t_trial: 12.161 s
[3596/3720] 13bathroom_open-the-door_GT.json    | combined_inherit           | Outcome: SAFE               | Leaves:  19974 | Clr: 153.711 mm | t_trial: 11.777 s
[3597/3720] 13bathroom_open-the-door_GT.json    | combined_inherit           | Outcome: SAFE               | Leaves:  19974 | Clr: 150.781 mm | t_trial: 11.675 s
[3598/3720] 13bathroom_open-the-door_GT.json    | information_bottleneck     | Outcome: SAFE               | Leaves:  27752 | Clr: 152.930 mm | t_trial: 11.890 s
[3599/3720] 13bathroom_open-the-door_GT.json    | information_bottleneck     | Outcome: SAFE               | Leaves:  27752 | Clr: 150.586 mm | t_trial: 11.670 s
[3600/3720] 13bathroom_open-the-door_GT.json    | information_bottleneck     | Outcome: SAFE               | Leaves:  27752 | Clr: 152.148 mm | t_trial: 12.278 s

[PLANNED RESTART] Trial count 3600: Triggering planned restart 450...
[PLANNED RESTART] Terminating existing move_group process...
[PLANNED RESTART COMPLETE] New PID: 991726 | Ready in 11.506 s | Initial RSS: 168.59 MB
[3601/3720] 13bathroom_open-the-trashcan_GT.json | identity                   | Outcome: BELIEF_PLAN_FAILED | Leaves:  67523 | Clr: N/A       | t_trial: 0.292 s
[3602/3720] 13bathroom_open-the-trashcan_GT.json | identity                   | Outcome: BELIEF_PLAN_FAILED | Leaves:  67523 | Clr: N/A       | t_trial: 0.257 s
[3603/3720] 13bathroom_open-the-trashcan_GT.json | identity                   | Outcome: BELIEF_PLAN_FAILED | Leaves:  67523 | Clr: N/A       | t_trial: 0.270 s
[3604/3720] 13bathroom_open-the-trashcan_GT.json | label_radius               | Outcome: BELIEF_PLAN_FAILED | Leaves:   2101 | Clr: N/A       | t_trial: 0.068 s
[3605/3720] 13bathroom_open-the-trashcan_GT.json | label_radius               | Outcome: BELIEF_PLAN_FAILED | Leaves:   2101 | Clr: N/A       | t_trial: 0.069 s
[3606/3720] 13bathroom_open-the-trashcan_GT.json | label_radius               | Outcome: BELIEF_PLAN_FAILED | Leaves:   2101 | Clr: N/A       | t_trial: 0.068 s
[3607/3720] 13bathroom_open-the-trashcan_GT.json | combined_quantile_adaptive | Outcome: BELIEF_PLAN_FAILED | Leaves:   2101 | Clr: N/A       | t_trial: 0.060 s
[3608/3720] 13bathroom_open-the-trashcan_GT.json | combined_quantile_adaptive | Outcome: BELIEF_PLAN_FAILED | Leaves:   2101 | Clr: N/A       | t_trial: 0.069 s

[PLANNED RESTART] Trial count 3608: Triggering planned restart 451...
[PLANNED RESTART] Terminating existing move_group process...
[PLANNED RESTART COMPLETE] New PID: 992050 | Ready in 11.560 s | Initial RSS: 168.61 MB
[3609/3720] 13bathroom_open-the-trashcan_GT.json | combined_quantile_adaptive | Outcome: BELIEF_PLAN_FAILED | Leaves:   2101 | Clr: N/A       | t_trial: 0.062 s
[3610/3720] 13bathroom_open-the-trashcan_GT.json | affordance_inherit         | Outcome: BELIEF_PLAN_FAILED | Leaves:   3398 | Clr: N/A       | t_trial: 0.031 s
[3611/3720] 13bathroom_open-the-trashcan_GT.json | affordance_inherit         | Outcome: BELIEF_PLAN_FAILED | Leaves:   3398 | Clr: N/A       | t_trial: 0.025 s
[3612/3720] 13bathroom_open-the-trashcan_GT.json | affordance_inherit         | Outcome: BELIEF_PLAN_FAILED | Leaves:   3398 | Clr: N/A       | t_trial: 0.040 s
[3613/3720] 13bathroom_open-the-trashcan_GT.json | label_inherit              | Outcome: BELIEF_PLAN_FAILED | Leaves:   2101 | Clr: N/A       | t_trial: 0.056 s
[3614/3720] 13bathroom_open-the-trashcan_GT.json | label_inherit              | Outcome: BELIEF_PLAN_FAILED | Leaves:   2101 | Clr: N/A       | t_trial: 0.065 s
[3615/3720] 13bathroom_open-the-trashcan_GT.json | label_inherit              | Outcome: BELIEF_PLAN_FAILED | Leaves:   2101 | Clr: N/A       | t_trial: 0.065 s
[3616/3720] 13bathroom_open-the-trashcan_GT.json | label_only                 | Outcome: BELIEF_PLAN_FAILED | Leaves:   2055 | Clr: N/A       | t_trial: 0.065 s

[PLANNED RESTART] Trial count 3616: Triggering planned restart 452...
[PLANNED RESTART] Terminating existing move_group process...
[PLANNED RESTART COMPLETE] New PID: 992359 | Ready in 10.995 s | Initial RSS: 168.27 MB
[3617/3720] 13bathroom_open-the-trashcan_GT.json | label_only                 | Outcome: BELIEF_PLAN_FAILED | Leaves:   2055 | Clr: N/A       | t_trial: 0.070 s
[3618/3720] 13bathroom_open-the-trashcan_GT.json | label_only                 | Outcome: BELIEF_PLAN_FAILED | Leaves:   2055 | Clr: N/A       | t_trial: 0.066 s
[3619/3720] 13bathroom_open-the-trashcan_GT.json | combined_inherit           | Outcome: BELIEF_PLAN_FAILED | Leaves:   2101 | Clr: N/A       | t_trial: 0.067 s
[3620/3720] 13bathroom_open-the-trashcan_GT.json | combined_inherit           | Outcome: BELIEF_PLAN_FAILED | Leaves:   2101 | Clr: N/A       | t_trial: 0.066 s
[3621/3720] 13bathroom_open-the-trashcan_GT.json | combined_inherit           | Outcome: BELIEF_PLAN_FAILED | Leaves:   2101 | Clr: N/A       | t_trial: 0.067 s
[3622/3720] 13bathroom_open-the-trashcan_GT.json | information_bottleneck     | Outcome: BELIEF_PLAN_FAILED | Leaves:   2101 | Clr: N/A       | t_trial: 0.065 s
[3623/3720] 13bathroom_open-the-trashcan_GT.json | information_bottleneck     | Outcome: BELIEF_PLAN_FAILED | Leaves:   2101 | Clr: N/A       | t_trial: 0.055 s
[3624/3720] 13bathroom_open-the-trashcan_GT.json | information_bottleneck     | Outcome: BELIEF_PLAN_FAILED | Leaves:   2101 | Clr: N/A       | t_trial: 0.075 s

[PLANNED RESTART] Trial count 3624: Triggering planned restart 453...
[PLANNED RESTART] Terminating existing move_group process...
[PLANNED RESTART COMPLETE] New PID: 992666 | Ready in 11.472 s | Initial RSS: 168.48 MB
[3625/3720] 13bathroom_i-need-to-get-my-toiletries_GT.json | identity                   | Outcome: SAFE               | Leaves:  67523 | Clr: 194.336 mm | t_trial: 13.122 s
[3626/3720] 13bathroom_i-need-to-get-my-toiletries_GT.json | identity                   | Outcome: SAFE               | Leaves:  67523 | Clr: 193.750 mm | t_trial: 12.489 s
[3627/3720] 13bathroom_i-need-to-get-my-toiletries_GT.json | identity                   | Outcome: SAFE               | Leaves:  67523 | Clr: 194.336 mm | t_trial: 12.657 s
[3628/3720] 13bathroom_i-need-to-get-my-toiletries_GT.json | label_radius               | Outcome: SAFE               | Leaves:  23880 | Clr: 195.312 mm | t_trial: 11.998 s
[3629/3720] 13bathroom_i-need-to-get-my-toiletries_GT.json | label_radius               | Outcome: SAFE               | Leaves:  23880 | Clr: 192.188 mm | t_trial: 11.848 s
[3630/3720] 13bathroom_i-need-to-get-my-toiletries_GT.json | label_radius               | Outcome: SAFE               | Leaves:  23880 | Clr: 194.727 mm | t_trial: 12.159 s
[3631/3720] 13bathroom_i-need-to-get-my-toiletries_GT.json | combined_quantile_adaptive | Outcome: SAFE               | Leaves:   3398 | Clr: 194.727 mm | t_trial: 11.820 s
[3632/3720] 13bathroom_i-need-to-get-my-toiletries_GT.json | combined_quantile_adaptive | Outcome: SAFE               | Leaves:   3398 | Clr: 196.875 mm | t_trial: 11.516 s

[PLANNED RESTART] Trial count 3632: Triggering planned restart 454...
[PLANNED RESTART] Terminating existing move_group process...
[PLANNED RESTART COMPLETE] New PID: 994663 | Ready in 11.496 s | Initial RSS: 168.38 MB
[3633/3720] 13bathroom_i-need-to-get-my-toiletries_GT.json | combined_quantile_adaptive | Outcome: SAFE               | Leaves:   3398 | Clr: 194.922 mm | t_trial: 13.265 s
[3634/3720] 13bathroom_i-need-to-get-my-toiletries_GT.json | affordance_inherit         | Outcome: SAFE               | Leaves:   3398 | Clr: 192.773 mm | t_trial: 12.035 s
[3635/3720] 13bathroom_i-need-to-get-my-toiletries_GT.json | affordance_inherit         | Outcome: SAFE               | Leaves:   3398 | Clr: 192.773 mm | t_trial: 12.314 s
[3636/3720] 13bathroom_i-need-to-get-my-toiletries_GT.json | affordance_inherit         | Outcome: SAFE               | Leaves:   3398 | Clr: 195.898 mm | t_trial: 11.906 s
[3637/3720] 13bathroom_i-need-to-get-my-toiletries_GT.json | label_inherit              | Outcome: SAFE               | Leaves:   3398 | Clr: 196.484 mm | t_trial: 11.934 s
[3638/3720] 13bathroom_i-need-to-get-my-toiletries_GT.json | label_inherit              | Outcome: SAFE               | Leaves:   3398 | Clr: 193.945 mm | t_trial: 12.017 s
[3639/3720] 13bathroom_i-need-to-get-my-toiletries_GT.json | label_inherit              | Outcome: SAFE               | Leaves:   3398 | Clr: 195.312 mm | t_trial: 11.846 s
[3640/3720] 13bathroom_i-need-to-get-my-toiletries_GT.json | label_only                 | Outcome: SAFE               | Leaves:   3138 | Clr: 193.555 mm | t_trial: 11.583 s

[PLANNED RESTART] Trial count 3640: Triggering planned restart 455...
[PLANNED RESTART] Terminating existing move_group process...
[PLANNED RESTART COMPLETE] New PID: 996675 | Ready in 11.461 s | Initial RSS: 168.80 MB
[3641/3720] 13bathroom_i-need-to-get-my-toiletries_GT.json | label_only                 | Outcome: SAFE               | Leaves:   3138 | Clr: 192.578 mm | t_trial: 13.224 s
[3642/3720] 13bathroom_i-need-to-get-my-toiletries_GT.json | label_only                 | Outcome: SAFE               | Leaves:   3138 | Clr: 194.531 mm | t_trial: 12.690 s
[3643/3720] 13bathroom_i-need-to-get-my-toiletries_GT.json | combined_inherit           | Outcome: SAFE               | Leaves:   3398 | Clr: 195.508 mm | t_trial: 12.381 s
[3644/3720] 13bathroom_i-need-to-get-my-toiletries_GT.json | combined_inherit           | Outcome: SAFE               | Leaves:   3398 | Clr: 193.750 mm | t_trial: 11.835 s
[3645/3720] 13bathroom_i-need-to-get-my-toiletries_GT.json | combined_inherit           | Outcome: SAFE               | Leaves:   3398 | Clr: 194.141 mm | t_trial: 11.991 s
[3646/3720] 13bathroom_i-need-to-get-my-toiletries_GT.json | information_bottleneck     | Outcome: SAFE               | Leaves:  12193 | Clr: 193.359 mm | t_trial: 11.963 s
[3647/3720] 13bathroom_i-need-to-get-my-toiletries_GT.json | information_bottleneck     | Outcome: SAFE               | Leaves:  12193 | Clr: 192.578 mm | t_trial: 11.896 s
[3648/3720] 13bathroom_i-need-to-get-my-toiletries_GT.json | information_bottleneck     | Outcome: SAFE               | Leaves:  12193 | Clr: 196.094 mm | t_trial: 11.781 s

[PLANNED RESTART] Trial count 3648: Triggering planned restart 456...
[PLANNED RESTART] Terminating existing move_group process...
[PLANNED RESTART COMPLETE] New PID: 998685 | Ready in 11.474 s | Initial RSS: 168.44 MB
[3649/3720] 13bathroom_i-need-to-throw-away-trash_GT.json | identity                   | Outcome: BELIEF_PLAN_FAILED | Leaves:  67523 | Clr: N/A       | t_trial: 0.310 s
[3650/3720] 13bathroom_i-need-to-throw-away-trash_GT.json | identity                   | Outcome: BELIEF_PLAN_FAILED | Leaves:  67523 | Clr: N/A       | t_trial: 0.278 s
[3651/3720] 13bathroom_i-need-to-throw-away-trash_GT.json | identity                   | Outcome: BELIEF_PLAN_FAILED | Leaves:  67523 | Clr: N/A       | t_trial: 0.271 s
[3652/3720] 13bathroom_i-need-to-throw-away-trash_GT.json | label_radius               | Outcome: BELIEF_PLAN_FAILED | Leaves:   2101 | Clr: N/A       | t_trial: 0.058 s
[3653/3720] 13bathroom_i-need-to-throw-away-trash_GT.json | label_radius               | Outcome: BELIEF_PLAN_FAILED | Leaves:   2101 | Clr: N/A       | t_trial: 0.070 s
[3654/3720] 13bathroom_i-need-to-throw-away-trash_GT.json | label_radius               | Outcome: BELIEF_PLAN_FAILED | Leaves:   2101 | Clr: N/A       | t_trial: 0.059 s
[3655/3720] 13bathroom_i-need-to-throw-away-trash_GT.json | combined_quantile_adaptive | Outcome: BELIEF_PLAN_FAILED | Leaves:   2101 | Clr: N/A       | t_trial: 0.068 s
[3656/3720] 13bathroom_i-need-to-throw-away-trash_GT.json | combined_quantile_adaptive | Outcome: BELIEF_PLAN_FAILED | Leaves:   2101 | Clr: N/A       | t_trial: 0.067 s

[PLANNED RESTART] Trial count 3656: Triggering planned restart 457...
[PLANNED RESTART] Terminating existing move_group process...
[PLANNED RESTART COMPLETE] New PID: 998995 | Ready in 11.540 s | Initial RSS: 168.18 MB
[3657/3720] 13bathroom_i-need-to-throw-away-trash_GT.json | combined_quantile_adaptive | Outcome: BELIEF_PLAN_FAILED | Leaves:   2101 | Clr: N/A       | t_trial: 0.060 s
[3658/3720] 13bathroom_i-need-to-throw-away-trash_GT.json | affordance_inherit         | Outcome: UNSAFE_COLLISION   | Leaves:   3398 | Clr: N/A       | t_trial: 0.256 s
[3659/3720] 13bathroom_i-need-to-throw-away-trash_GT.json | affordance_inherit         | Outcome: UNSAFE_COLLISION   | Leaves:   3398 | Clr: N/A       | t_trial: 0.075 s
[3660/3720] 13bathroom_i-need-to-throw-away-trash_GT.json | affordance_inherit         | Outcome: UNSAFE_COLLISION   | Leaves:   3398 | Clr: N/A       | t_trial: 0.075 s
[3661/3720] 13bathroom_i-need-to-throw-away-trash_GT.json | label_inherit              | Outcome: BELIEF_PLAN_FAILED | Leaves:   2101 | Clr: N/A       | t_trial: 0.065 s
[3662/3720] 13bathroom_i-need-to-throw-away-trash_GT.json | label_inherit              | Outcome: BELIEF_PLAN_FAILED | Leaves:   2101 | Clr: N/A       | t_trial: 0.056 s
[3663/3720] 13bathroom_i-need-to-throw-away-trash_GT.json | label_inherit              | Outcome: BELIEF_PLAN_FAILED | Leaves:   2101 | Clr: N/A       | t_trial: 0.070 s
[3664/3720] 13bathroom_i-need-to-throw-away-trash_GT.json | label_only                 | Outcome: BELIEF_PLAN_FAILED | Leaves:   2055 | Clr: N/A       | t_trial: 0.069 s

[PLANNED RESTART] Trial count 3664: Triggering planned restart 458...
[PLANNED RESTART] Terminating existing move_group process...
[PLANNED RESTART COMPLETE] New PID: 999309 | Ready in 10.971 s | Initial RSS: 168.53 MB
[3665/3720] 13bathroom_i-need-to-throw-away-trash_GT.json | label_only                 | Outcome: BELIEF_PLAN_FAILED | Leaves:   2055 | Clr: N/A       | t_trial: 0.070 s
[3666/3720] 13bathroom_i-need-to-throw-away-trash_GT.json | label_only                 | Outcome: BELIEF_PLAN_FAILED | Leaves:   2055 | Clr: N/A       | t_trial: 0.066 s
[3667/3720] 13bathroom_i-need-to-throw-away-trash_GT.json | combined_inherit           | Outcome: BELIEF_PLAN_FAILED | Leaves:   2101 | Clr: N/A       | t_trial: 0.066 s
[3668/3720] 13bathroom_i-need-to-throw-away-trash_GT.json | combined_inherit           | Outcome: BELIEF_PLAN_FAILED | Leaves:   2101 | Clr: N/A       | t_trial: 0.056 s
[3669/3720] 13bathroom_i-need-to-throw-away-trash_GT.json | combined_inherit           | Outcome: BELIEF_PLAN_FAILED | Leaves:   2101 | Clr: N/A       | t_trial: 0.065 s
[3670/3720] 13bathroom_i-need-to-throw-away-trash_GT.json | information_bottleneck     | Outcome: BELIEF_PLAN_FAILED | Leaves:   2101 | Clr: N/A       | t_trial: 0.066 s
[3671/3720] 13bathroom_i-need-to-throw-away-trash_GT.json | information_bottleneck     | Outcome: BELIEF_PLAN_FAILED | Leaves:   2101 | Clr: N/A       | t_trial: 0.066 s
[3672/3720] 13bathroom_i-need-to-throw-away-trash_GT.json | information_bottleneck     | Outcome: BELIEF_PLAN_FAILED | Leaves:   2101 | Clr: N/A       | t_trial: 0.055 s

[PLANNED RESTART] Trial count 3672: Triggering planned restart 459...
[PLANNED RESTART] Terminating existing move_group process...
[PLANNED RESTART COMPLETE] New PID: 999626 | Ready in 11.463 s | Initial RSS: 168.62 MB
[3673/3720] 13bathroom_its-too-cold-in-here_GT.json | identity                   | Outcome: SAFE               | Leaves:  67523 | Clr: 141.406 mm | t_trial: 12.909 s
[3674/3720] 13bathroom_its-too-cold-in-here_GT.json | identity                   | Outcome: SAFE               | Leaves:  67523 | Clr: 137.891 mm | t_trial: 11.767 s
[3675/3720] 13bathroom_its-too-cold-in-here_GT.json | identity                   | Outcome: SAFE               | Leaves:  67523 | Clr: 142.188 mm | t_trial: 12.369 s
[3676/3720] 13bathroom_its-too-cold-in-here_GT.json | label_radius               | Outcome: SAFE               | Leaves:   6331 | Clr: 137.500 mm | t_trial: 11.734 s
[3677/3720] 13bathroom_its-too-cold-in-here_GT.json | label_radius               | Outcome: SAFE               | Leaves:   6331 | Clr: 141.406 mm | t_trial: 11.724 s
[3678/3720] 13bathroom_its-too-cold-in-here_GT.json | label_radius               | Outcome: SAFE               | Leaves:   6331 | Clr: 143.359 mm | t_trial: 11.846 s
[3679/3720] 13bathroom_its-too-cold-in-here_GT.json | combined_quantile_adaptive | Outcome: SAFE               | Leaves:   6094 | Clr: 140.820 mm | t_trial: 11.667 s
[3680/3720] 13bathroom_its-too-cold-in-here_GT.json | combined_quantile_adaptive | Outcome: SAFE               | Leaves:   6094 | Clr: 137.695 mm | t_trial: 11.848 s

[PLANNED RESTART] Trial count 3680: Triggering planned restart 460...
[PLANNED RESTART] Terminating existing move_group process...
[PLANNED RESTART COMPLETE] New PID: 1001587 | Ready in 11.483 s | Initial RSS: 167.99 MB
[3681/3720] 13bathroom_its-too-cold-in-here_GT.json | combined_quantile_adaptive | Outcome: SAFE               | Leaves:   6094 | Clr: 141.211 mm | t_trial: 13.223 s
[3682/3720] 13bathroom_its-too-cold-in-here_GT.json | affordance_inherit         | Outcome: SAFE               | Leaves:   6094 | Clr: 140.430 mm | t_trial: 12.293 s
[3683/3720] 13bathroom_its-too-cold-in-here_GT.json | affordance_inherit         | Outcome: SAFE               | Leaves:   6094 | Clr: 138.281 mm | t_trial: 11.633 s
[3684/3720] 13bathroom_its-too-cold-in-here_GT.json | affordance_inherit         | Outcome: SAFE               | Leaves:   6094 | Clr: 138.867 mm | t_trial: 11.690 s
[3685/3720] 13bathroom_its-too-cold-in-here_GT.json | label_inherit              | Outcome: SAFE               | Leaves:   6094 | Clr: 138.281 mm | t_trial: 11.124 s
[3686/3720] 13bathroom_its-too-cold-in-here_GT.json | label_inherit              | Outcome: SAFE               | Leaves:   6094 | Clr: 137.695 mm | t_trial: 11.778 s
[3687/3720] 13bathroom_its-too-cold-in-here_GT.json | label_inherit              | Outcome: SAFE               | Leaves:   6094 | Clr: 134.570 mm | t_trial: 11.109 s
[3688/3720] 13bathroom_its-too-cold-in-here_GT.json | label_only                 | Outcome: SAFE               | Leaves:   6019 | Clr: 136.133 mm | t_trial: 11.891 s

[PLANNED RESTART] Trial count 3688: Triggering planned restart 461...
[PLANNED RESTART] Terminating existing move_group process...
[PLANNED RESTART COMPLETE] New PID: 1003556 | Ready in 11.493 s | Initial RSS: 168.52 MB
[3689/3720] 13bathroom_its-too-cold-in-here_GT.json | label_only                 | Outcome: SAFE               | Leaves:   6019 | Clr: 140.430 mm | t_trial: 12.777 s
[3690/3720] 13bathroom_its-too-cold-in-here_GT.json | label_only                 | Outcome: SAFE               | Leaves:   6019 | Clr: 140.625 mm | t_trial: 12.654 s
[3691/3720] 13bathroom_its-too-cold-in-here_GT.json | combined_inherit           | Outcome: SAFE               | Leaves:   6094 | Clr: 142.383 mm | t_trial: 11.858 s
[3692/3720] 13bathroom_its-too-cold-in-here_GT.json | combined_inherit           | Outcome: SAFE               | Leaves:   6094 | Clr: 139.648 mm | t_trial: 11.677 s
[3693/3720] 13bathroom_its-too-cold-in-here_GT.json | combined_inherit           | Outcome: SAFE               | Leaves:   6094 | Clr: 139.062 mm | t_trial: 11.272 s
[3694/3720] 13bathroom_its-too-cold-in-here_GT.json | information_bottleneck     | Outcome: SAFE               | Leaves:   6019 | Clr: 142.188 mm | t_trial: 11.914 s
[3695/3720] 13bathroom_its-too-cold-in-here_GT.json | information_bottleneck     | Outcome: SAFE               | Leaves:   6019 | Clr: 138.672 mm | t_trial: 11.699 s
[3696/3720] 13bathroom_its-too-cold-in-here_GT.json | information_bottleneck     | Outcome: SAFE               | Leaves:   6019 | Clr: 138.867 mm | t_trial: 11.589 s

[PLANNED RESTART] Trial count 3696: Triggering planned restart 462...
[PLANNED RESTART] Terminating existing move_group process...
[PLANNED RESTART COMPLETE] New PID: 1005532 | Ready in 11.474 s | Initial RSS: 168.10 MB
[3697/3720] 13bathroom_someone-is-knocking-at-the-door_GT.json | identity                   | Outcome: SAFE               | Leaves:  67523 | Clr: 152.539 mm | t_trial: 13.570 s
[3698/3720] 13bathroom_someone-is-knocking-at-the-door_GT.json | identity                   | Outcome: SAFE               | Leaves:  67523 | Clr: 149.414 mm | t_trial: 12.294 s
[3699/3720] 13bathroom_someone-is-knocking-at-the-door_GT.json | identity                   | Outcome: SAFE               | Leaves:  67523 | Clr: 150.977 mm | t_trial: 12.290 s
[3700/3720] 13bathroom_someone-is-knocking-at-the-door_GT.json | label_radius               | Outcome: SAFE               | Leaves:  18080 | Clr: 150.586 mm | t_trial: 11.771 s
[3701/3720] 13bathroom_someone-is-knocking-at-the-door_GT.json | label_radius               | Outcome: SAFE               | Leaves:  18080 | Clr: 151.563 mm | t_trial: 11.040 s
[3702/3720] 13bathroom_someone-is-knocking-at-the-door_GT.json | label_radius               | Outcome: SAFE               | Leaves:  18080 | Clr: 150.586 mm | t_trial: 11.437 s
[3703/3720] 13bathroom_someone-is-knocking-at-the-door_GT.json | combined_quantile_adaptive | Outcome: SAFE               | Leaves:  17873 | Clr: 152.539 mm | t_trial: 11.773 s
[3704/3720] 13bathroom_someone-is-knocking-at-the-door_GT.json | combined_quantile_adaptive | Outcome: SAFE               | Leaves:  17873 | Clr: 150.391 mm | t_trial: 12.571 s

[PLANNED RESTART] Trial count 3704: Triggering planned restart 463...
[PLANNED RESTART] Terminating existing move_group process...
[PLANNED RESTART COMPLETE] New PID: 1007535 | Ready in 11.501 s | Initial RSS: 168.67 MB
[3705/3720] 13bathroom_someone-is-knocking-at-the-door_GT.json | combined_quantile_adaptive | Outcome: SAFE               | Leaves:  17873 | Clr: 149.023 mm | t_trial: 12.768 s
[3706/3720] 13bathroom_someone-is-knocking-at-the-door_GT.json | affordance_inherit         | Outcome: SAFE               | Leaves:   2101 | Clr: 150.391 mm | t_trial: 12.447 s
[3707/3720] 13bathroom_someone-is-knocking-at-the-door_GT.json | affordance_inherit         | Outcome: SAFE               | Leaves:   2101 | Clr: 151.953 mm | t_trial: 11.700 s
[3708/3720] 13bathroom_someone-is-knocking-at-the-door_GT.json | affordance_inherit         | Outcome: SAFE               | Leaves:   2101 | Clr: 150.195 mm | t_trial: 11.125 s
[3709/3720] 13bathroom_someone-is-knocking-at-the-door_GT.json | label_inherit              | Outcome: SAFE               | Leaves:  17873 | Clr: 151.563 mm | t_trial: 11.238 s
[3710/3720] 13bathroom_someone-is-knocking-at-the-door_GT.json | label_inherit              | Outcome: SAFE               | Leaves:  17873 | Clr: 150.195 mm | t_trial: 11.744 s
[3711/3720] 13bathroom_someone-is-knocking-at-the-door_GT.json | label_inherit              | Outcome: SAFE               | Leaves:  17873 | Clr: 152.148 mm | t_trial: 11.658 s
[3712/3720] 13bathroom_someone-is-knocking-at-the-door_GT.json | label_only                 | Outcome: SAFE               | Leaves:  17844 | Clr: 150.195 mm | t_trial: 11.439 s

[PLANNED RESTART] Trial count 3712: Triggering planned restart 464...
[PLANNED RESTART] Terminating existing move_group process...
[PLANNED RESTART COMPLETE] New PID: 1009454 | Ready in 11.481 s | Initial RSS: 168.89 MB
[3713/3720] 13bathroom_someone-is-knocking-at-the-door_GT.json | label_only                 | Outcome: SAFE               | Leaves:  17844 | Clr: 150.195 mm | t_trial: 13.211 s
[3714/3720] 13bathroom_someone-is-knocking-at-the-door_GT.json | label_only                 | Outcome: SAFE               | Leaves:  17844 | Clr: 150.586 mm | t_trial: 12.282 s
[3715/3720] 13bathroom_someone-is-knocking-at-the-door_GT.json | combined_inherit           | Outcome: SAFE               | Leaves:  17873 | Clr: 150.000 mm | t_trial: 12.147 s
[3716/3720] 13bathroom_someone-is-knocking-at-the-door_GT.json | combined_inherit           | Outcome: SAFE               | Leaves:  17873 | Clr: 148.047 mm | t_trial: 11.197 s
[3717/3720] 13bathroom_someone-is-knocking-at-the-door_GT.json | combined_inherit           | Outcome: SAFE               | Leaves:  17873 | Clr: 151.563 mm | t_trial: 11.684 s
[3718/3720] 13bathroom_someone-is-knocking-at-the-door_GT.json | information_bottleneck     | Outcome: SAFE               | Leaves:  17873 | Clr: 150.000 mm | t_trial: 11.819 s
[3719/3720] 13bathroom_someone-is-knocking-at-the-door_GT.json | information_bottleneck     | Outcome: SAFE               | Leaves:  17873 | Clr: 150.977 mm | t_trial: 11.681 s
[3720/3720] 13bathroom_someone-is-knocking-at-the-door_GT.json | information_bottleneck     | Outcome: SAFE               | Leaves:  17873 | Clr: 152.344 mm | t_trial: 11.953 s

================================================================================
=== BATCH COMPLETE: 3720 trials executed in 47890.60 s (798.18 min) ===
=== Output written to: planning/trackB_phaseZ_batch_results.jsonl ===
================================================================================
